ascat_1,ascat_2,ascat_3,date,nic_1,nic_2,nic_3,size_1,size_2
0,0,0,2017244,-67.25,-60.8,1,6,3
0,0,0,2017245,-67.2524,-60.8,0,0,0
0,0,0,2017246,-67.2548,-60.8,0,0,0
0,0,0,2017247,-67.2572,-60.8,0,0,0
0,0,0,2017248,-67.2596,-60.8,0,0,0
0,0,0,2017249,-67.2619,-60.8,0,0,0
-67.23,-60.5,1,2017250,-67.2643,-60.8,0,0,0
-67.23,-60.5,1,2017251,-67.2667,-60.8,1,6,3
-67.23,-60.5,1,2017252,-67.2694,-60.7944,0,0,0
-67.23,-60.5,1,2017253,-67.2724,-60.7796,0,0,0
-67.23,-60.5,1,2017254,-67.2756,-60.7583,0,0,0
-67.23,-60.5,1,2017255,-67.2785,-60.7335,0,0,0
-67.23,-60.5,0,2017256,-67.281,-60.7081,0,0,0
-67.23,-60.5,0,2017257,-67.2827,-60.6849,0,0,0
-67.23,-60.5,0,2017258,-67.2833,-60.6667,1,6,3
-67.23,-60.5,0,2017259,-67.2796,-60.653,0,0,0
-67.23,-60.5,0,2017260,-67.2701,-60.6409,0,0,0
-67.23,-60.5,0,2017261,-67.2571,-60.6297,0,0,0
-67.23,-60.5,1,2017262,-67.2429,-60.619,0,0,0
-67.23,-60.5,1,2017263,-67.2299,-60.608,0,0,0
-67.23,-60.5,1,2017264,-67.2204,-60.5963,0,0,0
-67.23,-60.5,1,2017265,-67.2167,-60.5833,1,6,3
-67.23,-60.5,1,2017266,-67.2176,-60.5666,0,0,0
-67.23,-60.5,1,2017267,-67.22,-60.546,0,0,0
-67.2655,-60.5963,0,2017268,-67.2232,-60.5238,0,0,0
-67.359,-60.8502,0,2017269,-67.2268,-60.5024,0,0,0
0,0,0,2017270,-67.23,-60.4841,0,0,0
0,0,0,2017271,-67.2324,-60.4715,0,0,0
0,0,0,2017272,-67.2333,-60.4667,1,6,3
0,0,0,2017273,-67.2296,-60.4702,0,0,0
0,0,0,2017274,-67.2201,-60.4796,0,0,0
-68.0559,-62.7414,1,2017275,-67.2071,-60.4929,0,0,0
0,0,1,2017276,-67.1929,-60.5085,0,0,0
-67.1597,-60.5716,1,2017277,-67.1799,-60.5244,0,0,0
-67.1145,-60.5924,1,2017278,-67.1704,-60.5388,0,0,0
-67.1145,-60.5924,1,2017279,-67.1667,-60.55,1,6,3
-67.1145,-60.5924,1,2017280,-67.1685,-60.5593,0,0,0
-67.1145,-60.5924,1,2017281,-67.1733,-60.569,0,0,0
-67.1145,-60.5924,1,2017282,-67.1798,-60.5784,0,0,0
-67.1145,-60.5924,0,2017283,-67.1869,-60.5869,0,0,0
-67.1145,-60.5924,0,2017284,-67.1934,-60.5937,0,0,0
-67.1145,-60.5924,1,2017285,-67.1982,-60.5983,0,0,0
-67.1168,-60.5891,0,2017286,-67.2,-60.6,1,6,3
-67.1227,-60.5806,0,2017287,-67.2,-60.6,0,0,0
-67.1308,-60.569,0,2017288,-67.2,-60.6,0,0,0
-67.1397,-60.5563,0,2017289,-67.2,-60.6,0,0,0
-67.1478,-60.5446,1,2017290,-67.2,-60.6,0,0,0
-67.1556,-60.5334,1,2017291,-67.2,-60.6,0,0,0
-67.1607,-60.526,0,2017292,-67.2,-60.6,0,0,0
-67.1632,-60.5225,1,2017293,-67.2,-60.6,1,6,3
-67.1632,-60.5225,1,2017294,-67.2009,-60.6018,0,0,0
-67.1632,-60.5225,1,2017295,-67.2033,-60.6066,0,0,0
-67.1632,-60.5225,1,2017296,-67.2066,-60.6131,0,0,0
-67.1632,-60.5225,1,2017297,-67.2101,-60.6202,0,0,0
-67.1632,-60.5225,1,2017298,-67.2134,-60.6267,0,0,0
-67.1632,-60.5225,1,2017299,-67.2158,-60.6315,0,0,0
-67.1632,-60.5225,1,2017300,-67.2167,-60.6333,1,6,3
-67.1632,-60.5225,1,2017301,-67.2158,-60.6324,0,0,0
-67.1632,-60.5225,1,2017302,-67.2134,-60.63,0,0,0
-67.1632,-60.5225,0,2017303,-67.2101,-60.6268,0,0,0
-67.1632,-60.5225,0,2017304,-67.2066,-60.6232,0,0,0
-67.1632,-60.5225,0,2017305,-67.2033,-60.62,0,0,0
-67.1632,-60.5225,1,2017306,-67.2009,-60.6176,0,0,0
-67.1618,-60.5221,0,2017307,-67.2,-60.6167,1,6,3
-67.1583,-60.5212,0,2017308,-67.2,-60.6167,0,0,0
-67.1536,-60.52,0,2017309,-67.2,-60.6167,0,0,0
-67.1488,-60.5187,1,2017310,-67.2,-60.6167,0,0,0
-67.1431,-60.5171,1,2017311,-67.2,-60.6167,0,0,0
-67.1376,-60.5157,1,2017312,-67.2,-60.6167,0,0,0
-67.133,-60.5145,0,2017313,-67.2,-60.6167,0,0,0
-67.1299,-60.5136,1,2017314,-67.2,-60.6167,1,6,3
-67.1287,-60.5133,1,2017315,-67.1989,-60.6135,0,0,0
-67.1287,-60.5133,1,2017316,-67.196,-60.605,0,0,0
-67.1287,-60.5133,0,2017317,-67.1916,-60.5933,0,0,0
-67.1287,-60.5133,1,2017318,-67.186,-60.58,0,0,0
-67.1287,-60.5133,1,2017319,-67.1798,-60.5671,0,0,0
-67.1287,-60.5133,1,2017320,-67.1732,-60.5565,0,0,0
-67.1287,-60.5133,1,2017321,-67.1667,-60.55,1,6,3
-67.1287,-60.5133,1,2017322,-67.1596,-60.5468,0,0,0
-67.1287,-60.5133,1,2017323,-67.1513,-60.5446,0,0,0
-67.1287,-60.5133,1,2017324,-67.142,-60.543,0,0,0
-67.1287,-60.5133,1,2017325,-67.132,-60.5415,0,0,0
-67.1287,-60.5133,1,2017326,-67.1214,-60.5396,0,0,0
-67.1287,-60.5133,1,2017327,-67.1107,-60.5371,0,0,0
-67.1287,-60.5133,1,2017328,-67.1,-60.5333,1,6,3
-67.1287,-60.5133,1,2017329,-67.0887,-60.5204,0,0,0
-67.1287,-60.5133,1,2017330,-67.0764,-60.4929,0,0,0
-67.1287,-60.5133,1,2017331,-67.0636,-60.4547,0,0,0
-67.1287,-60.5133,0,2017332,-67.0507,-60.4093,0,0,0
-67.1287,-60.5133,1,2017333,-67.0383,-60.3604,0,0,0
-67.0198,-60.1698,1,2017334,-67.0268,-60.3116,0,0,0
-67.0198,-60.1698,1,2017335,-67.0167,-60.2667,1,6,3
-67.0198,-60.1698,1,2017336,0,0,0,0,0
-67.0198,-60.1698,1,2017337,0,0,0,0,0
-67.0328,-60.1549,0,2017338,0,0,0,0,0
-67.0458,-60.14,1,2017339,0,0,0,0,0
-67.0458,-60.14,1,2017340,0,0,0,0,0
-67.0458,-60.14,1,2017341,0,0,0,0,0
-67.0432,-60.1438,0,2017342,0,0,0,0,0
-67.0376,-60.152,0,2017343,0,0,0,0,0
-67.032,-60.1603,0,2017344,0,0,0,0,0
-67.0294,-60.164,1,2017345,0,0,0,0,0
-67.0294,-60.164,1,2017346,0,0,0,0,0
-67.0294,-60.164,1,2017347,0,0,0,0,0
-66.9056,-59.6653,1,2017348,0,0,0,0,0
0,0,1,2017349,-66.9167,-59.6,1,6,3
0,0,1,2017350,-66.9167,-59.6028,0,0,0
0,0,1,2017351,-66.9167,-59.6099,0,0,0
0,0,0,2017352,-66.9167,-59.6197,0,0,0
0,0,0,2017353,-66.9167,-59.6303,0,0,0
0,0,0,2017354,-66.9167,-59.6401,0,0,0
0,0,0,2017355,-66.9167,-59.6472,0,0,0
0,0,0,2017356,-66.9167,-59.65,1,6,3
0,0,0,2017357,-66.9167,-59.65,0,0,0
0,0,0,2017358,-66.9167,-59.65,0,0,0
-66.8546,-59.6783,1,2017359,-66.9167,-59.65,0,0,0
-66.8546,-59.6783,1,2017360,-66.9167,-59.65,0,0,0
-66.8546,-59.6783,1,2017361,-66.9167,-59.65,0,0,0
-66.8546,-59.6783,1,2017362,-66.9167,-59.65,0,0,0
0,0,1,2017363,-66.9167,-59.65,1,6,3
0,0,1,2017364,-66.9167,-59.65,0,0,0
-67.0598,-59.3882,1,2017365,-66.9167,-59.65,0,0,0
-67.0644,-59.4576,0,2018001,-66.9167,-59.65,0,0,0
-67.0651,-59.4678,1,2018002,-66.9167,-59.65,0,0,0
-67.0651,-59.4678,1,2018003,-66.9167,-59.65,0,0,0
-67.0651,-59.4678,1,2018004,-66.9167,-59.65,0,0,0
-66.8714,-59.8323,1,2018005,-66.9167,-59.65,1,6,3
-66.8714,-59.8323,1,2018006,-66.9263,-59.6482,0,0,0
-67.0651,-59.4678,1,2018007,-66.9513,-59.6434,0,0,0
-67.0651,-59.4678,1,2018008,-66.9856,-59.6369,0,0,0
-67.0651,-59.4678,1,2018009,-67.0236,-59.6298,0,0,0
-67.0651,-59.4678,1,2018010,-67.0592,-59.6233,0,0,0
-67.0651,-59.4678,1,2018011,-67.0866,-59.6185,0,0,0
-67.0651,-59.4678,1,2018012,-67.1,-59.6167,1,6,3
-67.0651,-59.4678,1,2018013,-67.1041,-59.6213,0,0,0
-67.0651,-59.4678,1,2018014,-67.1078,-59.6335,0,0,0
-67.0651,-59.4678,1,2018015,-67.1109,-59.6513,0,0,0
-67.0651,-59.4678,1,2018016,-67.1133,-59.6723,0,0,0
-67.0651,-59.4678,0,2018017,-67.1152,-59.6945,0,0,0
-67.0651,-59.4678,1,2018018,-67.1163,-59.7155,0,0,0
0,0,0,2018019,-67.1167,-59.7333,1,6,3
0,0,0,2018020,-67.1157,-59.7501,0,0,0
0,0,0,2018021,-67.113,-59.7688,0,0,0
0,0,0,2018022,-67.1088,-59.7877,0,0,0
0,0,0,2018023,-67.1035,-59.8052,0,0,0
0,0,1,2018024,-67.0972,-59.8198,0,0,0
0,0,0,2018025,-67.0904,-59.8296,0,0,0
-67.0607,-59.8384,1,2018026,-67.0833,-59.8333,1,6,3
-67.0607,-59.8384,1,2018027,-67.0734,-59.8333,0,0,0
-67.0607,-59.8384,1,2018028,-67.0591,-59.8333,0,0,0
-67.0607,-59.8384,1,2018029,-67.0422,-59.8333,0,0,0
-67.0607,-59.8384,1,2018030,-67.0244,-59.8333,0,0,0
-67.0219,-59.8448,0,2018031,-67.0075,-59.8333,0,0,0
-66.9532,-59.8512,1,2018032,-66.9932,-59.8333,0,0,0
-66.8761,-59.8084,0,2018033,-66.9833,-59.8333,1,6,3
-66.7842,-59.7143,0,2018034,-66.9762,-59.8312,0,0,0
-66.7072,-59.6203,0,2018035,-66.9694,-59.8253,0,0,0
-66.6749,-59.5775,1,2018036,-66.9632,-59.8164,0,0,0
-66.6749,-59.5775,0,2018037,-66.9579,-59.8053,0,0,0
-66.6749,-59.5775,1,2018038,-66.9537,-59.7929,0,0,0
-66.6749,-59.5775,1,2018039,-66.951,-59.7797,0,0,0
-66.9273,-59.7132,1,2018040,-66.95,-59.7667,1,6,3
-66.9273,-59.7132,1,2018041,-66.9509,-59.75,0,0,0
-66.9273,-59.7132,1,2018042,-66.9533,-59.7273,0,0,0
-66.6749,-59.5775,1,2018043,-66.9566,-59.7018,0,0,0
-66.6749,-59.5775,1,2018044,-66.9601,-59.6765,0,0,0
-66.6749,-59.5775,1,2018045,-66.9634,-59.6546,0,0,0
-66.6523,-59.5604,1,2018046,-66.9658,-59.6391,0,0,0
-66.6523,-59.5604,1,2018047,-66.9667,-59.6333,1,6,3
-66.6523,-59.5604,1,2018048,-66.9667,-59.6333,0,0,0
-66.6523,-59.5604,1,2018049,-66.9667,-59.6333,0,0,0
-66.6523,-59.5604,1,2018050,-66.9667,-59.6333,0,0,0
-66.6523,-59.5604,1,2018051,-66.9667,-59.6333,0,0,0
-66.6757,-59.6139,1,2018052,-66.9667,-59.6333,0,0,0
-66.6757,-59.6139,0,2018053,-66.9667,-59.6333,0,0,0
-66.6757,-59.6139,1,2018054,-66.9667,-59.6333,1,6,3
-66.6757,-59.6139,1,2018055,-66.9652,-59.635,0,0,0
-66.6757,-59.6139,1,2018056,-66.9614,-59.6396,0,0,0
-66.6836,-59.7187,0,2018057,-66.9559,-59.6464,0,0,0
-66.6914,-59.8234,1,2018058,-66.9495,-59.6549,0,0,0
-66.6914,-59.8234,0,2018059,-66.9432,-59.6643,0,0,0
-66.6914,-59.8234,1,2018060,-66.9375,-59.674,0,0,0
-66.6914,-59.8234,0,2018061,-66.9333,-59.6833,1,6,3
-66.6914,-59.8234,0,2018062,-66.9301,-59.6945,0,0,0
-66.6914,-59.8234,0,2018063,-66.9268,-59.7089,0,0,0
-66.6914,-59.8234,1,2018064,-66.9237,-59.7249,0,0,0
-66.6914,-59.8234,0,2018065,-66.9209,-59.7404,0,0,0
-66.6914,-59.8234,1,2018066,-66.9187,-59.7538,0,0,0
-66.6914,-59.8234,0,2018067,-66.9172,-59.7632,0,0,0
-66.6914,-59.8234,1,2018068,-66.9167,-59.7667,1,6,3
-66.6914,-59.8234,1,2018069,-66.9176,-59.7667,0,0,0
-66.6914,-59.8234,1,2018070,-66.92,-59.7667,0,0,0
-66.6914,-59.8234,0,2018071,-66.9232,-59.7667,0,0,0
-66.6914,-59.8234,1,2018072,-66.9268,-59.7667,0,0,0
-66.6914,-59.8234,0,2018073,-66.93,-59.7667,0,0,0
-66.6914,-59.8234,1,2018074,-66.9324,-59.7667,0,0,0
-66.6914,-59.8234,1,2018075,-66.9333,-59.7667,1,6,3
-66.6914,-59.8234,0,2018076,-66.9333,-59.7667,0,0,0
-66.6914,-59.8234,0,2018077,-66.9333,-59.7667,0,0,0
-66.6914,-59.8234,1,2018078,-66.9333,-59.7667,0,0,0
-66.6914,-59.8234,1,2018079,-66.9333,-59.7667,0,0,0
-66.6914,-59.8234,1,2018080,-66.9333,-59.7667,0,0,0
-66.6914,-59.8234,1,2018081,-66.9333,-59.7667,0,0,0
-66.6914,-59.8234,1,2018082,-66.9333,-59.7667,1,6,3
-66.6914,-59.8234,1,2018083,-66.9352,-59.7667,0,0,0
-66.6914,-59.8234,1,2018084,-66.9399,-59.7667,0,0,0
-66.6914,-59.8234,1,2018085,-66.9464,-59.7667,0,0,0
-66.6914,-59.8234,1,2018086,-66.9536,-59.7667,0,0,0
-66.6914,-59.8234,1,2018087,-66.9601,-59.7667,0,0,0
-66.6914,-59.8234,0,2018088,-66.9648,-59.7667,0,0,0
-66.6914,-59.8234,1,2018089,-66.9667,-59.7667,1,6,3
-66.6914,-59.8234,1,2018090,-66.9667,-59.7667,0,0,0
-66.6914,-59.8234,1,2018091,-66.9667,-59.7667,0,0,0
-66.6914,-59.8234,1,2018092,-66.9667,-59.7667,0,0,0
-66.6914,-59.8234,1,2018093,-66.9667,-59.7667,0,0,0
-66.6914,-59.8234,1,2018094,-66.9667,-59.7667,0,0,0
-66.6914,-59.8234,1,2018095,-66.9667,-59.7667,0,0,0
-66.6914,-59.8234,1,2018096,-66.9667,-59.7667,1,6,3
-66.6914,-59.8234,0,2018097,-66.9667,-59.7639,0,0,0
-66.6914,-59.8234,1,2018098,-66.9667,-59.7568,0,0,0
-66.6914,-59.8234,1,2018099,-66.9667,-59.747,0,0,0
-66.6914,-59.8234,1,2018100,-66.9667,-59.7364,0,0,0
-66.6914,-59.8234,0,2018101,-66.9667,-59.7266,0,0,0
-66.6914,-59.8234,1,2018102,-66.9667,-59.7195,0,0,0
-66.6914,-59.8234,0,2018103,-66.9667,-59.7167,1,7,3
-66.6914,-59.8234,1,2018104,-66.9676,-59.7185,0,0,0
-66.6914,-59.8234,0,2018105,-66.97,-59.7233,0,0,0
-66.6914,-59.8234,0,2018106,-66.9732,-59.7298,0,0,0
-66.6914,-59.8234,0,2018107,-66.9768,-59.7369,0,0,0
-66.6914,-59.8234,1,2018108,-66.98,-59.7434,0,0,0
-66.6914,-59.8234,0,2018109,-66.9824,-59.7482,0,0,0
-66.6914,-59.8234,1,2018110,-66.9833,-59.75,1,7,3
-66.6984,-59.811,0,2018111,-66.9833,-59.7484,0,0,0
-66.7133,-59.7848,1,2018112,-66.9833,-59.744,0,0,0
-66.7373,-59.7425,1,2018113,-66.9833,-59.7373,0,0,0
-66.767,-59.6902,1,2018114,-66.9833,-59.729,0,0,0
-66.8003,-59.6315,0,2018115,-66.9833,-59.7196,0,0,0
-66.8342,-59.5717,1,2018116,-66.9833,-59.7098,0,0,0
-66.8684,-59.5114,0,2018117,-66.9833,-59.7,1,7,3
-66.8969,-59.4612,1,2018118,-66.9808,-59.6897,0,0,0
-66.9182,-59.4237,0,2018119,-66.974,-59.6777,0,0,0
-66.9356,-59.393,0,2018120,-66.9641,-59.6644,0,0,0
-66.9428,-59.3803,1,2018121,-66.9522,-59.6499,0,0,0
-66.9428,-59.3803,1,2018122,-66.9396,-59.6342,0,0,0
-66.9428,-59.3803,0,2018123,-66.9274,-59.6175,0,0,0
-66.9428,-59.3803,1,2018124,-66.9167,-59.6,1,7,3
-66.9428,-59.3803,1,2018125,-66.9073,-59.579,0,0,0
-66.9428,-59.3803,1,2018126,-66.8981,-59.5532,0,0,0
-66.9428,-59.3803,1,2018127,-66.8889,-59.525,0,0,0
-66.9428,-59.3803,1,2018128,-66.8796,-59.4966,0,0,0
-66.9428,-59.3803,1,2018129,-66.8701,-59.4703,0,0,0
-66.9428,-59.3803,1,2018130,-66.8603,-59.4484,0,0,0
-66.9428,-59.3803,1,2018131,-66.85,-59.4333,1,7,3
-66.8713,-59.4232,1,2018132,-66.8387,-59.4225,0,0,0
-66.8713,-59.4232,1,2018133,-66.8263,-59.4122,0,0,0
-66.8713,-59.4232,0,2018134,-66.8134,-59.4029,0,0,0
-66.8713,-59.4232,1,2018135,-66.8005,-59.3949,0,0,0
-66.8713,-59.4232,1,2018136,-66.788,-59.3887,0,0,0
-66.7532,-59.4578,1,2018137,-66.7766,-59.3847,0,0,0
-66.7532,-59.4578,1,2018138,-66.7667,-59.3833,1,7,3
-66.7532,-59.4578,1,2018139,-66.7587,-59.3833,0,0,0
-66.7532,-59.4578,1,2018140,-66.7522,-59.3833,0,0,0
-66.7532,-59.4578,1,2018141,-66.7463,-59.3833,0,0,0
-66.7532,-59.4578,0,2018142,-66.7406,-59.3833,0,0,0
-66.7532,-59.4578,1,2018143,-66.7342,-59.3833,0,0,0
-66.7532,-59.4578,1,2018144,-66.7265,-59.3833,0,0,0
-66.7532,-59.4578,1,2018145,-66.7167,-59.3833,1,7,3
-66.7532,-59.4578,0,2018146,-66.6999,-59.3902,0,0,0
-66.7532,-59.4578,1,2018147,-66.6742,-59.408,0,0,0
-66.7532,-59.4578,1,2018148,-66.6435,-59.4327,0,0,0
-66.7532,-59.4578,1,2018149,-66.6118,-59.4601,0,0,0
-66.7532,-59.4578,0,2018150,-66.583,-59.4859,0,0,0
-66.7532,-59.4578,1,2018151,-66.5611,-59.5062,0,0,0
-66.7407,-59.4609,0,2018152,-66.55,-59.5167,1,7,3
-66.716,-59.467,1,2018153,-66.5459,-59.5207,0,0,0
-66.6812,-59.4756,0,2018154,-66.5423,-59.5243,0,0,0
-66.634,-59.4871,0,2018155,-66.5392,-59.5274,0,0,0
-66.5868,-59.4987,0,2018156,-66.5367,-59.5299,0,0,0
-66.552,-59.5073,1,2018157,-66.5348,-59.5317,0,0,0
-66.5273,-59.5134,0,2018158,-66.5337,-59.5329,0,0,0
-66.5148,-59.5165,1,2018159,-66.5333,-59.5333,1,7,3
-66.5198,-59.513,0,2018160,-66.5342,-59.5324,0,0,0
-66.5303,-59.5058,1,2018161,-66.5366,-59.53,0,0,0
-66.5461,-59.4949,1,2018162,-66.5399,-59.5268,0,0,0
-66.5642,-59.4823,1,2018163,-66.5434,-59.5232,0,0,0
-66.5829,-59.4693,0,2018164,-66.5467,-59.52,0,0,0
-66.5982,-59.4588,1,2018165,-66.5491,-59.5176,0,0,0
-66.6086,-59.4516,0,2018166,-66.55,-59.5167,1,7,3
-66.6137,-59.4481,1,2018167,-66.55,-59.5167,0,0,0
-66.6137,-59.4481,0,2018168,-66.55,-59.5167,0,0,0
-66.6137,-59.4481,0,2018169,-66.55,-59.5167,0,0,0
-66.6137,-59.4481,0,2018170,-66.55,-59.5167,0,0,0
-66.6137,-59.4481,1,2018171,-66.55,-59.5167,0,0,0
-66.5693,-59.4757,0,2018172,-66.55,-59.5167,0,0,0
-66.5025,-59.5172,1,2018173,-66.55,-59.5167,1,7,3
-66.4636,-59.5414,1,2018174,0,0,0,0,0
-66.4636,-59.5414,1,2018175,0,0,0,0,0
-66.4636,-59.5414,1,2018176,0,0,0,0,0
-66.4636,-59.5414,1,2018177,0,0,0,0,0
-66.488,-59.5951,1,2018178,0,0,0,0,0
-66.488,-59.5951,1,2018179,0,0,0,0,0
-66.488,-59.5951,1,2018180,0,0,0,0,0
-66.488,-59.5951,1,2018181,0,0,0,0,0
-66.488,-59.5951,1,2018182,0,0,0,0,0
-66.488,-59.5951,1,2018183,0,0,0,0,0
-66.4874,-59.591,1,2018184,0,0,0,0,0
-66.4874,-59.591,1,2018185,0,0,0,0,0
-66.4679,-59.6459,1,2018186,0,0,0,0,0
-66.4536,-59.6778,0,2018187,-66.46,-59.57,1,7,3
-66.4403,-59.7074,0,2018188,-66.4477,-59.572,0,0,0
-66.428,-59.734,0,2018189,-66.4307,-59.574,0,0,0
-66.4169,-59.7571,0,2018190,-66.4116,-59.5759,0,0,0
-66.4069,-59.7761,0,2018191,-66.3926,-59.5775,0,0,0
-66.3982,-59.7904,0,2018192,-66.376,-59.5788,0,0,0
-66.3908,-59.7994,0,2018193,-66.3644,-59.5797,0,0,0
-66.3848,-59.8025,1,2018194,-66.36,-59.58,1,7,3
-66.3797,-59.7996,0,2018195,0,0,0,0,0
-66.3751,-59.7898,0,2018196,0,0,0,0,0
-66.3711,-59.7716,0,2018197,0,0,0,0,0
-66.3676,-59.7435,0,2018198,0,0,0,0,0
-66.3649,-59.7038,0,2018199,0,0,0,0,0
-66.3631,-59.6512,1,2018200,0,0,0,0,0
-66.3621,-59.2767,1,2018201,0,0,0,0,0
-66.4732,-59.3581,1,2018202,0,0,0,0,0
-66.48,-58.9564,1,2018203,0,0,0,0,0
-66.48,-58.9564,1,2018204,0,0,0,0,0
-66.5729,-59.005,1,2018205,0,0,0,0,0
-66.5648,-59.1312,1,2018206,0,0,0,0,0
-66.4648,-59.0415,1,2018207,0,0,0,0,0
-66.4426,-59.0495,0,2018208,-66.49,-59.21,1,7,3
-66.4278,-59.0708,0,2018209,-66.4855,-59.1858,0,0,0
-66.4183,-59.1018,0,2018210,-66.4736,-59.1594,0,0,0
-66.4121,-59.1385,0,2018211,-66.4564,-59.1329,0,0,0
-66.4071,-59.177,0,2018212,-66.4363,-59.1086,0,0,0
-66.4014,-59.2137,0,2018213,-66.4153,-59.0886,0,0,0
-66.393,-59.2447,0,2018214,-66.3958,-59.075,0,0,0
-66.3797,-59.266,0,2018215,-66.38,-59.07,1,7,3
-66.3597,-59.274,1,2018216,-66.3658,-59.07,0,0,0
-66.2969,-58.9444,1,2018217,-66.3506,-59.07,0,0,0
-66.3359,-59.1905,1,2018218,-66.3356,-59.07,0,0,0
-66.2843,-58.937,1,2018219,-66.3218,-59.07,0,0,0
-66.2966,-59.1623,1,2018220,-66.3105,-59.07,0,0,0
-66.3086,-59.0913,0,2018221,-66.3028,-59.07,0,0,0
-66.3152,-58.9804,1,2018222,-66.3,-59.07,1,7,3
-66.2689,-58.9076,1,2018223,-66.3022,-59.0703,0,0,0
-66.3331,-59.1391,1,2018224,-66.3079,-59.0711,0,0,0
-66.3302,-59.1383,0,2018225,-66.3157,-59.0724,0,0,0
-66.3222,-59.1362,0,2018226,-66.3243,-59.074,0,0,0
-66.3104,-59.1334,0,2018227,-66.3321,-59.0758,0,0,0
-66.2958,-59.1307,0,2018228,-66.3378,-59.0779,0,0,0
-66.2795,-59.1286,0,2018229,-66.34,-59.08,1,7,3
-66.2628,-59.1278,1,2018230,-66.3357,-59.0832,0,0,0
-66.2372,-59.1288,0,2018231,-66.3231,-59.0881,0,0,0
-66.2025,-59.1311,0,2018232,-66.303,-59.0939,0,0,0
-66.1719,-59.1334,0,2018233,-66.276,-59.0998,0,0,0
-66.1587,-59.1344,1,2018234,-66.2427,-59.1049,0,0,0
-66.1806,-59.1282,1,2018235,-66.2038,-59.1086,0,0,0
-66.1806,-59.1282,1,2018236,-66.16,-59.11,1,7,3
-66.1185,-59.0453,1,2018237,0,0,0,0,0
-66.1185,-59.0453,1,2018238,0,0,0,0,0
-66.0754,-58.9683,1,2018239,0,0,0,0,0
-66.0754,-58.9683,1,2018240,0,0,0,0,0
-65.9908,-58.982,1,2018241,0,0,0,0,0
-65.9908,-58.982,1,2018242,0,0,0,0,0
-65.9493,-58.8835,1,2018243,0,0,0,0,0
-65.9672,-58.6721,1,2018244,0,0,0,0,0
-65.9672,-58.6721,1,2018245,0,0,0,0,0
-65.9672,-58.6721,1,2018246,0,0,0,0,0
-65.877,-58.6813,1,2018247,0,0,0,0,0
-65.877,-58.6813,1,2018248,0,0,0,0,0
-65.9276,-58.7445,1,2018249,0,0,0,0,0
-65.9276,-58.7445,1,2018250,0,0,1,7,3
-65.9956,-58.2764,1,2018251,0,0,0,0,0
-65.9956,-58.2764,1,2018252,0,0,0,0,0
-66.0157,-58.0818,1,2018253,0,0,0,0,0
-66.0157,-58.0818,1,2018254,0,0,0,0,0
-65.9714,-57.9088,1,2018255,0,0,0,0,0
-65.9714,-57.9088,1,2018256,0,0,0,0,0
-65.8456,-57.9632,1,2018257,0,0,1,7,3
-65.8334,-57.8687,1,2018258,0,0,0,0,0
-65.8334,-57.8687,1,2018259,0,0,0,0,0
-65.8507,-57.9814,1,2018260,0,0,0,0,0
-65.8507,-57.9814,1,2018261,0,0,0,0,0
-65.7827,-58.0339,1,2018262,0,0,0,0,0
-65.7827,-58.0339,1,2018263,0,0,0,0,0
-65.8104,-58.0047,1,2018264,0,0,1,7,3
-65.8104,-58.0047,1,2018265,0,0,0,0,0
-65.8104,-58.0047,1,2018266,0,0,0,0,0
-65.8104,-58.0047,1,2018267,0,0,0,0,0
-65.8503,-58.0701,0,2018268,0,0,0,0,0
-65.8901,-58.1355,1,2018269,0,0,0,0,0
-65.8901,-58.1355,1,2018270,0,0,0,0,0
-65.8901,-58.1355,1,2018271,0,0,1,7,3
-65.7972,-58.3299,1,2018272,0,0,0,0,0
-65.7972,-58.3299,1,2018273,0,0,0,0,0
-65.7972,-58.3299,1,2018274,0,0,0,0,0
-65.821,-58.3232,1,2018275,0,0,0,0,0
-65.821,-58.3232,1,2018276,0,0,0,0,0
-65.821,-58.3232,1,2018277,0,0,0,0,0
-65.8489,-58.3467,0,2018278,-65.7833,-58.25,1,7,3
-65.9007,-58.3903,0,2018279,0,0,0,0,0
-65.9286,-58.4138,1,2018280,0,0,0,0,0
-65.8897,-58.3057,1,2018281,0,0,0,0,0
-65.8897,-58.3057,1,2018282,0,0,0,0,0
-65.8541,-58.2184,1,2018283,0,0,0,0,0
-65.7533,-58.369,1,2018284,0,0,0,0,0
-65.7629,-58.3825,1,2018285,0,0,0,0,0
-65.7338,-58.4815,1,2018286,0,0,0,0,0
-65.6704,-58.2994,1,2018287,0,0,0,0,0
-65.6964,-58.3408,1,2018288,0,0,0,0,0
-65.6964,-58.3408,1,2018289,0,0,0,0,0
-65.6964,-58.3408,1,2018290,0,0,0,0,0
-65.6964,-58.3408,1,2018291,0,0,0,0,0
-65.6964,-58.3408,1,2018292,0,0,0,0,0
-65.6603,-58.3127,1,2018293,0,0,0,0,0
-65.6397,-58.2317,1,2018294,0,0,0,0,0
-65.6236,-58.2823,1,2018295,0,0,0,0,0
-65.6236,-58.2823,1,2018296,0,0,0,0,0
-65.6236,-58.2823,1,2018297,0,0,0,0,0
-65.6236,-58.2823,1,2018298,0,0,0,0,0
-65.6236,-58.2823,1,2018299,0,0,1,7,3
-65.6236,-58.2823,1,2018300,0,0,0,0,0
-65.6628,-58.3901,1,2018301,0,0,0,0,0
-65.6628,-58.3901,1,2018302,0,0,0,0,0
-65.6628,-58.3901,1,2018303,0,0,0,0,0
-65.6884,-58.1874,1,2018304,0,0,0,0,0
-65.6732,-58.069,1,2018305,0,0,0,0,0
-65.689,-57.9047,1,2018306,0,0,0,0,0
-65.689,-57.9047,1,2018307,0,0,0,0,0
-65.8151,-57.71,1,2018308,0,0,0,0,0
-66.008,-57.5242,1,2018309,0,0,0,0,0
-66.008,-57.5242,1,2018310,0,0,0,0,0
-65.9505,-57.3884,1,2018311,0,0,0,0,0
-65.8909,-57.4511,1,2018312,0,0,0,0,0
-65.8743,-57.4081,1,2018313,0,0,1,7,3
-65.8743,-57.4081,1,2018314,0,0,0,0,0
-65.8743,-57.4081,1,2018315,0,0,0,0,0
-65.8743,-57.4081,1,2018316,0,0,0,0,0
-65.8743,-57.4081,1,2018317,0,0,0,0,0
-65.8084,-57.3811,1,2018318,0,0,0,0,0
-65.8084,-57.3811,1,2018319,0,0,0,0,0
-65.7214,-57.5991,1,2018320,0,0,0,0,0
-65.6495,-57.7096,1,2018321,0,0,0,0,0
-65.6177,-57.87,1,2018322,0,0,0,0,0
-65.6177,-57.87,0,2018323,0,0,0,0,0
-65.6177,-57.87,0,2018324,0,0,0,0,0
-65.6177,-57.87,1,2018325,0,0,0,0,0
-65.4768,-57.9458,1,2018326,0,0,0,0,0
-65.5121,-57.9462,1,2018327,0,0,1,7,3
-65.4795,-58.2165,1,2018328,0,0,0,0,0
-65.5434,-58.2613,1,2018329,0,0,0,0,0
-65.5417,-58.3758,1,2018330,0,0,0,0,0
-65.5417,-58.3758,1,2018331,0,0,0,0,0
-65.5417,-58.3758,1,2018332,0,0,0,0,0
-65.5417,-58.3758,1,2018333,0,0,0,0,0
-65.6624,-58.2819,1,2018334,0,0,1,7,3
-65.7243,-58.549,1,2018335,0,0,0,0,0
-65.5927,-58.3881,1,2018336,0,0,0,0,0
-65.5927,-58.3881,1,2018337,0,0,0,0,0
-65.6409,-58.562,1,2018338,0,0,0,0,0
-65.5541,-58.3341,1,2018339,0,0,0,0,0
-65.6057,-58.2261,1,2018340,0,0,0,0,0
-65.7329,-58.1726,1,2018341,0,0,0,0,0
-65.6521,-58.2963,1,2018342,0,0,0,0,0
-65.5163,-58.2779,1,2018343,0,0,0,0,0
-65.5163,-58.2779,1,2018344,0,0,0,0,0
-65.5163,-58.2779,1,2018345,0,0,0,0,0
-65.5986,-58.539,1,2018346,0,0,0,0,0
-65.7303,-58.6798,1,2018347,0,0,0,0,0
-65.803,-58.6234,0,2018348,-65.6167,-58.7333,1,7,3
-65.8361,-58.5281,1,2018349,0,0,0,0,0
-65.7389,-58.4484,1,2018350,0,0,0,0,0
-65.5459,-58.4015,1,2018351,0,0,0,0,0
-65.4069,-58.4664,1,2018352,0,0,0,0,0
-65.4069,-58.4664,1,2018353,0,0,0,0,0
-65.4239,-58.2756,1,2018354,0,0,0,0,0
-65.4624,-58.2161,1,2018355,0,0,1,7,3
-65.6946,-58.3392,1,2018356,0,0,0,0,0
-65.6879,-58.5205,1,2018357,0,0,0,0,0
-65.7758,-58.7244,1,2018358,0,0,0,0,0
-65.7558,-58.7295,1,2018359,0,0,0,0,0
-65.7558,-58.7295,1,2018360,0,0,0,0,0
-65.7558,-58.7295,1,2018361,0,0,0,0,0
-65.7558,-58.7295,1,2018362,0,0,1,7,3
-65.8539,-58.8066,1,2018363,0,0,0,0,0
-65.8539,-58.8066,1,2018364,0,0,0,0,0
-65.9255,-59.2317,1,2018365,0,0,0,0,0
-65.9255,-59.2317,0,2019001,0,0,0,0,0
-65.9255,-59.2317,0,2019002,0,0,0,0,0
-65.9255,-59.2317,1,2019003,0,0,0,0,0
-65.9047,-59.1884,0,2019004,-65.15,-57.9667,1,7,3
-65.849,-59.073,0,2019005,-65.1459,-57.9786,0,0,0
-65.7681,-58.9072,0,2019006,-65.1351,-57.9869,0,0,0
-65.6719,-58.7127,0,2019007,-65.1201,-57.9929,0,0,0
-65.5703,-58.5112,0,2019008,-65.1034,-57.9976,0,0,0
-65.473,-58.3246,0,2019009,-65.0873,-58.0023,0,0,0
-65.3899,-58.1745,0,2019010,-65.0742,-58.0083,0,0,0
-65.3309,-58.0826,1,2019011,-65.0667,-58.0167,1,7,3
-65.2957,-58.0418,1,2019012,-65.0631,-58.0273,0,0,0
0,0,0,2019013,-65.0603,-58.0394,0,0,0
0,0,1,2019014,-65.058,-58.0533,0,0,0
0,0,1,2019015,-65.056,-58.0693,0,0,0
0,0,1,2019016,-65.0541,-58.0877,0,0,0
0,0,1,2019017,-65.0522,-58.1089,0,0,0
0,0,1,2019018,-65.05,-58.1333,1,7,3
0,0,1,2019019,-65.0478,-58.1692,0,0,0
0,0,1,2019020,-65.0458,-58.2215,0,0,0
0,0,0,2019021,-65.0439,-58.285,0,0,0
0,0,0,2019022,-65.0419,-58.3548,0,0,0
-65.1064,-58.1014,1,2019023,-65.0395,-58.4256,0,0,0
-65.1033,-58.2026,0,2019024,-65.0367,-58.4923,0,0,0
-65.0945,-58.2709,0,2019025,-65.0333,-58.55,1,7,3
-65.0809,-58.3156,0,2019026,-65.0268,-58.6003,0,0,0
-65.0635,-58.3461,0,2019027,-65.0162,-58.6484,0,0,0
-65.043,-58.3718,0,2019028,-65.0034,-58.6946,0,0,0
-65.0204,-58.4018,0,2019029,-64.9901,-58.7393,0,0,0
-64.9965,-58.4457,0,2019030,-64.9783,-58.7827,0,0,0
-64.9722,-58.5127,1,2019031,-64.9699,-58.8251,0,0,0
-64.9395,-58.6376,1,2019032,-64.9667,-58.8667,1,7,3
0,0,0,2019033,-64.9695,-58.9072,0,0,0
0,0,1,2019034,-64.9766,-58.9462,0,0,0
0,0,1,2019035,-64.9864,-58.9842,0,0,0
0,0,1,2019036,-64.997,-59.0214,0,0,0
0,0,1,2019037,-65.0068,-59.0585,0,0,0
0,0,1,2019038,-65.0139,-59.0956,0,0,0
0,0,1,2019039,-65.0167,-59.1333,1,7,3
-65.0627,-59.0864,1,2019040,-65.015,-59.1725,0,0,0
-65.0627,-59.0864,1,2019041,-65.0104,-59.2131,0,0,0
-65.0116,-59.0757,0,2019042,-65.0036,-59.2541,0,0,0
-64.9604,-59.065,1,2019043,-64.9951,-59.2943,0,0,0
-64.9615,-59.0815,0,2019044,-64.9857,-59.3328,0,0,0
-64.9643,-59.1261,0,2019045,-64.976,-59.3684,0,0,0
-64.9675,-59.1913,0,2019046,-64.9667,-59.4,1,7,3
-64.9703,-59.2697,0,2019047,-64.9555,-59.4308,0,0,0
-64.9714,-59.354,1,2019048,-64.9411,-59.463,0,0,0
-64.8808,-59.4744,1,2019049,-64.9251,-59.4943,0,0,0
-64.567,-59.2052,1,2019050,-64.9096,-59.5226,0,0,0
-64.567,-59.2052,1,2019051,-64.8962,-59.5456,0,0,0
-64.567,-59.2052,1,2019052,0,0,0,0,0
-64.567,-59.2052,1,2019053,-64.8833,-59.5667,1,7,3
-64.8523,-59.5096,1,2019054,0,0,0,0,0
-64.5587,-59.3216,1,2019055,0,0,0,0,0
-64.5587,-59.3216,1,2019056,0,0,0,0,0
-64.8423,-59.8779,1,2019057,0,0,0,0,0
-64.5587,-59.3216,1,2019058,0,0,0,0,0
-64.5587,-59.3216,1,2019059,0,0,0,0,0
-64.5587,-59.3216,1,2019060,-64.8833,-59.5667,1,7,3
-64.5587,-59.3216,1,2019061,0,0,0,0,0
-64.5587,-59.3216,1,2019062,0,0,0,0,0
-64.5587,-59.3216,1,2019063,0,0,0,0,0
-64.5587,-59.3216,1,2019064,0,0,0,0,0
-64.5587,-59.3216,1,2019065,0,0,0,0,0
-64.5587,-59.3216,1,2019066,0,0,0,0,0
-64.4238,-59.4555,1,2019067,-64.75,-59.7,1,7,3
-64.4238,-59.4555,1,2019068,0,0,0,0,0
-64.4238,-59.4555,1,2019069,0,0,0,0,0
-64.4238,-59.4555,1,2019070,0,0,0,0,0
-64.4238,-59.4555,1,2019071,0,0,0,0,0
-64.4238,-59.4555,1,2019072,0,0,0,0,0
-64.4238,-59.4555,1,2019073,0,0,0,0,0
-64.4238,-59.4555,1,2019074,-64.7333,-59.7167,1,7,3
-64.4238,-59.4555,1,2019075,0,0,0,0,0
-64.4238,-59.4555,1,2019076,0,0,0,0,0
-64.4238,-59.4555,1,2019077,0,0,0,0,0
-64.4238,-59.4555,1,2019078,0,0,0,0,0
-64.4238,-59.4555,1,2019079,0,0,0,0,0
-64.4691,-59.4151,1,2019080,0,0,0,0,0
-64.4691,-59.4151,1,2019081,-64.7167,-59.6667,1,7,3
-64.4691,-59.4151,1,2019082,0,0,0,0,0
-64.4691,-59.4151,1,2019083,0,0,0,0,0
-64.7314,-59.6774,1,2019084,0,0,0,0,0
-64.4691,-59.4151,1,2019085,0,0,0,0,0
-64.4691,-59.4151,1,2019086,0,0,0,0,0
-64.4691,-59.4151,1,2019087,0,0,0,0,0
-64.7284,-59.6553,1,2019088,-64.7167,-59.6333,1,7,3
-64.7193,-59.6294,1,2019089,0,0,0,0,0
-64.7274,-59.6184,1,2019090,0,0,0,0,0
-64.7274,-59.6184,1,2019091,0,0,0,0,0
-64.7274,-59.6184,1,2019092,0,0,0,0,0
-64.7274,-59.6184,1,2019093,0,0,0,0,0
-64.7274,-59.6184,1,2019094,0,0,0,0,0
0,0,0,2019095,-64.7167,-59.55,1,7,3
-64.483,-59.3351,1,2019096,0,0,0,0,0
-64.4899,-59.3091,1,2019097,0,0,0,0,0
-64.4097,-59.4201,1,2019098,0,0,0,0,0
-64.3838,-59.5088,1,2019099,0,0,0,0,0
-64.7067,-59.6321,1,2019100,0,0,0,0,0
-64.7067,-59.6321,1,2019101,0,0,0,0,0
0,0,0,2019102,-64.7,-59.5333,1,7,3
-64.8357,-60.2761,1,2019103,0,0,0,0,0
-64.7674,-60.2254,1,2019104,0,0,0,0,0
-64.6197,-59.3518,1,2019105,0,0,0,0,0
-64.8162,-60.0806,1,2019106,0,0,0,0,0
-64.5902,-59.3408,1,2019107,0,0,0,0,0
-64.8004,-60.0518,1,2019108,0,0,0,0,0
0,0,0,2019109,-64.5833,-59.3333,1,7,3
-64.8004,-60.0518,1,2019110,0,0,0,0,0
-64.8004,-60.0518,1,2019111,0,0,0,0,0
-64.5705,-59.368,1,2019112,0,0,0,0,0
-64.5889,-59.3455,1,2019113,0,0,0,0,0
-64.5795,-59.2994,1,2019114,0,0,0,0,0
-64.5795,-59.2994,1,2019115,0,0,0,0,0
0,0,0,2019116,-64.5833,-59.35,1,7,3
-64.5795,-59.2994,1,2019117,0,0,0,0,0
-64.5795,-59.2994,1,2019118,0,0,0,0,0
-64.5944,-59.3351,1,2019119,0,0,0,0,0
-64.5795,-59.2994,1,2019120,0,0,0,0,0
-64.5795,-59.2994,1,2019121,0,0,0,0,0
-64.5962,-59.2369,1,2019122,0,0,0,0,0
0,0,0,2019123,-64.5667,-59.3,1,7,3
-64.5962,-59.2369,1,2019124,0,0,0,0,0
-64.5962,-59.2369,1,2019125,0,0,0,0,0
-64.5809,-59.3565,1,2019126,0,0,0,0,0
-64.5809,-59.3565,1,2019127,0,0,0,0,0
-64.5962,-59.2369,1,2019128,0,0,0,0,0
-64.5655,-59.2962,1,2019129,0,0,0,0,0
0,0,0,2019130,-64.5667,-59.2333,1,7,3
-64.5655,-59.2962,1,2019131,0,0,0,0,0
-64.5962,-59.2369,1,2019132,0,0,0,0,0
-64.5856,-59.0806,1,2019133,0,0,0,0,0
-64.5914,-59.0065,1,2019134,0,0,0,0,0
-64.5529,-59.0101,1,2019135,0,0,0,0,0
-64.5988,-59.027,1,2019136,0,0,0,0,0
0,0,0,2019137,-64.6,-58.8833,1,7,3
-64.59,-58.9851,1,2019138,0,0,0,0,0
-64.59,-58.9851,1,2019139,0,0,0,0,0
-64.5954,-58.9116,1,2019140,0,0,0,0,0
-64.5885,-58.8119,1,2019141,0,0,0,0,0
-64.5849,-58.9653,1,2019142,0,0,0,0,0
-64.5849,-58.9653,1,2019143,0,0,0,0,0
0,0,0,2019144,-64.6,-58.8833,1,7,3
-64.6061,-58.9627,1,2019145,0,0,0,0,0
-64.6061,-58.9627,1,2019146,0,0,0,0,0
-64.5777,-58.9365,1,2019147,-64.6066,-58.8899,0,0,0
0,0,0,2019148,-64.6101,-58.8934,0,0,0
0,0,0,2019149,-64.6134,-58.8967,0,0,0
0,0,0,2019150,-64.6158,-58.8991,0,0,0
-64.5382,-58.8432,1,2019151,-64.6167,-58.9,1,7,3
0,0,0,2019152,-64.6167,-58.9,0,0,0
0,0,0,2019153,-64.6167,-58.9,0,0,0
-64.5777,-58.9365,1,2019154,-64.6167,-58.9,0,0,0
0,0,0,2019155,-64.6167,-58.9,0,0,0
0,0,0,2019156,-64.6167,-58.9,0,0,0
-64.5687,-58.9106,1,2019157,-64.6167,-58.9,0,0,0
-64.616,-58.9,1,2019158,-64.6167,-58.9,1,7,3
-64.616,-58.9,1,2019159,-64.6167,-58.9,0,0,0
-64.616,-58.9,1,2019160,-64.6167,-58.9,0,0,0
-64.5992,-58.8634,0,2019161,-64.6167,-58.9,0,0,0
-64.5824,-58.8267,1,2019162,-64.6167,-58.9,0,0,0
-64.5824,-58.8267,1,2019163,-64.6167,-58.9,0,0,0
0,0,0,2019164,-64.6167,-58.9,0,0,0
-64.5824,-58.8267,1,2019165,-64.6167,-58.9,1,7,3
-64.5824,-58.8267,1,2019166,-64.6167,-58.9,0,0,0
0,0,0,2019167,-64.6167,-58.9,0,0,0
0,0,0,2019168,-64.6167,-58.9,0,0,0
0,0,0,2019169,-64.6167,-58.9,0,0,0
0,0,0,2019170,-64.6167,-58.9,0,0,0
-64.5439,-58.8103,1,2019171,-64.6167,-58.9,0,0,0
0,0,0,2019172,-64.6167,-58.9,1,7,3
0,0,0,2019173,-64.6167,-58.9,0,0,0
-64.616,-58.9,1,2019174,-64.6167,-58.9,0,0,0
-64.613,-58.8914,0,2019175,-64.6167,-58.9,0,0,0
-64.6074,-58.8756,0,2019176,-64.6167,-58.9,0,0,0
-64.6044,-58.867,1,2019177,-64.6167,-58.9,0,0,0
-64.6044,-58.867,1,2019178,-64.6167,-58.9,0,0,0
-64.6044,-58.867,1,2019179,-64.6167,-58.9,1,7,3
-64.6044,-58.867,1,2019180,-64.6167,-58.8963,0,0,0
-64.6044,-58.867,0,2019181,-64.6167,-58.8868,0,0,0
-64.6044,-58.867,1,2019182,-64.6167,-58.8737,0,0,0
-64.6044,-58.867,1,2019183,-64.6167,-58.8596,0,0,0
0,0,0,2019184,-64.6167,-58.8465,0,0,0
-64.5786,-58.8558,1,2019185,-64.6167,-58.837,0,0,0
-64.5786,-58.8558,1,2019186,-64.6167,-58.8333,1,7,3
0,0,0,2019187,-64.6176,-58.8342,0,0,0
0,0,0,2019188,-64.62,-58.8366,0,0,0
0,0,0,2019189,-64.6232,-58.8399,0,0,0
0,0,0,2019190,-64.6268,-58.8434,0,0,0
-64.54,-58.839,1,2019191,-64.63,-58.8467,0,0,0
0,0,0,2019192,-64.6324,-58.8491,0,0,0
-64.6089,-58.8471,0,2019193,-64.6333,-58.85,1,7,3
-64.633,-58.85,1,2019194,-64.6333,-58.85,0,0,0
-64.6184,-58.8153,0,2019195,-64.6333,-58.85,0,0,0
-64.5912,-58.7509,0,2019196,-64.6333,-58.85,0,0,0
-64.5766,-58.7162,1,2019197,-64.6333,-58.85,0,0,0
-64.5766,-58.7162,1,2019198,-64.6333,-58.85,0,0,0
-64.5766,-58.7162,1,2019199,-64.6333,-58.85,0,0,0
-64.5766,-58.7162,1,2019200,-64.6333,-58.85,1,7,3
-64.5883,-58.7831,0,2019201,-64.6324,-58.8491,0,0,0
-64.6,-58.85,1,2019202,-64.63,-58.8467,0,0,0
-64.6,-58.85,1,2019203,-64.6268,-58.8434,0,0,0
-64.6,-58.85,0,2019204,-64.6232,-58.8399,0,0,0
-64.6,-58.85,1,2019205,-64.62,-58.8366,0,0,0
-64.6,-58.85,1,2019206,-64.6176,-58.8342,0,0,0
-64.6,-58.85,0,2019207,-64.6167,-58.8333,1,7,3
-64.6,-58.85,0,2019208,-64.6176,-58.8342,0,0,0
-64.6,-58.85,0,2019209,-64.62,-58.8366,0,0,0
-64.6,-58.85,0,2019210,-64.6232,-58.8399,0,0,0
-64.6,-58.85,1,2019211,-64.6268,-58.8434,0,0,0
-64.6,-58.85,0,2019212,-64.63,-58.8467,0,0,0
-64.6,-58.85,0,2019213,-64.6324,-58.8491,0,0,0
-64.6,-58.85,0,2019214,-64.6333,-58.85,1,7,3
-64.6,-58.85,0,2019215,-64.6324,-58.8426,0,0,0
-64.6,-58.85,1,2019216,-64.63,-58.8236,0,0,0
-64.5983,-58.8258,0,2019217,-64.6268,-58.7975,0,0,0
-64.5932,-58.7691,0,2019218,-64.6232,-58.7692,0,0,0
-64.585,-58.7043,1,2019219,-64.62,-58.7431,0,0,0
-64.554,-58.6299,1,2019220,-64.6176,-58.7241,0,0,0
-64.6171,-58.6953,1,2019221,-64.6167,-58.7167,1,7,3
-64.616,-58.716,1,2019222,-64.6176,-58.7176,0,0,0
-64.616,-58.716,0,2019223,-64.62,-58.72,0,0,0
-64.616,-58.716,1,2019224,-64.6232,-58.7232,0,0,0
-64.616,-58.716,1,2019225,-64.6268,-58.7268,0,0,0
-64.616,-58.716,1,2019226,-64.63,-58.73,0,0,0
-64.616,-58.716,1,2019227,-64.6324,-58.7324,0,0,0
-64.6132,-58.6925,0,2019228,-64.6333,-58.7333,1,7,3
-64.6103,-58.6691,1,2019229,-64.6333,-58.7333,0,0,0
-64.6103,-58.6691,1,2019230,-64.6333,-58.7333,0,0,0
-64.6072,-58.671,0,2019231,-64.6333,-58.7333,0,0,0
-64.5998,-58.6756,0,2019232,-64.6333,-58.7333,0,0,0
-64.591,-58.681,0,2019233,-64.6333,-58.7333,0,0,0
-64.5836,-58.6856,0,2019234,-64.6333,-58.7333,0,0,0
-64.5805,-58.6875,1,2019235,-64.6333,-58.7333,1,7,3
-64.5845,-58.6822,0,2019236,-64.6333,-58.7342,0,0,0
-64.5941,-58.6695,0,2019237,-64.6333,-58.7366,0,0,0
-64.6062,-58.6544,0,2019238,-64.6333,-58.7399,0,0,0
-64.6175,-58.6417,0,2019239,-64.6333,-58.7434,0,0,0
-64.6247,-58.6364,1,2019240,-64.6333,-58.7467,0,0,0
-64.6286,-58.6659,0,2019241,-64.6333,-58.7491,0,0,0
-64.6317,-58.7205,0,2019242,-64.6333,-58.75,1,7,3
-64.633,-58.75,1,2019243,-64.6333,-58.7482,0,0,0
-64.633,-58.75,1,2019244,-64.6333,-58.7434,0,0,0
-64.633,-58.75,1,2019245,-64.6333,-58.7369,0,0,0
-64.633,-58.75,1,2019246,-64.6333,-58.7298,0,0,0
-64.633,-58.75,0,2019247,-64.6333,-58.7233,0,0,0
-64.633,-58.75,1,2019248,-64.6333,-58.7185,0,0,0
-64.633,-58.75,1,2019249,-64.6333,-58.7167,1,7,3
-64.633,-58.75,1,2019250,-64.6327,-58.7176,0,0,0
-64.633,-58.75,1,2019251,-64.631,-58.72,0,0,0
-64.633,-58.75,0,2019252,-64.6285,-58.7232,0,0,0
-64.633,-58.75,1,2019253,-64.6256,-58.7268,0,0,0
-64.633,-58.75,1,2019254,-64.6224,-58.73,0,0,0
-64.633,-58.75,0,2019255,-64.6194,-58.7324,0,0,0
-64.633,-58.75,0,2019256,-64.6167,-58.7333,1,7,3
-64.633,-58.75,0,2019257,-64.614,-58.7333,0,0,0
-64.633,-58.75,0,2019258,-64.611,-58.7333,0,0,0
-64.633,-58.75,1,2019259,-64.6078,-58.7333,0,0,0
-64.6305,-58.7504,0,2019260,-64.6048,-58.7333,0,0,0
-64.6246,-58.7512,0,2019261,-64.6023,-58.7333,0,0,0
-64.6176,-58.7523,0,2019262,-64.6006,-58.7333,0,0,0
-64.6117,-58.7531,0,2019263,-64.6,-58.7333,1,7,3
-64.6092,-58.7535,1,2019264,-64.6006,-58.7338,0,0,0
-64.6092,-58.7535,0,2019265,-64.6023,-58.7352,0,0,0
-64.6092,-58.7535,0,2019266,-64.6048,-58.7372,0,0,0
-64.6092,-58.7535,1,2019267,-64.6078,-58.7399,0,0,0
-64.6092,-58.7535,1,2019268,-64.611,-58.743,0,0,0
-64.6092,-58.7535,1,2019269,-64.614,-58.7464,0,0,0
-64.6092,-58.7535,1,2019270,-64.6167,-58.75,1,7,3
-64.6092,-58.7535,0,2019271,-64.6193,-58.7554,0,0,0
-64.6092,-58.7535,1,2019272,-64.622,-58.7636,0,0,0
-64.6092,-58.7535,1,2019273,-64.6249,-58.7732,0,0,0
-64.6092,-58.7535,1,2019274,-64.6276,-58.7829,0,0,0
-64.6092,-58.7535,1,2019275,-64.63,-58.7915,0,0,0
-64.6211,-58.7767,0,2019276,-64.632,-58.7977,0,0,0
-64.633,-58.8,1,2019277,-64.6333,-58.8,1,7,3
-64.633,-58.8,1,2019278,0,0,0,0,0
-64.633,-58.8,1,2019279,0,0,0,0,0
-64.633,-58.8,1,2019280,0,0,0,0,0
-64.633,-58.8,1,2019281,0,0,0,0,0
-64.633,-58.8,1,2019282,0,0,0,0,0
-64.633,-58.8,1,2019283,0,0,0,0,0
-64.633,-58.8,1,2019284,0,0,0,0,0
-64.633,-58.8,1,2019285,0,0,0,0,0
-64.633,-58.8,1,2019286,0,0,0,0,0
-64.633,-58.8,1,2019287,0,0,0,0,0
-64.633,-58.8,1,2019288,0,0,0,0,0
-64.633,-58.8,1,2019289,0,0,0,0,0
-64.633,-58.8,1,2019290,0,0,0,0,0
-64.633,-58.8,1,2019291,0,0,0,0,0
-64.633,-58.8,1,2019292,0,0,0,0,0
-64.633,-58.8,1,2019293,0,0,0,0,0
-64.633,-58.8,1,2019294,0,0,0,0,0
-64.633,-58.8,1,2019295,0,0,0,0,0
-64.6799,-58.7604,1,2019296,0,0,0,0,0
-64.6799,-58.7604,1,2019297,0,0,0,0,0
-64.68,-58.79,1,2019298,0,0,0,0,0
-64.68,-58.79,1,2019299,0,0,0,0,0
-64.68,-58.79,1,2019300,0,0,0,0,0
-64.6494,-58.7321,1,2019301,0,0,0,0,0
-64.6494,-58.7321,1,2019302,0,0,0,0,0
-64.6494,-58.7321,1,2019303,0,0,0,0,0
-64.6494,-58.7321,1,2019304,0,0,0,0,0
-64.6494,-58.7321,1,2019305,0,0,0,0,0
-64.6494,-58.7321,1,2019306,0,0,0,0,0
-64.6494,-58.7321,1,2019307,0,0,0,0,0
-64.6494,-58.7321,1,2019308,0,0,0,0,0
-64.6494,-58.7321,1,2019309,0,0,0,0,0
-64.65,-58.66,1,2019310,0,0,0,0,0
-64.65,-58.66,1,2019311,0,0,0,0,0
0,0,0,2019312,-64.65,-58.6667,1,7,3
0,0,0,2019313,-64.65,-58.6642,0,0,0
0,0,0,2019314,-64.65,-58.6622,0,0,0
0,0,0,2019315,-64.65,-58.6603,0,0,0
0,0,0,2019316,-64.65,-58.6584,0,0,0
0,0,0,2019317,-64.65,-58.6562,0,0,0
0,0,0,2019318,-64.65,-58.6535,0,0,0
0,0,0,2019319,-64.65,-58.65,1,7,3
0,0,0,2019320,-64.65,-58.6425,0,0,0
0,0,0,2019321,-64.65,-58.6294,0,0,0
0,0,0,2019322,-64.65,-58.6133,0,0,0
0,0,0,2019323,-64.65,-58.5966,0,0,0
0,0,0,2019324,-64.65,-58.5816,0,0,0
-64.66,-58.57,1,2019325,-64.65,-58.5708,0,0,0
-64.66,-58.57,1,2019326,-64.65,-58.5667,1,7,3
-64.66,-58.57,1,2019327,-64.6491,-58.5676,0,0,0
-64.66,-58.57,1,2019328,-64.6467,-58.57,0,0,0
-64.66,-58.57,1,2019329,-64.6434,-58.5732,0,0,0
-64.66,-58.57,1,2019330,-64.6399,-58.5768,0,0,0
-64.66,-58.57,1,2019331,-64.6366,-58.58,0,0,0
-64.66,-58.57,0,2019332,-64.6342,-58.5824,0,0,0
-64.66,-58.57,1,2019333,-64.6333,-58.5833,1,7,3
0,0,0,2019334,-64.6342,-58.5768,0,0,0
0,0,0,2019335,-64.6366,-58.5602,0,0,0
0,0,0,2019336,-64.6399,-58.5374,0,0,0
0,0,0,2019337,-64.6434,-58.5126,0,0,0
0,0,0,2019338,-64.6467,-58.4898,0,0,0
0,0,0,2019339,-64.6491,-58.4732,0,0,0
0,0,0,2019340,-64.65,-58.4667,1,7,3
0,0,0,2019341,-64.6491,-58.4676,0,0,0
0,0,0,2019342,-64.6467,-58.47,0,0,0
0,0,0,2019343,-64.6434,-58.4732,0,0,0
0,0,0,2019344,-64.6399,-58.4768,0,0,0
0,0,0,2019345,-64.6366,-58.48,0,0,0
0,0,0,2019346,-64.6342,-58.4824,0,0,0
-64.633,-58.48,1,2019347,-64.6333,-58.4833,1,7,3
-64.633,-58.48,1,2019348,-64.6333,-58.4833,0,0,0
-64.633,-58.48,1,2019349,-64.6333,-58.4833,0,0,0
-64.633,-58.48,1,2019350,-64.6333,-58.4833,0,0,0
-64.633,-58.48,1,2019351,-64.6333,-58.4833,0,0,0
-64.633,-58.48,0,2019352,-64.6333,-58.4833,0,0,0
-64.633,-58.48,0,2019353,-64.6333,-58.4833,0,0,0
-64.633,-58.48,0,2019354,-64.6333,-58.4833,1,7,3
-64.633,-58.48,0,2019355,-64.6333,-58.4833,0,0,0
-64.633,-58.48,0,2019356,-64.6333,-58.4833,0,0,0
-64.633,-58.48,0,2019357,-64.6333,-58.4833,0,0,0
-64.633,-58.48,0,2019358,-64.6333,-58.4833,0,0,0
-64.633,-58.48,1,2019359,-64.6333,-58.4833,0,0,0
-64.633,-58.48,0,2019360,-64.6333,-58.4833,0,0,0
-64.633,-58.48,1,2019361,-64.6333,-58.4833,1,7,3
-64.633,-58.48,1,2019362,-64.6325,-58.483,0,0,0
-64.6327,-58.4756,0,2019363,-64.6304,-58.482,0,0,0
-64.632,-58.4634,0,2019364,-64.6275,-58.4805,0,0,0
-64.6309,-58.4447,0,2019365,-64.6242,-58.4784,0,0,0
-64.6286,-58.4074,0,2020001,-64.6196,-58.4742,0,0,0
-64.6268,-58.3784,0,2020002,-64.6175,-58.4707,0,0,0
-64.625,-58.3478,0,2020003,-64.6167,-58.4667,1,7,3
-64.6231,-58.3168,0,2020004,-64.6167,-58.4544,0,0,0
-64.6213,-58.2868,0,2020005,-64.6167,-58.4282,0,0,0
-64.6196,-58.2592,0,2020006,-64.6167,-58.3912,0,0,0
-64.6181,-58.2353,0,2020007,-64.6167,-58.3466,0,0,0
-64.617,-58.2166,0,2020008,-64.6167,-58.2978,0,0,0
-64.6163,-58.2044,0,2020009,-64.6167,-58.2478,0,0,0
-64.616,-58.2,1,2020010,-64.6167,-58.2,1,7,3
-64.616,-58.2,1,2020011,-64.6188,-58.1509,0,0,0
-64.5711,-58.1301,1,2020012,-64.6243,-58.0964,0,0,0
-64.5711,-58.1301,1,2020013,-64.6322,-58.0379,0,0,0
-64.5711,-58.1301,1,2020014,-64.6414,-57.9774,0,0,0
-64.5711,-58.1301,1,2020015,-64.651,-57.9164,0,0,0
-64.5711,-58.1301,1,2020016,-64.6597,-57.8567,0,0,0
-64.667,-57.8,1,2020017,-64.6667,-57.8,1,7,3
-64.6876,-57.6603,1,2020018,-64.6724,-57.7458,0,0,0
-64.6845,-57.4356,1,2020019,-64.6778,-57.6924,0,0,0
-64.6845,-57.4356,1,2020020,-64.6831,-57.6397,0,0,0
-64.6784,-57.4197,0,2020021,-64.688,-57.5876,0,0,0
-64.6632,-57.3801,0,2020022,-64.6925,-57.5359,0,0,0
-64.6434,-57.3285,0,2020023,-64.6965,-57.4845,0,0,0
-64.6235,-57.2769,0,2020024,-64.7,-57.4333,1,7,3
-64.6083,-57.2373,0,2020025,-64.7033,-57.3841,0,0,0
-64.6022,-57.2214,1,2020026,-64.7066,-57.3375,0,0,0
-64.6022,-57.2214,1,2020027,-64.7097,-57.2918,0,0,0
-64.5964,-57.2425,1,2020028,-64.7125,-57.2453,0,0,0
-64.5964,-57.2425,1,2020029,-64.7147,-57.1963,0,0,0
-64.716,-57.08,1,2020030,-64.7162,-57.1428,0,0,0
-64.716,-57.08,1,2020031,-64.7167,-57.0833,1,7,3
-64.716,-57.08,1,2020032,-64.7112,-57.0127,0,0,0
-64.62,-56.8238,0,2020033,-64.6962,-56.9299,0,0,0
-64.524,-56.5677,1,2020034,-64.6742,-56.8393,0,0,0
-64.524,-56.5677,0,2020035,-64.6478,-56.745,0,0,0
-64.524,-56.5677,0,2020036,-64.6195,-56.6514,0,0,0
-64.524,-56.5677,1,2020037,-64.5916,-56.5628,0,0,0
-64.524,-56.5677,1,2020038,-64.5667,-56.4833,1,7,3
-64.524,-56.5677,1,2020039,-64.5447,-56.4044,0,0,0
-64.524,-56.5677,1,2020040,-64.5234,-56.3191,0,0,0
-64.524,-56.5677,1,2020041,-64.5019,-56.2342,0,0,0
-64.524,-56.5677,1,2020042,-64.4796,-56.1564,0,0,0
-64.524,-56.5677,1,2020043,-64.4557,-56.0925,0,0,0
-64.524,-56.5677,0,2020044,-64.4294,-56.0492,0,0,0
-64.524,-56.5677,1,2020045,-64.4,-56.0333,1,7,3
-64.4416,-56.4025,1,2020046,-64.3595,-56.0444,0,0,0
-64.3765,-56.1767,1,2020047,-64.3054,-56.073,0,0,0
-64.3765,-56.1767,1,2020048,-64.2448,-56.112,0,0,0
-64.3765,-56.1767,1,2020049,-64.185,-56.1546,0,0,0
-64.3766,-56.1807,0,2020050,-64.1333,-56.1936,0,0,0
-64.377,-56.1917,0,2020051,-64.097,-56.2222,0,0,0
-64.3776,-56.2083,0,2020052,-64.0833,-56.2333,1,7,3
-64.3783,-56.2291,0,2020053,-64.0907,-56.2195,0,0,0
-64.3791,-56.2527,0,2020054,-64.1097,-56.1837,0,0,0
-64.38,-56.2777,0,2020055,-64.1358,-56.1349,0,0,0
-64.3809,-56.3028,0,2020056,-64.1642,-56.0817,0,0,0
-64.3817,-56.3264,0,2020057,-64.1903,-56.0329,0,0,0
-64.3824,-56.3472,0,2020058,-64.2093,-55.9971,0,0,0
-64.383,-56.3638,0,2020059,-64.2167,-55.9833,1,7,3
-64.3834,-56.3748,0,2020060,-64.2167,-55.9833,0,0,0
-64.3835,-56.3788,1,2020061,-64.2167,-55.9833,0,0,0
-64.3835,-56.3788,1,2020062,-64.2167,-55.9833,0,0,0
-64.3835,-56.3788,1,2020063,-64.2167,-55.9833,0,0,0
-64.2403,-56.2869,1,2020064,-64.2167,-55.9833,0,0,0
-64.2403,-56.2869,1,2020065,-64.2167,-55.9833,0,0,0
-64.2507,-56.2611,0,2020066,-64.2167,-55.9833,1,7,3
-64.2782,-56.1894,0,2020067,-64.2315,-55.959,0,0,0
-64.3171,-56.0805,0,2020068,-64.2696,-55.8929,0,0,0
-64.3617,-55.9432,0,2020069,-64.3216,-55.7948,0,0,0
-64.4062,-55.786,0,2020070,-64.3784,-55.6748,0,0,0
-64.4451,-55.6178,0,2020071,-64.4304,-55.5429,0,0,0
-64.4726,-55.4473,0,2020072,-64.4685,-55.4091,0,0,0
-64.483,-55.283,1,2020073,-64.4833,-55.2833,1,7,3
-64.4813,-55.0787,0,2020074,-64.4752,-55.14,0,0,0
-64.4767,-54.9,1,2020075,-64.4531,-54.9609,0,0,0
-64.4608,-54.8209,1,2020076,-64.4203,-54.7672,0,0,0
-64.4396,-54.7233,0,2020077,-64.3802,-54.5798,0,0,0
-64.4154,-54.61,0,2020078,-64.3363,-54.4199,0,0,0
-64.3879,-54.4875,0,2020079,-64.2917,-54.3085,0,0,0
-64.3569,-54.3622,0,2020080,-64.25,-54.2667,1,7,3
-64.3222,-54.2403,0,2020081,-64.209,-54.2769,0,0,0
-64.2835,-54.1284,0,2020082,-64.1647,-54.303,0,0,0
-64.2406,-54.0328,0,2020083,-64.1178,-54.3388,0,0,0
-64.1933,-53.9598,1,2020084,-64.069,-54.3779,0,0,0
-64.1195,-53.8996,0,2020085,-64.0188,-54.4137,0,0,0
-64.0114,-53.841,0,2020086,-63.9678,-54.4398,0,0,0
-63.8904,-53.7882,0,2020087,-63.9167,-54.45,1,7,3
-63.7776,-53.7452,0,2020088,-63.8641,-54.4083,0,0,0
-63.6944,-53.7163,0,2020089,-63.8089,-54.2996,0,0,0
-63.6619,-53.7058,1,2020090,-63.7523,-54.1487,0,0,0
-63.6619,-53.7058,1,2020091,-63.6953,-53.9803,0,0,0
-63.549,-53.7362,1,2020092,-63.6391,-53.819,0,0,0
-63.549,-53.7362,1,2020093,-63.5847,-53.6895,0,0,0
-63.4723,-53.7012,1,2020094,-63.5333,-53.6167,1,7,3
-63.3866,-53.6228,1,2020095,-63.4859,-53.5817,0,0,0
-63.3866,-53.6228,1,2020096,-63.4417,-53.5499,0,0,0
-63.2376,-53.5689,1,2020097,-63.3992,-53.5221,0,0,0
-63.2376,-53.5689,1,2020098,-63.3569,-53.4991,0,0,0
-63.2376,-53.5689,1,2020099,-63.3134,-53.4816,0,0,0
-63.1664,-53.6113,1,2020100,-63.2672,-53.4706,0,0,0
-63.1075,-53.5993,0,2020101,-63.2167,-53.4667,1,7,3
-63.0483,-53.5692,0,2020102,-63.16,-53.4757,0,0,0
-62.9937,-53.5301,0,2020103,-63.0974,-53.5014,0,0,0
-62.9487,-53.491,0,2020104,-63.031,-53.5419,0,0,0
-62.9181,-53.4609,0,2020105,-62.9627,-53.5956,0,0,0
-62.9068,-53.4489,1,2020106,-62.8946,-53.6605,0,0,0
-62.9168,-53.5962,1,2020107,-62.8286,-53.7348,0,0,0
-62.6755,-53.9143,1,2020108,-62.7667,-53.8167,1,7,3
-62.5335,-54.0425,1,2020109,-62.702,-53.9604,0,0,0
-62.4887,-54.3812,1,2020110,-62.6303,-54.2014,0,0,0
-62.4399,-54.5304,1,2020111,-62.5579,-54.5096,0,0,0
-62.4455,-54.9407,1,2020112,-62.4907,-54.8552,0,0,0
-62.4161,-55.3193,0,2020113,-62.4352,-55.2083,0,0,0
-62.3867,-55.6398,1,2020114,-62.3973,-55.5387,0,0,0
-62.4047,-55.8581,0,2020115,-62.3833,-55.8167,1,7,3
-62.447,-56.0381,0,2020116,-62.4008,-56.0548,0,0,0
-62.4959,-56.2611,1,2020117,-62.4461,-56.2848,0,0,0
-62.5537,-56.6103,1,2020118,-62.5079,-56.5059,0,0,0
-62.6098,-56.8042,1,2020119,-62.5754,-56.7173,0,0,0
-62.6494,-56.9728,1,2020120,-62.6372,-56.9179,0,0,0
-62.6771,-57.2127,1,2020121,-62.6825,-57.1069,0,0,0
-62.7436,-57.4474,1,2020122,-62.7,-57.2833,1,7,3
-62.7132,-57.7905,1,2020123,-62.6967,-57.4635,0,0,0
-62.6819,-57.9883,0,2020124,-62.6878,-57.6549,0,0,0
-62.6644,-58.0796,1,2020125,-62.675,-57.8433,0,0,0
-62.6644,-58.0796,1,2020126,-62.6599,-58.0145,0,0,0
-62.6383,-58.1861,1,2020127,-62.644,-58.1544,0,0,0
-62.6283,-58.2734,1,2020128,-62.6291,-58.2487,0,0,0
-62.6283,-58.2734,1,2020129,-62.6167,-58.2833,1,7,3
-62.6252,-58.2702,0,2020130,-62.6063,-58.283,0,0,0
-62.617,-58.2616,0,2020131,-62.5961,-58.2806,0,0,0
-62.6054,-58.2495,0,2020132,-62.5862,-58.2741,0,0,0
-62.5921,-58.2357,0,2020133,-62.5766,-58.2615,0,0,0
-62.5787,-58.2218,0,2020134,-62.5674,-58.2408,0,0,0
-62.5671,-58.2097,0,2020135,-62.5585,-58.2099,0,0,0
-62.5589,-58.2011,0,2020136,-62.55,-58.1667,1,7,3
-62.5558,-58.1979,1,2020137,0,0,0,0,0
-62.5834,-58.2853,1,2020138,0,0,0,0,0
-62.5834,-58.2853,1,2020139,0,0,0,0,0
-62.5852,-58.1785,1,2020140,0,0,0,0,0
-62.661,-58.436,1,2020141,0,0,0,0,0
-62.6457,-58.3439,1,2020142,0,0,0,0,0
-62.6698,-58.4671,1,2020143,0,0,0,0,0
-62.6744,-58.331,1,2020144,0,0,0,0,0
-62.7108,-58.4889,1,2020145,0,0,0,0,0
-62.7108,-58.4889,1,2020146,0,0,0,0,0
-62.6714,-58.5107,1,2020147,0,0,0,0,0
-62.6277,-58.3654,1,2020148,0,0,0,0,0
-62.6966,-58.6097,1,2020149,0,0,0,0,0
-62.6532,-58.3795,1,2020150,0,0,0,0,0
-62.6203,-58.4823,1,2020151,0,0,0,0,0
-62.5586,-58.3587,1,2020152,0,0,0,0,0
-62.4815,-58.3148,1,2020153,0,0,0,0,0
-62.4815,-58.3148,1,2020154,0,0,0,0,0
-62.4815,-58.3148,1,2020155,0,0,0,0,0
-62.4264,-58.1406,1,2020156,0,0,0,0,0
-62.3229,-58.0066,1,2020157,0,0,0,0,0
-62.3559,-57.8689,1,2020158,0,0,0,0,0
-62.2465,-57.5896,1,2020159,0,0,0,0,0
-62.1873,-57.3268,1,2020160,0,0,0,0,0
-62.1018,-57.1513,1,2020161,0,0,0,0,0
-62.0471,-57.0072,1,2020162,0,0,0,0,0
-62.0471,-57.0072,1,2020163,0,0,0,0,0
-61.8807,-56.8643,1,2020164,0,0,0,0,0
-61.8807,-56.8643,1,2020165,0,0,0,0,0
-61.791,-56.8731,1,2020166,0,0,0,0,0
-61.7938,-57.1473,1,2020167,0,0,0,0,0
-61.7938,-57.1473,1,2020168,0,0,0,0,0
-61.7938,-57.1473,1,2020169,0,0,0,0,0
-61.8412,-56.9994,1,2020170,0,0,0,0,0
-61.7726,-56.7955,1,2020171,0,0,0,0,0
-61.7198,-56.8011,1,2020172,0,0,0,0,0
-61.7198,-56.8011,1,2020173,0,0,0,0,0
-61.6695,-56.648,1,2020174,0,0,0,0,0
-61.6695,-56.648,1,2020175,0,0,0,0,0
-61.6695,-56.648,1,2020176,0,0,0,0,0
-61.6695,-56.648,1,2020177,0,0,0,0,0
-61.5354,-56.6387,1,2020178,0,0,0,0,0
-61.4864,-56.7859,1,2020179,0,0,0,0,0
-61.5221,-57.0571,1,2020180,0,0,0,0,0
-61.5627,-57.5881,1,2020181,0,0,0,0,0
-61.5627,-57.5881,1,2020182,0,0,0,0,0
-61.5592,-58.0693,1,2020183,0,0,0,0,0
-61.5592,-58.0693,1,2020184,0,0,0,0,0
-61.5879,-58.3378,1,2020185,0,0,0,0,0
-61.5879,-58.3378,1,2020186,0,0,0,0,0
-61.5923,-58.618,1,2020187,0,0,0,0,0
-61.5923,-58.618,1,2020188,0,0,0,0,0
-61.5923,-58.618,1,2020189,0,0,0,0,0
-61.4936,-58.5903,1,2020190,0,0,0,0,0
-61.3919,-58.4797,1,2020191,0,0,0,0,0
-61.3429,-58.2588,1,2020192,0,0,0,0,0
-61.4211,-58.1165,1,2020193,0,0,0,0,0
-61.4735,-57.9505,1,2020194,0,0,0,0,0
-61.5365,-57.9195,1,2020195,0,0,0,0,0
-61.5693,-57.8764,1,2020196,0,0,0,0,0
-61.5969,-57.8809,0,2020197,0,0,0,0,0
-61.6208,-57.8892,0,2020198,0,0,0,0,0
-61.6309,-57.8937,1,2020199,0,0,0,0,0
-61.5767,-57.8394,1,2020200,0,0,0,0,0
-61.5767,-57.8394,1,2020201,0,0,0,0,0
-61.5616,-57.7557,0,2020202,0,0,0,0,0
-61.5171,-57.553,0,2020203,0,0,0,0,0
-61.4441,-57.3042,1,2020204,0,0,0,0,0
-61.164,-56.9616,1,2020205,0,0,0,0,0
-60.9683,-56.4398,1,2020206,0,0,0,0,0
-60.6535,-56.0864,1,2020207,0,0,0,0,0
-60.3835,-55.5088,1,2020208,0,0,0,0,0
-60.3299,-55.7556,1,2020209,0,0,0,0,0
-60.3166,-56.0333,1,2020210,0,0,0,0,0
-60.1956,-56.3087,1,2020211,0,0,0,0,0
-60.1956,-56.3087,1,2020212,0,0,0,0,0
-59.8694,-56.8076,1,2020213,0,0,0,0,0
-59.9188,-56.9051,1,2020214,0,0,0,0,0
-60.0599,-56.9117,0,2020215,0,0,0,0,0
-60.1937,-56.9187,1,2020216,0,0,0,0,0
-60.2304,-57.2865,1,2020217,0,0,0,0,0
-60.2181,-56.9617,1,2020218,0,0,0,0,0
-60.3578,-56.9761,1,2020219,0,0,0,0,0
-60.3613,-56.7282,1,2020220,0,0,0,0,0
-60.3129,-56.5629,0,2020221,0,0,0,0,0
-60.2645,-56.4828,1,2020222,0,0,0,0,0
-60.2645,-56.4828,1,2020223,0,0,0,0,0
-60.3214,-56.2012,1,2020224,0,0,0,0,0
-60.3214,-56.2012,1,2020225,0,0,0,0,0
-60.2611,-56.1199,1,2020226,0,0,0,0,0
-60.1761,-56.43,1,2020227,0,0,0,0,0
-59.9892,-56.5542,1,2020228,0,0,0,0,0
-60.0544,-56.8249,1,2020229,0,0,0,0,0
-60.0544,-56.8249,1,2020230,0,0,0,0,0
-60.1175,-57.2276,1,2020231,0,0,0,0,0
-60.2424,-57.0533,1,2020232,0,0,0,0,0
-60.2424,-57.0533,1,2020233,0,0,0,0,0
-60.2772,-56.7941,1,2020234,0,0,0,0,0
-60.1996,-56.8063,1,2020235,0,0,0,0,0
-60.1929,-56.928,0,2020236,0,0,0,0,0
-60.1861,-57.0395,1,2020237,0,0,0,0,0
-60.0993,-56.888,1,2020238,0,0,0,0,0
-60.0974,-57.157,1,2020239,0,0,0,0,0
-60.0974,-57.157,1,2020240,0,0,0,0,0
-60.1309,-57.4121,1,2020241,0,0,0,0,0
-60.1309,-57.4121,1,2020242,0,0,0,0,0
-60.2446,-57.9172,1,2020243,0,0,0,0,0
-60.2753,-57.9551,1,2020244,0,0,0,0,0
-60.3095,-57.7213,1,2020245,0,0,0,0,0
