date,ers_1,ers_2,ers_3,nic_1,nic_2,nic_3,qscat_1,qscat_2,qscat_3,size_1,size_2
1997271,-74.0989,-130.2933,1,0,0,0,0,0,0,0,0
1997272,-74.0767,-130.4597,1,0,0,0,0,0,0,0,0
1997273,-74.0545,-130.6262,1,0,0,0,0,0,0,0,0
1997274,-74.0434,-130.7095,1,0,0,0,0,0,0,0,0
1997275,-74.0434,-130.7095,1,0,0,0,0,0,0,0,0
1997276,-74.0434,-130.7095,1,0,0,0,0,0,0,0,0
1997277,-74.0434,-130.7095,1,0,0,0,0,0,0,0,0
1997278,-74.0434,-130.7095,1,0,0,0,0,0,0,0,0
1997279,-74.0434,-130.7095,1,0,0,0,0,0,0,0,0
1997280,-74.0291,-130.7692,1,0,0,0,0,0,0,0,0
1997281,-74.0006,-130.8888,1,0,0,0,0,0,0,0,0
1997282,-73.972,-131.0083,1,0,0,0,0,0,0,0,0
1997283,-73.9577,-131.068,1,0,0,0,0,0,0,0,0
1997284,-73.9577,-131.068,1,0,0,0,0,0,0,0,0
1997285,-73.9577,-131.068,1,0,0,0,0,0,0,0,0
1997286,-73.9577,-131.068,1,0,0,0,0,0,0,0,0
1997287,-73.9577,-131.068,1,0,0,0,0,0,0,0,0
1997288,-73.9577,-131.068,1,0,0,0,0,0,0,0,0
1997289,-73.9577,-131.068,1,0,0,0,0,0,0,0,0
1997290,-73.9577,-131.068,1,0,0,0,0,0,0,0,0
1997291,-73.9577,-131.068,1,0,0,0,0,0,0,0,0
1997292,-73.9577,-131.068,1,0,0,0,0,0,0,0,0
1997293,-73.9577,-131.068,1,0,0,0,0,0,0,0,0
1997294,-73.9577,-131.068,1,0,0,0,0,0,0,0,0
1997295,-73.9577,-131.068,1,0,0,0,0,0,0,0,0
1997296,-73.9577,-131.068,1,0,0,0,0,0,0,0,0
1997297,-73.9577,-131.068,1,0,0,0,0,0,0,0,0
1997298,-73.9577,-131.068,1,0,0,0,0,0,0,0,0
1997299,-73.9577,-131.068,1,0,0,0,0,0,0,0,0
1997300,-73.9577,-131.068,1,0,0,0,0,0,0,0,0
1997301,-73.9577,-131.068,1,0,0,0,0,0,0,0,0
1997302,-73.9577,-131.068,1,0,0,0,0,0,0,0,0
1997303,-73.9577,-131.068,1,0,0,0,0,0,0,0,0
1997304,-73.9577,-131.068,1,0,0,0,0,0,0,0,0
1997305,-73.9577,-131.068,1,0,0,0,0,0,0,0,0
1997306,-73.9577,-131.068,1,0,0,0,0,0,0,0,0
1997307,-73.9637,-131.1271,1,0,0,0,0,0,0,0,0
1997308,-73.9755,-131.2454,1,0,0,0,0,0,0,0,0
1997309,-73.9874,-131.3636,1,0,0,0,0,0,0,0,0
1997310,-73.9934,-131.4227,1,0,0,0,0,0,0,0,0
1997311,-73.9934,-131.4227,1,0,0,0,0,0,0,0,0
1997312,-73.9934,-131.4227,1,0,0,0,0,0,0,0,0
1997313,-73.9934,-131.4227,1,0,0,0,0,0,0,0,0
1997314,-73.9934,-131.4227,1,0,0,0,0,0,0,0,0
1997315,-73.9934,-131.4227,1,0,0,0,0,0,0,0,0
1997316,-73.9903,-131.4533,1,0,0,0,0,0,0,0,0
1997317,-73.9841,-131.5144,1,0,0,0,0,0,0,0,0
1997318,-73.978,-131.5755,1,0,0,0,0,0,0,0,0
1997319,-73.9749,-131.6061,1,0,0,0,0,0,0,0,0
1997320,-73.9749,-131.6061,1,0,0,0,0,0,0,0,0
1997321,-73.9749,-131.6061,1,0,0,0,0,0,0,0,0
1997322,-73.9588,-131.6438,1,0,0,0,0,0,0,0,0
1997323,-73.9266,-131.7192,1,0,0,0,0,0,0,0,0
1997324,-73.8943,-131.7945,1,0,0,0,0,0,0,0,0
1997325,-73.8651,-131.8303,1,0,0,0,0,0,0,0,0
1997326,-73.8388,-131.8264,1,0,0,0,0,0,0,0,0
1997327,-73.8125,-131.8225,1,0,0,0,0,0,0,0,0
1997328,-73.7994,-131.8206,1,0,0,0,0,0,0,0,0
1997329,-73.7994,-131.8206,1,0,0,0,0,0,0,0,0
1997330,-73.7994,-131.8206,1,0,0,0,0,0,0,0,0
1997331,-73.7994,-131.8206,1,0,0,0,0,0,0,0,0
1997332,-73.7994,-131.8206,1,0,0,0,0,0,0,0,0
1997333,-73.7994,-131.8206,1,0,0,0,0,0,0,0,0
1997334,-73.7918,-131.8606,1,0,0,0,0,0,0,0,0
1997335,-73.7765,-131.9407,1,0,0,0,0,0,0,0,0
1997336,-73.7612,-132.0207,1,0,0,0,0,0,0,0,0
1997337,-73.7535,-132.0607,1,0,0,0,0,0,0,0,0
1997338,-73.7535,-132.0607,1,0,0,0,0,0,0,0,0
1997339,-73.7535,-132.0607,1,0,0,0,0,0,0,0,0
1997340,-73.7535,-132.0607,1,0,0,0,0,0,0,0,0
1997341,-73.7535,-132.0607,1,0,0,0,0,0,0,0,0
1997342,-73.7535,-132.0607,1,0,0,0,0,0,0,0,0
1997343,-73.7535,-132.0607,1,0,0,0,0,0,0,0,0
1997344,-73.7535,-132.0607,1,0,0,0,0,0,0,0,0
1997345,-73.7535,-132.0607,1,0,0,0,0,0,0,0,0
1997346,-73.7535,-132.0607,1,0,0,0,0,0,0,0,0
1997347,-73.7535,-132.0607,1,0,0,0,0,0,0,0,0
1997348,-73.7535,-132.0607,1,0,0,0,0,0,0,0,0
1997349,-73.7535,-132.0607,1,0,0,0,0,0,0,0,0
1997350,-73.7535,-132.0607,1,0,0,0,0,0,0,0,0
1997351,-73.7535,-132.0607,1,0,0,0,0,0,0,0,0
1997352,-73.7535,-132.0607,1,0,0,0,0,0,0,0,0
1997353,-73.7535,-132.0607,1,0,0,0,0,0,0,0,0
1997354,-73.7535,-132.0607,1,0,0,0,0,0,0,0,0
1997355,-73.7535,-132.0607,1,0,0,0,0,0,0,0,0
1997356,-73.7535,-132.0607,1,0,0,0,0,0,0,0,0
1997357,-73.7535,-132.0607,1,0,0,0,0,0,0,0,0
1997358,-73.7535,-132.0607,1,0,0,0,0,0,0,0,0
1997359,-73.7535,-132.0607,1,0,0,0,0,0,0,0,0
1997360,-73.7535,-132.0607,1,0,0,0,0,0,0,0,0
1997361,-73.7535,-132.0607,1,0,0,0,0,0,0,0,0
1997362,-73.7535,-132.0607,1,0,0,0,0,0,0,0,0
1997363,-73.7535,-132.0607,1,0,0,0,0,0,0,0,0
1997364,-73.7535,-132.0607,1,0,0,0,0,0,0,0,0
1997365,-73.7535,-132.0607,0,0,0,0,0,0,0,0,0
1998001,-73.7535,-132.0607,1,0,0,0,0,0,0,0,0
1998002,-73.7535,-132.0607,1,0,0,0,0,0,0,0,0
1998003,-73.7535,-132.0607,1,0,0,0,0,0,0,0,0
1998004,-73.7535,-132.0607,1,0,0,0,0,0,0,0,0
1998005,-73.7535,-132.0607,1,0,0,0,0,0,0,0,0
1998006,-73.7535,-132.0607,1,0,0,0,0,0,0,0,0
1998007,-73.7377,-132.1229,1,0,0,0,0,0,0,0,0
1998008,-73.706,-132.2472,1,0,0,0,0,0,0,0,0
1998009,-73.6743,-132.3715,1,0,0,0,0,0,0,0,0
1998010,-73.6533,-132.5064,1,0,0,0,0,0,0,0,0
1998011,-73.6432,-132.6517,1,0,0,0,0,0,0,0,0
1998012,-73.6331,-132.7971,1,0,0,0,0,0,0,0,0
1998013,-73.628,-132.8698,1,0,0,0,0,0,0,0,0
1998014,-73.628,-132.8698,1,0,0,0,0,0,0,0,0
1998015,-73.628,-132.8698,1,0,0,0,0,0,0,0,0
1998016,-73.628,-132.8698,1,0,0,0,0,0,0,0,0
1998017,-73.628,-132.8698,1,0,0,0,0,0,0,0,0
1998018,-73.628,-132.8698,1,0,0,0,0,0,0,0,0
1998019,-73.628,-132.8698,1,0,0,0,0,0,0,0,0
1998020,-73.628,-132.8698,1,0,0,0,0,0,0,0,0
1998021,-73.628,-132.8698,1,0,0,0,0,0,0,0,0
1998022,-73.6148,-132.9279,1,0,0,0,0,0,0,0,0
1998023,-73.5884,-133.044,1,0,0,0,0,0,0,0,0
1998024,-73.562,-133.1601,1,0,0,0,0,0,0,0,0
1998025,-73.5355,-133.2762,1,0,0,0,0,0,0,0,0
1998026,-73.5091,-133.3923,1,0,0,0,0,0,0,0,0
1998027,-73.4827,-133.5084,1,0,0,0,0,0,0,0,0
1998028,-73.4772,-133.6156,1,0,0,0,0,0,0,0,0
1998029,-73.4926,-133.7138,1,0,0,0,0,0,0,0,0
1998030,-73.508,-133.812,1,0,0,0,0,0,0,0,0
1998031,-73.5157,-133.8611,1,0,0,0,0,0,0,0,0
1998032,-73.5157,-133.8611,1,0,0,0,0,0,0,0,0
1998033,-73.5157,-133.8611,1,0,0,0,0,0,0,0,0
1998034,-73.4958,-134.0166,1,0,0,0,0,0,0,0,0
1998035,-73.4559,-134.3277,1,0,0,0,0,0,0,0,0
1998036,-73.416,-134.6388,1,0,0,0,0,0,0,0,0
1998037,-73.4035,-134.8852,1,0,0,0,0,0,0,0,0
1998038,-73.4181,-135.0669,1,0,0,0,0,0,0,0,0
1998039,-73.4329,-135.2486,1,0,0,0,0,0,0,0,0
1998040,-73.4496,-135.3894,1,0,0,0,0,0,0,0,0
1998041,-73.4683,-135.4892,1,0,0,0,0,0,0,0,0
1998042,-73.487,-135.589,1,0,0,0,0,0,0,0,0
1998043,-73.4964,-135.6389,1,0,0,0,0,0,0,0,0
1998044,-73.4964,-135.6389,1,0,0,0,0,0,0,0,0
1998045,-73.4964,-135.6389,1,0,0,0,0,0,0,0,0
1998046,-73.4964,-135.6389,1,0,0,0,0,0,0,0,0
1998047,-73.4964,-135.6389,1,0,0,0,0,0,0,0,0
1998048,-73.4964,-135.6389,1,0,0,0,0,0,0,0,0
1998049,-73.4964,-135.6389,1,0,0,0,0,0,0,0,0
1998050,-73.4964,-135.6389,1,0,0,0,0,0,0,0,0
1998051,-73.4964,-135.6389,1,0,0,0,0,0,0,0,0
1998052,-73.4964,-135.6389,1,0,0,0,0,0,0,0,0
1998053,-73.4964,-135.6389,1,0,0,0,0,0,0,0,0
1998054,-73.4964,-135.6389,1,0,0,0,0,0,0,0,0
1998055,-73.4523,-135.5087,1,0,0,0,0,0,0,0,0
1998056,-73.364,-135.2482,1,0,0,0,0,0,0,0,0
1998057,-73.2758,-134.9877,1,0,0,0,0,0,0,0,0
1998058,-73.2201,-134.8424,1,0,0,0,0,0,0,0,0
1998059,-73.1969,-134.812,1,0,0,0,0,0,0,0,0
1998060,-73.1737,-134.7817,1,0,0,0,0,0,0,0,0
1998061,-73.1621,-134.7666,1,0,0,0,0,0,0,0,0
1998062,-73.1621,-134.7666,1,0,0,0,0,0,0,0,0
1998063,-73.1621,-134.7666,1,0,0,0,0,0,0,0,0
1998064,-73.1621,-134.7666,1,0,0,0,0,0,0,0,0
1998065,-73.1621,-134.7666,1,0,0,0,0,0,0,0,0
1998066,-73.1621,-134.7666,1,0,0,0,0,0,0,0,0
1998067,-73.1848,-134.7619,1,0,0,0,0,0,0,0,0
1998068,-73.2303,-134.7525,1,0,0,0,0,0,0,0,0
1998069,-73.2758,-134.743,1,0,0,0,0,0,0,0,0
1998070,-73.2986,-134.7383,1,0,0,0,0,0,0,0,0
1998071,-73.2986,-134.7383,1,0,0,0,0,0,0,0,0
1998072,-73.2986,-134.7383,1,0,0,0,0,0,0,0,0
1998073,-73.3199,-134.7801,1,0,0,0,0,0,0,0,0
1998074,-73.3626,-134.8636,1,0,0,0,0,0,0,0,0
1998075,-73.4053,-134.9471,1,0,0,0,0,0,0,0,0
1998076,-73.4383,-135.0557,1,0,0,0,0,0,0,0,0
1998077,-73.4618,-135.1893,1,0,0,0,0,0,0,0,0
1998078,-73.4853,-135.3228,1,0,0,0,0,0,0,0,0
1998079,-73.4956,-135.4608,1,0,0,0,0,0,0,0,0
1998080,-73.4926,-135.6031,1,0,0,0,0,0,0,0,0
1998081,-73.4897,-135.7454,1,0,0,0,0,0,0,0,0
1998082,-73.4882,-135.8166,1,0,0,0,0,0,0,0,0
1998083,-73.4882,-135.8166,1,0,0,0,0,0,0,0,0
1998084,-73.4882,-135.8166,1,0,0,0,0,0,0,0,0
1998085,-73.4882,-135.8166,1,0,0,0,0,0,0,0,0
1998086,-73.4882,-135.8166,1,0,0,0,0,0,0,0,0
1998087,-73.4882,-135.8166,1,0,0,0,0,0,0,0,0
1998088,-73.481,-135.8325,1,0,0,0,0,0,0,0,0
1998089,-73.4665,-135.8644,1,0,0,0,0,0,0,0,0
1998090,-73.4519,-135.8962,1,0,0,0,0,0,0,0,0
1998091,-73.4447,-135.9121,1,0,0,0,0,0,0,0,0
1998092,-73.4447,-135.9121,1,0,0,0,0,0,0,0,0
1998093,-73.4447,-135.9121,1,0,0,0,0,0,0,0,0
1998094,-73.4447,-135.9121,1,0,0,0,0,0,0,0,0
1998095,-73.4447,-135.9121,1,0,0,0,0,0,0,0,0
1998096,-73.4447,-135.9121,1,0,0,0,0,0,0,0,0
1998097,-73.4447,-135.9121,1,0,0,0,0,0,0,0,0
1998098,-73.4447,-135.9121,1,0,0,0,0,0,0,0,0
1998099,-73.4447,-135.9121,1,0,0,0,0,0,0,0,0
1998100,-73.4447,-135.9121,1,0,0,0,0,0,0,0,0
1998101,-73.4447,-135.9121,1,0,0,0,0,0,0,0,0
1998102,-73.4447,-135.9121,1,0,0,0,0,0,0,0,0
1998103,-73.4628,-136.0733,1,0,0,0,0,0,0,0,0
1998104,-73.499,-136.3956,1,0,0,0,0,0,0,0,0
1998105,-73.5352,-136.7179,1,0,0,0,0,0,0,0,0
1998106,-73.5605,-136.9763,1,0,0,0,0,0,0,0,0
1998107,-73.5748,-137.1707,1,0,0,0,0,0,0,0,0
1998108,-73.5892,-137.3652,1,0,0,0,0,0,0,0,0
1998109,-73.6045,-137.5649,1,0,0,0,0,0,0,0,0
1998110,-73.6207,-137.7697,1,0,0,0,0,0,0,0,0
1998111,-73.6369,-137.9746,1,0,0,0,0,0,0,0,0
1998112,-73.6418,-138.1904,1,0,0,0,0,0,0,0,0
1998113,-73.6355,-138.4169,1,0,0,0,0,0,0,0,0
1998114,-73.6292,-138.6435,1,0,0,0,0,0,0,0,0
1998115,-73.626,-138.7568,1,0,0,0,0,0,0,0,0
1998116,-73.626,-138.7568,1,0,0,0,0,0,0,0,0
1998117,-73.626,-138.7568,1,0,0,0,0,0,0,0,0
1998118,-73.6244,-138.8403,1,0,0,0,0,0,0,0,0
1998119,-73.621,-139.0074,1,0,0,0,0,0,0,0,0
1998120,-73.6178,-139.1745,1,0,0,0,0,0,0,0,0
1998121,-73.6161,-139.258,1,0,0,0,0,0,0,0,0
1998122,-73.6161,-139.258,1,0,0,0,0,0,0,0,0
1998123,-73.6161,-139.258,1,0,0,0,0,0,0,0,0
1998124,-73.6161,-139.258,1,0,0,0,0,0,0,0,0
1998125,-73.6161,-139.258,1,0,0,0,0,0,0,0,0
1998126,-73.6161,-139.258,1,0,0,0,0,0,0,0,0
1998127,-73.6498,-139.1934,1,0,0,0,0,0,0,0,0
1998128,-73.7171,-139.0641,1,0,0,0,0,0,0,0,0
1998129,-73.7844,-138.9348,1,0,0,0,0,0,0,0,0
1998130,-73.818,-138.8702,1,0,0,0,0,0,0,0,0
1998131,-73.818,-138.8702,1,0,0,0,0,0,0,0,0
1998132,-73.818,-138.8702,1,0,0,0,0,0,0,0,0
1998133,-73.818,-138.8702,1,0,0,0,0,0,0,0,0
1998134,-73.818,-138.8702,1,0,0,0,0,0,0,0,0
1998135,-73.818,-138.8702,1,0,0,0,0,0,0,0,0
1998136,-73.818,-138.8702,1,0,0,0,0,0,0,0,0
1998137,-73.818,-138.8702,1,0,0,0,0,0,0,0,0
1998138,-73.818,-138.8702,1,0,0,0,0,0,0,0,0
1998139,-73.8366,-138.8274,1,0,0,0,0,0,0,0,0
1998140,-73.8736,-138.7417,1,0,0,0,0,0,0,0,0
1998141,-73.9108,-138.656,1,0,0,0,0,0,0,0,0
1998142,-73.929,-138.6872,1,0,0,0,0,0,0,0,0
1998143,-73.9283,-138.8353,1,0,0,0,0,0,0,0,0
1998144,-73.9277,-138.9834,1,0,0,0,0,0,0,0,0
1998145,-73.9274,-139.0574,1,0,0,0,0,0,0,0,0
1998146,-73.9274,-139.0574,1,0,0,0,0,0,0,0,0
1998147,-73.9274,-139.0574,1,0,0,0,0,0,0,0,0
1998148,-73.9447,-139.0919,1,0,0,0,0,0,0,0,0
1998149,-73.9793,-139.1608,1,0,0,0,0,0,0,0,0
1998150,-74.0139,-139.2297,1,0,0,0,0,0,0,0,0
1998151,-74.0312,-139.2642,1,0,0,0,0,0,0,0,0
1998152,-74.0312,-139.2642,1,0,0,0,0,0,0,0,0
1998153,-74.0312,-139.2642,1,0,0,0,0,0,0,0,0
1998154,-74.0305,-139.3463,1,0,0,0,0,0,0,0,0
1998155,-74.029,-139.5105,1,0,0,0,0,0,0,0,0
1998156,-74.0276,-139.6748,1,0,0,0,0,0,0,0,0
1998157,-74.0269,-139.7569,1,0,0,0,0,0,0,0,0
1998158,-74.0269,-139.7569,1,0,0,0,0,0,0,0,0
1998159,-74.0269,-139.7569,1,0,0,0,0,0,0,0,0
1998160,-74.0269,-139.7569,1,0,0,0,0,0,0,0,0
1998161,-74.0269,-139.7569,1,0,0,0,0,0,0,0,0
1998162,-74.0269,-139.7569,1,0,0,0,0,0,0,0,0
1998163,-74.0269,-139.7569,1,0,0,0,0,0,0,0,0
1998164,-74.0269,-139.7569,1,0,0,0,0,0,0,0,0
1998165,-74.0269,-139.7569,1,0,0,0,0,0,0,0,0
1998166,-74.0269,-139.7569,1,0,0,0,0,0,0,0,0
1998167,-74.0269,-139.7569,1,0,0,0,0,0,0,0,0
1998168,-74.0269,-139.7569,1,0,0,0,0,0,0,0,0
1998169,-74.0269,-139.7569,1,0,0,0,0,0,0,0,0
1998170,-74.0269,-139.7569,1,0,0,0,0,0,0,0,0
1998171,-74.0269,-139.7569,1,0,0,0,0,0,0,0,0
1998172,-74.0456,-140.004,1,0,0,0,0,0,0,0,0
1998173,-74.0831,-140.4982,1,0,0,0,0,0,0,0,0
1998174,-74.1205,-140.9923,1,0,0,0,0,0,0,0,0
1998175,-74.1392,-141.2394,1,0,0,0,0,0,0,0,0
1998176,-74.1392,-141.2394,1,0,0,0,0,0,0,0,0
1998177,-74.1392,-141.2394,1,0,0,0,0,0,0,0,0
1998178,-74.1449,-141.3945,1,0,0,0,0,0,0,0,0
1998179,-74.1561,-141.7045,1,0,0,0,0,0,0,0,0
1998180,-74.1675,-142.0147,1,0,0,0,0,0,0,0,0
1998181,-74.1731,-142.1697,1,0,0,0,0,0,0,0,0
1998182,-74.1731,-142.1697,1,0,0,0,0,0,0,0,0
1998183,-74.1731,-142.1697,1,0,0,0,0,0,0,0,0
1998184,-74.1757,-142.2631,1,0,0,0,0,0,0,0,0
1998185,-74.181,-142.45,1,0,0,0,0,0,0,0,0
1998186,-74.1863,-142.6369,1,0,0,0,0,0,0,0,0
1998187,-74.1889,-142.7303,1,0,0,0,0,0,0,0,0
1998188,-74.1889,-142.7303,1,0,0,0,0,0,0,0,0
1998189,-74.1889,-142.7303,1,0,0,0,0,0,0,0,0
1998190,-74.1889,-142.7303,1,0,0,0,0,0,0,0,0
1998191,-74.1889,-142.7303,1,0,0,0,0,0,0,0,0
1998192,-74.1889,-142.7303,1,0,0,0,0,0,0,0,0
1998193,-74.2616,-143.2809,0,0,0,0,0,0,0,0,0
1998194,-74.4258,-144.5163,0,0,0,0,0,0,0,0,0
1998195,-74.6004,-145.8124,0,0,0,0,0,0,0,0,0
1998196,-74.7044,-146.5447,1,0,0,0,0,0,0,0,0
1998197,-74.7331,-146.7066,1,0,0,0,0,0,0,0,0
1998198,-74.7618,-146.8685,1,0,0,0,0,0,0,0,0
1998199,-74.7762,-146.9494,1,0,0,0,0,0,0,0,0
1998200,-74.7762,-146.9494,1,0,0,0,0,0,0,0,0
1998201,-74.7762,-146.9494,1,0,0,0,0,0,0,0,0
1998202,-74.7919,-147.0791,1,0,0,0,0,0,0,0,0
1998203,-74.8234,-147.3386,1,0,0,0,0,0,0,0,0
1998204,-74.8549,-147.5981,1,0,0,0,0,0,0,0,0
1998205,-74.8706,-147.7278,1,0,0,0,0,0,0,0,0
1998206,-74.8706,-147.7278,1,0,0,0,0,0,0,0,0
1998207,-74.8706,-147.7278,1,0,0,0,0,0,0,0,0
1998208,-74.8902,-147.8489,1,0,0,0,0,0,0,0,0
1998209,-74.9295,-148.0911,1,0,0,0,0,0,0,0,0
1998210,-74.9687,-148.3333,1,0,0,0,0,0,0,0,0
1998211,-74.9883,-148.4544,1,0,0,0,0,0,0,0,0
1998212,-74.9883,-148.4544,1,0,0,0,0,0,0,0,0
1998213,-74.9883,-148.4544,1,0,0,0,0,0,0,0,0
1998214,-75.0266,-148.8247,1,0,0,0,0,0,0,0,0
1998215,-75.103,-149.5654,1,0,0,0,0,0,0,0,0
1998216,-75.1795,-150.3061,1,0,0,0,0,0,0,0,0
1998217,-75.2178,-150.6764,1,0,0,0,0,0,0,0,0
1998218,-75.2178,-150.6764,1,0,0,0,0,0,0,0,0
1998219,-75.2178,-150.6764,1,0,0,0,0,0,0,0,0
1998220,-75.2536,-150.8779,1,0,0,0,0,0,0,0,0
1998221,-75.3254,-151.2808,1,0,0,0,0,0,0,0,0
1998222,-75.3971,-151.6837,1,0,0,0,0,0,0,0,0
1998223,-75.4483,-151.958,1,0,0,0,0,0,0,0,0
1998224,-75.4792,-152.1037,1,0,0,0,0,0,0,0,0
1998225,-75.5101,-152.2493,1,0,0,0,0,0,0,0,0
1998226,-75.5499,-152.3933,1,0,0,0,0,0,0,0,0
1998227,-75.5987,-152.5357,1,0,0,0,0,0,0,0,0
1998228,-75.6475,-152.6781,1,0,0,0,0,0,0,0,0
1998229,-75.6871,-152.8407,1,0,0,0,0,0,0,0,0
1998230,-75.7174,-153.0233,1,0,0,0,0,0,0,0,0
1998231,-75.7478,-153.2061,1,0,0,0,0,0,0,0,0
1998232,-75.7948,-153.5656,1,0,0,0,0,0,0,0,0
1998233,-75.8585,-154.1021,1,0,0,0,0,0,0,0,0
1998234,-75.9221,-154.6385,1,0,0,0,0,0,0,0,0
1998235,-75.9672,-155.026,1,0,0,0,0,0,0,0,0
1998236,-75.9939,-155.2645,1,0,0,0,0,0,0,0,0
1998237,-76.0205,-155.5029,1,0,0,0,0,0,0,0,0
1998238,-76.0555,-155.72,1,0,0,0,0,0,0,0,0
1998239,-76.0988,-155.9155,1,0,0,0,0,0,0,0,0
1998240,-76.1421,-156.111,1,0,0,0,0,0,0,0,0
1998241,-76.191,-156.3298,1,0,0,0,0,0,0,0,0
1998242,-76.2454,-156.5718,1,0,0,0,0,0,0,0,0
1998243,-76.2997,-156.8137,1,0,0,0,0,0,0,0,0
1998244,-76.3269,-156.9347,1,0,0,0,0,0,0,0,0
1998245,-76.3269,-156.9347,1,0,0,0,0,0,0,0,0
1998246,-76.3269,-156.9347,1,0,0,0,0,0,0,0,0
1998247,-76.3269,-156.9347,1,0,0,0,0,0,0,0,0
1998248,-76.3269,-156.9347,1,0,0,0,0,0,0,0,0
1998249,-76.3269,-156.9347,1,0,0,0,0,0,0,0,0
1998250,-76.3269,-156.9347,1,0,0,0,0,0,0,0,0
1998251,-76.3269,-156.9347,1,0,0,0,0,0,0,0,0
1998252,-76.3269,-156.9347,1,0,0,0,0,0,0,0,0
1998253,-76.3322,-157.0644,1,0,0,0,0,0,0,0,0
1998254,-76.3428,-157.3237,1,0,0,0,0,0,0,0,0
1998255,-76.3535,-157.5831,1,0,0,0,0,0,0,0,0
1998256,-76.345,-157.8361,1,0,0,0,0,0,0,0,0
1998257,-76.3174,-158.0827,1,0,0,0,0,0,0,0,0
1998258,-76.2897,-158.3293,1,0,0,0,0,0,0,0,0
1998259,-76.2683,-158.5868,1,0,0,0,0,0,0,0,0
1998260,-76.2531,-158.8552,1,0,0,0,0,0,0,0,0
1998261,-76.2378,-159.1236,1,0,0,0,0,0,0,0,0
1998262,-76.2037,-159.2835,1,0,0,0,0,0,0,0,0
1998263,-76.1506,-159.3349,1,0,0,0,0,0,0,0,0
1998264,-76.0975,-159.3864,1,0,0,0,0,0,0,0,0
1998265,-76.0499,-159.4974,1,0,0,0,0,0,0,0,0
1998266,-76.0076,-159.668,1,0,0,0,0,0,0,0,0
1998267,-75.9653,-159.8386,1,0,0,0,0,0,0,0,0
1998268,-75.9217,-159.9938,1,0,0,0,0,0,0,0,0
1998269,-75.8766,-160.1336,1,0,0,0,0,0,0,0,0
1998270,-75.8315,-160.2735,1,0,0,0,0,0,0,0,0
1998271,-75.7895,-160.3857,1,0,0,0,0,0,0,0,0
1998272,-75.7504,-160.4704,1,0,0,0,0,0,0,0,0
1998273,-75.7113,-160.5551,1,0,0,0,0,0,0,0,0
1998274,-75.6856,-160.628,1,0,0,0,0,0,0,0,0
1998275,-75.6731,-160.6893,1,0,0,0,0,0,0,0,0
1998276,-75.6606,-160.7506,1,0,0,0,0,0,0,0,0
1998277,-75.6544,-160.7812,1,0,0,0,0,0,0,0,0
1998278,-75.6544,-160.7812,1,0,0,0,0,0,0,0,0
1998279,-75.6544,-160.7812,1,0,0,0,0,0,0,0,0
1998280,-75.6515,-160.9154,1,0,0,0,0,0,0,0,0
1998281,-75.6457,-161.1839,1,0,0,0,0,0,0,0,0
1998282,-75.6399,-161.4524,1,0,0,0,0,0,0,0,0
1998283,-75.637,-161.5866,1,0,0,0,0,0,0,0,0
1998284,-75.637,-161.5866,1,0,0,0,0,0,0,0,0
1998285,-75.637,-161.5866,1,0,0,0,0,0,0,0,0
1998286,-75.6207,-161.6928,1,0,0,0,0,0,0,0,0
1998287,-75.5882,-161.9051,1,0,0,0,0,0,0,0,0
1998288,-75.5557,-162.1174,1,0,0,0,0,0,0,0,0
1998289,-75.5213,-162.2179,1,0,0,0,0,0,0,0,0
1998290,-75.4852,-162.2065,1,0,0,0,0,0,0,0,0
1998291,-75.449,-162.195,1,0,0,0,0,0,0,0,0
1998292,-75.415,-162.1673,1,0,0,0,0,0,0,0,0
1998293,-75.383,-162.1232,1,0,0,0,0,0,0,0,0
1998294,-75.3511,-162.0792,1,0,0,0,0,0,0,0,0
1998295,-75.3352,-162.0572,1,0,0,0,0,0,0,0,0
1998296,-75.3352,-162.0572,1,0,0,0,0,0,0,0,0
1998297,-75.3352,-162.0572,1,0,0,0,0,0,0,0,0
1998298,-75.3403,-162.1638,1,0,0,0,0,0,0,0,0
1998299,-75.3505,-162.3771,1,0,0,0,0,0,0,0,0
1998300,-75.3607,-162.5904,1,0,0,0,0,0,0,0,0
1998301,-75.3625,-162.7914,1,0,0,0,0,0,0,0,0
1998302,-75.3558,-162.9803,1,0,0,0,0,0,0,0,0
1998303,-75.3491,-163.1693,1,0,0,0,0,0,0,0,0
1998304,-75.3391,-163.3615,1,0,0,0,0,0,0,0,0
1998305,-75.3256,-163.5571,1,0,0,0,0,0,0,0,0
1998306,-75.3121,-163.7527,1,0,0,0,0,0,0,0,0
1998307,-75.2752,-163.9185,1,0,0,0,0,0,0,0,0
1998308,-75.2147,-164.0545,1,0,0,0,0,0,0,0,0
1998309,-75.1542,-164.1904,1,0,0,0,0,0,0,0,0
1998310,-75.109,-164.124,1,0,0,0,0,0,0,0,0
1998311,-75.079,-163.8553,1,0,0,0,0,0,0,0,0
1998312,-75.049,-163.5865,1,0,0,0,0,0,0,0,0
1998313,-75.0136,-163.395,1,0,0,0,0,0,0,0,0
1998314,-74.9728,-163.2808,1,0,0,0,0,0,0,0,0
1998315,-74.932,-163.1666,1,0,0,0,0,0,0,0,0
1998316,-74.8987,-163.0576,1,0,0,0,0,0,0,0,0
1998317,-74.8728,-162.9536,1,0,0,0,0,0,0,0,0
1998318,-74.847,-162.8498,1,0,0,0,0,0,0,0,0
1998319,-74.8139,-162.7883,1,0,0,0,0,0,0,0,0
1998320,-74.7735,-162.7692,1,0,0,0,0,0,0,0,0
1998321,-74.7331,-162.7501,1,0,0,0,0,0,0,0,0
1998322,-74.6903,-162.767,1,0,0,0,0,0,0,0,0
1998323,-74.6452,-162.8196,1,0,0,0,0,0,0,0,0
1998324,-74.6001,-162.8724,1,0,0,0,0,0,0,0,0
1998325,-74.5775,-162.8987,1,0,0,0,0,0,0,0,0
1998326,-74.5775,-162.8987,1,0,0,0,0,0,0,0,0
1998327,-74.5775,-162.8987,1,0,0,0,0,0,0,0,0
1998328,-74.5932,-162.9809,1,0,0,0,0,0,0,0,0
1998329,-74.6245,-163.1454,1,0,0,0,0,0,0,0,0
1998330,-74.6558,-163.3099,1,0,0,0,0,0,0,0,0
1998331,-74.6715,-163.3921,1,0,0,0,0,0,0,0,0
1998332,-74.6715,-163.3921,1,0,0,0,0,0,0,0,0
1998333,-74.6715,-163.3921,1,0,0,0,0,0,0,0,0
1998334,-74.6332,-163.4009,1,0,0,0,0,0,0,0,0
1998335,-74.5566,-163.4186,1,0,0,0,0,0,0,0,0
1998336,-74.48,-163.4363,1,0,0,0,0,0,0,0,0
1998337,-74.4307,-163.5034,1,0,0,0,0,0,0,0,0
1998338,-74.4088,-163.6201,1,0,0,0,0,0,0,0,0
1998339,-74.3869,-163.7368,1,0,0,0,0,0,0,0,0
1998340,-74.3541,-163.831,1,0,0,0,0,0,0,0,0
1998341,-74.3106,-163.9027,1,0,0,0,0,0,0,0,0
1998342,-74.2671,-163.9744,1,0,0,0,0,0,0,0,0
1998343,-74.2453,-164.0103,1,0,0,0,0,0,0,0,0
1998344,-74.2453,-164.0103,1,0,0,0,0,0,0,0,0
1998345,-74.2453,-164.0103,1,0,0,0,0,0,0,0,0
1998346,-74.2249,-164.1087,1,0,0,0,0,0,0,0,0
1998347,-74.1842,-164.3055,1,0,0,0,0,0,0,0,0
1998348,-74.1434,-164.5023,1,0,0,0,0,0,0,0,0
1998349,-74.1371,-164.6695,1,0,0,0,0,0,0,0,0
1998350,-74.1652,-164.807,1,0,0,0,0,0,0,0,0
1998351,-74.1933,-164.9445,1,0,0,0,0,0,0,0,0
1998352,-74.2074,-165.0133,1,0,0,0,0,0,0,0,0
1998353,-74.2074,-165.0133,1,0,0,0,0,0,0,0,0
1998354,-74.2074,-165.0133,1,0,0,0,0,0,0,0,0
1998355,-74.2369,-164.938,1,0,0,0,0,0,0,0,0
1998356,-74.2957,-164.7874,1,0,0,0,0,0,0,0,0
1998357,-74.3547,-164.6367,1,0,0,0,0,0,0,0,0
1998358,-74.3841,-164.5614,1,0,0,0,0,0,0,0,0
1998359,-74.3841,-164.5614,1,0,0,0,0,0,0,0,0
1998360,-74.3841,-164.5614,1,0,0,0,0,0,0,0,0
1998361,-74.3841,-164.5614,1,0,0,0,0,0,0,0,0
1998362,-74.3841,-164.5614,1,0,0,0,0,0,0,0,0
1998363,-74.3841,-164.5614,1,0,0,0,0,0,0,0,0
1998364,-74.3841,-164.5614,1,0,0,0,0,0,0,0,0
1998365,-74.3841,-164.5614,0,0,0,0,0,0,0,0,0
1999001,-74.3841,-164.5614,1,0,0,0,0,0,0,0,0
1999002,-74.3841,-164.5614,1,0,0,0,0,0,0,0,0
1999003,-74.3841,-164.5614,1,0,0,0,0,0,0,0,0
1999004,-74.3686,-164.5452,1,0,0,0,0,0,0,0,0
1999005,-74.3376,-164.5127,1,0,0,0,0,0,0,0,0
1999006,-74.3067,-164.4801,1,0,0,0,0,0,0,0,0
1999007,-74.2912,-164.4639,1,0,0,0,0,0,0,0,0
1999008,-74.2912,-164.4639,1,0,0,0,0,0,0,0,0
1999009,-74.2912,-164.4639,1,0,0,0,0,0,0,0,0
1999010,-74.2912,-164.4639,1,0,0,0,0,0,0,0,0
1999011,-74.2912,-164.4639,1,0,0,0,0,0,0,0,0
1999012,-74.2912,-164.4639,1,0,0,0,0,0,0,0,0
1999013,-74.2956,-164.4983,1,0,0,0,0,0,0,0,0
1999014,-74.3045,-164.5671,1,0,0,0,0,0,0,0,0
1999015,-74.3134,-164.636,1,0,0,0,0,0,0,0,0
1999016,-74.3178,-164.6704,1,0,0,0,0,0,0,0,0
1999017,-74.3178,-164.6704,1,0,0,0,0,0,0,0,0
1999018,-74.3178,-164.6704,1,0,0,0,0,0,0,0,0
1999019,-74.3178,-164.6704,1,0,0,0,0,0,0,0,0
1999020,-74.3178,-164.6704,1,0,0,0,0,0,0,0,0
1999021,-74.3178,-164.6704,1,0,0,0,0,0,0,0,0
1999022,-74.3178,-164.6704,1,0,0,0,0,0,0,0,0
1999023,-74.3178,-164.6704,1,0,0,0,0,0,0,0,0
1999024,-74.3178,-164.6704,1,0,0,0,0,0,0,0,0
1999025,-74.304,-164.6262,1,0,0,0,0,0,0,0,0
1999026,-74.2763,-164.5378,1,0,0,0,0,0,0,0,0
1999027,-74.2485,-164.4495,1,0,0,0,0,0,0,0,0
1999028,-74.2347,-164.4053,1,0,0,0,0,0,0,0,0
1999029,-74.2347,-164.4053,1,0,0,0,0,0,0,0,0
1999030,-74.2347,-164.4053,1,0,0,0,0,0,0,0,0
1999031,-74.2392,-164.4658,1,0,0,0,0,0,0,0,0
1999032,-74.2482,-164.5867,1,0,0,0,0,0,0,0,0
1999033,-74.2573,-164.7076,1,0,0,0,0,0,0,0,0
1999034,-74.2618,-164.7681,1,0,0,0,0,0,0,0,0
1999035,-74.2618,-164.7681,1,0,0,0,0,0,0,0,0
1999036,-74.2618,-164.7681,1,0,0,0,0,0,0,0,0
1999037,-74.2618,-164.7681,1,0,0,0,0,0,0,0,0
1999038,-74.2618,-164.7681,1,0,0,0,0,0,0,0,0
1999039,-74.2618,-164.7681,1,0,0,0,0,0,0,0,0
1999040,-74.2618,-164.7681,1,0,0,0,0,0,0,0,0
1999041,-74.2618,-164.7681,1,0,0,0,0,0,0,0,0
1999042,-74.2618,-164.7681,1,0,0,0,0,0,0,0,0
1999043,-74.2288,-164.749,1,0,0,0,0,0,0,0,0
1999044,-74.1627,-164.7107,1,0,0,0,0,0,0,0,0
1999045,-74.0967,-164.6724,1,0,0,0,0,0,0,0,0
1999046,-74.0689,-164.7192,1,0,0,0,0,0,0,0,0
1999047,-74.0794,-164.851,1,0,0,0,0,0,0,0,0
1999048,-74.0898,-164.9828,1,0,0,0,0,0,0,0,0
1999049,-74.095,-165.0487,1,0,0,0,0,0,0,0,0
1999050,-74.095,-165.0487,1,0,0,0,0,0,0,0,0
1999051,-74.095,-165.0487,1,0,0,0,0,0,0,0,0
1999052,-74.095,-165.0487,1,0,0,0,0,0,0,0,0
1999053,-74.095,-165.0487,1,0,0,0,0,0,0,0,0
1999054,-74.095,-165.0487,1,0,0,0,0,0,0,0,0
1999055,-74.095,-165.0487,1,0,0,0,0,0,0,0,0
1999056,-74.095,-165.0487,1,0,0,0,0,0,0,0,0
1999057,-74.095,-165.0487,1,0,0,0,0,0,0,0,0
1999058,-74.095,-165.0487,1,0,0,0,0,0,0,0,0
1999059,-74.095,-165.0487,1,0,0,0,0,0,0,0,0
1999060,-74.095,-165.0487,1,0,0,0,0,0,0,0,0
1999061,-74.0674,-165.1755,1,0,0,0,0,0,0,0,0
1999062,-74.0121,-165.4292,1,0,0,0,0,0,0,0,0
1999063,-73.9568,-165.683,1,0,0,0,0,0,0,0,0
1999064,-73.9342,-165.9053,1,0,0,0,0,0,0,0,0
1999065,-73.9442,-166.0965,1,0,0,0,0,0,0,0,0
1999066,-73.9542,-166.2876,1,0,0,0,0,0,0,0,0
1999067,-73.9592,-166.3831,1,0,0,0,0,0,0,0,0
1999068,-73.9592,-166.3831,1,0,0,0,0,0,0,0,0
1999069,-73.9592,-166.3831,1,0,0,0,0,0,0,0,0
1999070,-73.9528,-166.5259,1,0,0,0,0,0,0,0,0
1999071,-73.9401,-166.8115,1,0,0,0,0,0,0,0,0
1999072,-73.9274,-167.0971,1,0,0,0,0,0,0,0,0
1999073,-73.9122,-167.3207,1,0,0,0,0,0,0,0,0
1999074,-73.8947,-167.4824,1,0,0,0,0,0,0,0,0
1999075,-73.8771,-167.6441,1,0,0,0,0,0,0,0,0
1999076,-73.8739,-167.7887,1,0,0,0,0,0,0,0,0
1999077,-73.8852,-167.9164,1,0,0,0,0,0,0,0,0
1999078,-73.8964,-168.0441,1,0,0,0,0,0,0,0,0
1999079,-73.8814,-168.1103,1,0,0,0,0,0,0,0,0
1999080,-73.8402,-168.1151,1,0,0,0,0,0,0,0,0
1999081,-73.799,-168.1199,1,0,0,0,0,0,0,0,0
1999082,-73.7784,-168.1223,1,0,0,0,0,0,0,0,0
1999083,-73.7784,-168.1223,1,0,0,0,0,0,0,0,0
1999084,-73.7784,-168.1223,1,0,0,0,0,0,0,0,0
1999085,-73.7535,-168.2575,1,0,0,0,0,0,0,0,0
1999086,-73.7037,-168.5277,1,0,0,0,0,0,0,0,0
1999087,-73.654,-168.798,1,0,0,0,0,0,0,0,0
1999088,-73.6165,-169.0138,1,0,0,0,0,0,0,0,0
1999089,-73.5911,-169.1748,1,0,0,0,0,0,0,0,0
1999090,-73.5659,-169.3359,1,0,0,0,0,0,0,0,0
1999091,-73.5592,-169.4973,1,0,0,0,0,0,0,0,0
1999092,-73.5712,-169.6589,1,0,0,0,0,0,0,0,0
1999093,-73.5832,-169.8205,1,0,0,0,0,0,0,0,0
1999094,-73.6012,-169.9357,1,0,0,0,0,0,0,0,0
1999095,-73.6252,-170.0044,1,0,0,0,0,0,0,0,0
1999096,-73.6492,-170.0731,1,0,0,0,0,0,0,0,0
1999097,-73.6535,-170.1606,1,0,0,0,0,0,0,0,0
1999098,-73.638,-170.2666,1,0,0,0,0,0,0,0,0
1999099,-73.6225,-170.3727,1,0,0,0,0,0,0,0,0
1999100,-73.6052,-170.5521,1,0,0,0,0,0,0,0,0
1999101,-73.5859,-170.8047,1,0,0,0,0,0,0,0,0
1999102,-73.5666,-171.0573,1,0,0,0,0,0,0,0,0
1999103,-73.5355,-171.2365,1,0,0,0,0,0,0,0,0
1999104,-73.4924,-171.3424,1,0,0,0,0,0,0,0,0
1999105,-73.4493,-171.4482,1,0,0,0,0,0,0,0,0
1999106,-73.4278,-171.5011,1,0,0,0,0,0,0,0,0
1999107,-73.4278,-171.5011,1,0,0,0,0,0,0,0,0
1999108,-73.4278,-171.5011,1,0,0,0,0,0,0,0,0
1999109,-73.4032,-171.561,1,0,0,0,0,0,0,0,0
1999110,-73.3539,-171.6807,1,0,0,0,0,0,0,0,0
1999111,-73.3047,-171.8004,1,0,0,0,0,0,0,0,0
1999112,-73.259,-171.8821,1,0,0,0,0,0,0,0,0
1999113,-73.2168,-171.9257,1,0,0,0,0,0,0,0,0
1999114,-73.1747,-171.9694,1,0,0,0,0,0,0,0,0
1999115,-73.1313,-171.9844,1,0,0,0,0,0,0,0,0
1999116,-73.0868,-171.9708,1,0,0,0,0,0,0,0,0
1999117,-73.0423,-171.9572,1,0,0,0,0,0,0,0,0
1999118,-73.0018,-171.9592,1,0,0,0,0,0,0,0,0
1999119,-72.9652,-171.9768,1,0,0,0,0,0,0,0,0
1999120,-72.9287,-171.9944,1,0,0,0,0,0,0,0,0
1999121,-72.9104,-172.0032,1,0,0,0,0,0,0,0,0
1999122,-72.9104,-172.0032,1,0,0,0,0,0,0,0,0
1999123,-72.9104,-172.0032,1,0,0,0,0,0,0,0,0
1999124,-72.8872,-172.1004,1,0,0,0,0,0,0,0,0
1999125,-72.8409,-172.2946,1,0,0,0,0,0,0,0,0
1999126,-72.7946,-172.4889,1,0,0,0,0,0,0,0,0
1999127,-72.7714,-172.5861,1,0,0,0,0,0,0,0,0
1999128,-72.7714,-172.5861,1,0,0,0,0,0,0,0,0
1999129,-72.7714,-172.5861,1,0,0,0,0,0,0,0,0
1999130,-72.7582,-172.6826,1,0,0,0,0,0,0,0,0
1999131,-72.7318,-172.8755,1,0,0,0,0,0,0,0,0
1999132,-72.7053,-173.0684,1,0,0,0,0,0,0,0,0
1999133,-72.6921,-173.1649,1,0,0,0,0,0,0,0,0
1999134,-72.6921,-173.1649,1,0,0,0,0,0,0,0,0
1999135,-72.6921,-173.1649,1,0,0,0,0,0,0,0,0
1999136,-72.6712,-173.2462,1,0,0,0,0,0,0,0,0
1999137,-72.6295,-173.4087,1,0,0,0,0,0,0,0,0
1999138,-72.5878,-173.5713,1,0,0,0,0,0,0,0,0
1999139,-72.5325,-173.7372,1,0,0,0,0,0,0,0,0
1999140,-72.4638,-173.9064,1,0,0,0,0,0,0,0,0
1999141,-72.3951,-174.0756,1,0,0,0,0,0,0,0,0
1999142,-72.3367,-174.1956,1,0,0,0,0,0,0,0,0
1999143,-72.2886,-174.2665,1,0,0,0,0,0,0,0,0
1999144,-72.2406,-174.3373,1,0,0,0,0,0,0,0,0
1999145,-72.189,-174.4086,1,0,0,0,0,0,0,0,0
1999146,-72.1338,-174.4805,1,0,0,0,0,0,0,0,0
1999147,-72.0786,-174.5523,1,0,0,0,0,0,0,0,0
1999148,-72.0266,-174.612,1,0,0,0,0,0,0,0,0
1999149,-71.9779,-174.6594,1,0,0,0,0,0,0,0,0
1999150,-71.9291,-174.707,1,0,0,0,0,0,0,0,0
1999151,-71.8912,-174.729,1,0,0,0,0,0,0,0,0
1999152,-71.8642,-174.7255,1,0,0,0,0,0,0,0,0
1999153,-71.8373,-174.7219,1,0,0,0,0,0,0,0,0
1999154,-71.8238,-174.7202,1,0,0,0,0,0,0,0,0
1999155,-71.8238,-174.7202,1,0,0,0,0,0,0,0,0
1999156,-71.8238,-174.7202,1,0,0,0,0,0,0,0,0
1999157,-71.8169,-174.7708,1,0,0,0,0,0,0,0,0
1999158,-71.8031,-174.8722,1,0,0,0,0,0,0,0,0
1999159,-71.7892,-174.9735,1,0,0,0,0,0,0,0,0
1999160,-71.7655,-175.0875,1,0,0,0,0,0,0,0,0
1999161,-71.7319,-175.2142,1,0,0,0,0,0,0,0,0
1999162,-71.6982,-175.341,1,0,0,0,0,0,0,0,0
1999163,-71.6598,-175.4841,1,0,0,0,0,0,0,0,0
1999164,-71.6166,-175.6436,1,0,0,0,0,0,0,0,0
1999165,-71.5734,-175.8031,1,0,0,0,0,0,0,0,0
1999166,-71.5568,-175.9504,1,0,0,0,0,0,0,0,0
1999167,-71.5669,-176.0854,1,0,0,0,0,0,0,0,0
1999168,-71.577,-176.2205,1,0,0,0,0,0,0,0,0
1999169,-71.6022,-176.2886,1,0,0,0,0,0,0,0,0
1999170,-71.6428,-176.2897,1,0,0,0,0,0,0,0,0
1999171,-71.6833,-176.2908,1,0,0,0,0,0,0,0,0
1999172,-71.7116,-176.3704,1,0,0,0,0,0,0,0,0
1999173,-71.7277,-176.5285,1,0,0,0,0,0,0,0,0
1999174,-71.7438,-176.6866,1,0,0,0,0,0,0,0,0
1999175,-71.7339,-176.9178,1,0,0,0,0,0,0,0,0
1999176,-71.6981,-177.2223,1,0,0,0,0,0,0,0,0
1999177,-71.6623,-177.5267,1,0,0,0,0,0,0,0,0
1999178,-71.6269,-177.7599,1,0,0,0,0,0,0,0,0
1999179,-71.5919,-177.9218,1,0,0,0,0,0,0,0,0
1999180,-71.557,-178.0837,1,0,0,0,0,0,0,0,0
1999181,-71.5182,-178.203,1,0,0,0,0,0,0,0,0
1999182,-71.4756,-178.2799,1,0,0,0,0,0,0,0,0
1999183,-71.433,-178.3568,1,0,0,0,0,0,0,0,0
1999184,-71.3982,-178.3751,1,0,0,0,0,0,0,0,0
1999185,-71.371,-178.3348,1,0,0,0,0,0,0,0,0
1999186,-71.3439,-178.2945,1,0,0,0,0,0,0,0,0
1999187,-71.3015,-178.2358,1,0,0,0,0,0,0,0,0
1999188,-71.2438,-178.1586,1,0,0,0,0,0,0,0,0
1999189,-71.186,-178.0814,1,0,0,0,0,0,0,0,0
1999190,-71.1271,-178.036,1,0,0,0,0,0,0,0,0
1999191,-71.067,-178.0222,1,0,0,0,0,0,0,0,0
1999192,-71.007,-178.0086,1,0,0,0,0,0,0,0,0
1999193,-70.9556,-178.0193,1,0,0,0,0,0,0,0,0
1999194,-70.9126,-178.0546,1,0,0,0,0,0,0,0,0
1999195,-70.8697,-178.0898,1,0,0,0,0,0,0,0,0
1999196,-70.8304,-178.155,1,0,0,0,0,0,0,0,0
1999197,-70.7946,-178.2501,1,0,0,0,0,0,0,0,0
1999198,-70.7589,-178.3452,1,0,0,0,0,0,0,0,0
1999199,-70.7141,-178.3692,1,0,0,0,0,0,0,0,0
1999200,-70.6603,-178.3221,1,0,0,0,-70.6651,-178.2155,1,0,0
1999201,-70.6066,-178.275,1,0,0,0,-70.6651,-178.2155,1,0,0
1999202,-70.5778,-178.2116,1,0,0,0,-70.6624,-177.9744,1,0,0
1999203,-70.5739,-178.132,1,0,0,0,-70.6609,-177.8539,1,0,0
1999204,-70.5701,-178.0523,1,0,0,0,-70.6609,-177.8539,1,0,0
1999205,-70.5717,-177.8963,1,0,0,0,-70.6594,-177.7334,1,0,0
1999206,-70.5786,-177.6639,1,0,0,0,-70.696,-177.4872,1,0,0
1999207,-70.5855,-177.4316,1,0,0,0,-70.6923,-177.2459,1,0,0
1999208,-70.5618,-177.2,1,0,0,0,-70.6484,-177.0109,1,0,0
1999209,-70.5073,-176.9691,1,0,0,0,-70.6064,-176.8971,1,0,0
1999210,-70.4528,-176.7382,1,0,0,0,-70.5244,-176.7905,1,0,0
1999211,-70.3819,-176.6164,1,0,0,0,-70.3977,-176.4542,1,0,0
1999212,-70.2946,-176.6037,1,0,0,0,-70.3579,-176.4615,1,0,0
1999213,-70.2072,-176.5909,1,0,0,0,-70.318,-176.4689,1,0,0
1999214,-70.1319,-176.6635,1,0,0,0,-70.2407,-176.6012,1,0,0
1999215,-70.0686,-176.8213,1,0,0,0,-70.2032,-176.7257,1,0,0
1999216,-70.0053,-176.9791,1,0,0,0,-70.1656,-176.8497,1,0,0
1999217,-69.9485,-177.1534,1,0,0,0,-70.1279,-176.9733,1,0,0
1999218,-69.8983,-177.3441,1,0,0,0,-70.0921,-177.2133,1,0,0
1999219,-69.8482,-177.5348,1,0,0,0,-70.0161,-177.4576,1,0,0
1999220,-69.8018,-177.6515,1,0,0,0,-69.9364,-177.4679,1,0,0
1999221,-69.7593,-177.694,1,0,0,0,-69.8585,-177.5937,1,0,0
1999222,-69.7167,-177.7364,1,0,0,0,-69.8218,-177.8293,1,0,0
1999223,-69.6694,-177.8037,1,0,0,0,-69.782,-177.8337,1,0,0
1999224,-69.6175,-177.8956,1,0,0,0,-69.7421,-177.838,1,0,0
1999225,-69.5655,-177.9874,1,0,0,0,-69.7023,-177.8424,1,0,0
1999226,-69.5395,-178.0334,1,0,0,0,-69.7023,-177.8424,1,0,0
1999227,-69.5395,-178.0334,1,0,0,0,-69.6211,-177.7367,1,0,0
1999228,-69.5395,-178.0334,1,0,0,0,-69.6227,-177.851,1,0,0
1999229,-69.5191,-178.1536,1,0,0,0,-69.5843,-177.9693,1,0,0
1999230,-69.4784,-178.3941,1,0,0,0,-69.5472,-178.201,1,0,0
1999231,-69.4377,-178.6346,1,0,0,0,-69.5472,-178.201,1,0,0
1999232,-69.4046,-178.8399,1,0,0,0,-69.5495,-178.4287,1,0,0
1999233,-69.3791,-179.0102,1,0,0,0,-69.5126,-178.7728,1,0,0
1999234,-69.3535,-179.1805,1,0,0,0,-69.5148,-179.1139,1,0,0
1999235,-69.3408,-179.2656,1,0,0,0,-69.475,-179.1156,1,0,0
1999236,-69.3408,-179.2656,1,0,0,0,-69.4756,-179.2291,1,0,0
1999237,-69.3408,-179.2656,1,0,0,0,-69.4362,-179.3439,1,0,0
1999238,-69.3529,-179.3548,1,0,0,0,-69.4765,-179.4561,1,0,0
1999239,-69.3769,-179.5333,1,0,0,0,-69.5163,-179.455,1,0,0
1999240,-69.401,-179.7118,1,0,0,0,-69.5565,-179.5679,1,0,0
1999241,-69.4131,-179.8011,1,0,0,0,-69.5966,-179.6812,1,0,0
1999242,-69.4131,-179.8011,1,0,0,0,-69.5967,-179.7954,1,0,0
1999243,-69.4131,-179.8011,1,0,0,0,-69.5172,179.9764,1,0,0
1999244,-69.408,-179.9049,1,0,0,0,-69.4774,179.9764,1,0,0
1999245,-69.3979,179.97,1,0,0,0,-69.4774,-179.9101,1,0,0
1999246,-69.3877,179.6798,1,0,0,0,-69.4774,179.9764,1,0,0
1999247,-69.3826,179.576,1,0,0,0,-69.4773,179.8629,1,0,0
1999248,-69.3826,179.576,1,0,0,0,-69.5563,179.5205,1,0,0
1999249,-69.3826,179.576,1,0,0,0,-69.4763,179.4089,1,0,0
1999250,-69.3375,179.6059,1,0,0,0,-69.397,179.5243,1,0,0
1999251,-69.2475,179.6655,1,0,0,0,-69.3572,179.5252,1,0,0
1999252,-69.1574,179.7252,1,0,0,0,-69.2381,179.6402,1,0,0
1999253,-69.0676,179.7923,1,0,0,0,-69.119,179.7538,1,0,0
1999254,-68.9781,179.8667,1,0,0,0,-69.0394,179.7547,1,0,0
1999255,-68.8886,179.9412,1,0,0,0,-68.9203,179.8666,1,0,0
1999256,-68.7959,179.9599,1,0,0,0,-68.8408,179.9771,1,0,0
1999257,-68.7,179.923,1,0,0,0,-68.6817,179.759,1,0,0
1999258,-68.604,179.8862,1,0,0,0,-68.642,179.7594,1,0,0
1999259,-68.5313,179.8727,1,0,0,0,-68.5627,179.9774,1,0,0
1999260,-68.4819,179.8826,1,0,0,0,-68.523,179.9775,1,0,0
1999261,-68.4325,179.8924,1,0,0,0,-68.523,179.9775,1,0,0
1999262,-68.4078,179.8974,1,0,0,0,-68.523,179.9775,1,0,0
1999263,-68.4078,179.8974,1,0,0,0,-68.523,-179.9142,1,0,0
1999264,-68.4078,179.8974,1,0,0,0,-68.523,-179.9142,1,0,0
1999265,-68.4063,179.9517,1,0,0,0,-68.523,-179.9142,1,0,0
1999266,-68.4033,179.98,1,0,0,0,-68.4833,-179.9143,1,0,0
1999267,-68.4004,-179.8313,1,0,0,0,-68.4832,-179.8062,1,0,0
1999268,-68.3989,-179.777,1,0,0,0,-68.523,-179.9142,1,0,0
1999269,-68.3989,-179.777,1,0,0,0,-68.5229,-179.8058,1,0,0
1999270,-68.3989,-179.777,1,0,0,0,-68.4832,-179.8062,1,0,0
1999271,-68.3989,-179.777,1,0,0,0,-68.4435,-179.8065,1,0,0
1999272,-68.3989,-179.777,1,0,0,0,-68.4832,-179.8062,1,0,0
1999273,-68.3989,-179.777,1,0,0,0,-68.4039,-179.9146,1,0,0
1999274,-68.3689,-179.8137,1,0,0,0,-68.3642,-179.9148,1,0,0
1999275,-68.309,-179.8871,1,0,0,0,-68.3641,-179.8073,1,0,0
1999276,-68.2491,-179.9606,1,0,0,0,-68.3245,-179.915,1,0,0
1999277,-68.2094,-179.99,1,0,0,0,-68.2848,-179.9151,1,0,0
1999278,-68.1899,179.99,1,0,0,0,-68.2848,179.8706,1,0,0
1999279,-68.1704,179.7581,1,0,0,0,-68.2451,179.8708,1,0,0
1999280,-68.1457,179.6921,1,0,0,0,-68.2053,179.7643,1,0,0
1999281,-68.1157,179.6579,1,0,0,0,-68.2053,179.7643,1,0,0
1999282,-68.0856,179.6238,1,0,0,0,-68.2051,179.6576,1,0,0
1999283,-68.0573,179.5803,1,0,0,0,-68.2048,179.5509,1,0,0
1999284,-68.0307,179.5276,1,0,0,0,-68.1644,179.3387,1,0,0
1999285,-68.0041,179.4749,1,0,0,0,-68.1648,179.4452,1,0,0
1999286,-67.9908,179.4485,1,0,0,0,-68.1252,179.4462,1,0,0
1999287,-67.9908,179.4485,1,0,0,0,-68.1258,179.6589,1,0,0
1999288,-67.9908,179.4485,1,0,0,0,-68.1258,179.6589,1,0,0
1999289,-67.9727,179.4801,1,0,0,0,-68.0863,179.7657,1,0,0
1999290,-67.9365,179.5434,1,0,0,0,-68.0071,179.7665,1,0,0
1999291,-67.9003,179.6066,1,0,0,0,-68.0071,179.7665,1,0,0
1999292,-67.8822,179.6382,1,0,0,0,-67.9279,179.8727,1,0,0
1999293,-67.8822,179.6382,1,0,0,0,-67.9278,179.7674,1,0,0
1999294,-67.8822,179.6382,1,0,0,0,-67.8882,179.7678,1,0,0
1999295,-67.8808,179.6733,1,0,0,0,-67.9278,179.7674,1,0,0
1999296,-67.8779,179.7434,1,0,0,0,-67.9674,179.767,1,0,0
1999297,-67.8751,179.8135,1,0,0,0,-67.9674,179.767,1,0,0
1999298,-67.8737,179.8486,1,0,0,0,-67.9672,179.6614,1,0,0
1999299,-67.8737,179.8486,1,0,0,0,-67.9278,179.7674,1,0,0
1999300,-67.8737,179.8486,1,0,0,0,-67.8883,179.873,1,0,0
1999301,-67.8637,179.8704,1,0,0,0,-67.9279,179.8727,1,0,0
1999302,-67.8438,179.914,1,0,0,0,-67.9279,179.8727,1,0,0
1999303,-67.8239,179.9576,1,0,0,0,-67.8883,179.9781,1,0,0
1999304,-67.7907,179.9748,1,0,0,0,-67.8487,179.9782,1,0,0
1999305,-67.7444,179.9656,1,0,0,0,-67.8487,-179.9168,1,0,0
1999306,-67.6981,179.9563,1,0,0,0,-67.8091,-179.917,1,0,0
1999307,-67.6766,179.9842,1,0,0,0,-67.8091,-179.917,1,0,0
1999308,-67.68,-179.92,1,0,0,0,-67.7695,-179.9171,1,0,0
1999309,-67.6835,-179.7859,1,0,0,0,-67.7695,-179.9171,1,0,0
1999310,-67.6852,-179.7334,1,0,0,0,-67.7299,-179.9173,1,0,0
1999311,-67.6852,-179.7334,1,0,0,0,-67.7694,-179.8125,1,0,0
1999312,-67.6852,-179.7334,1,0,0,0,-67.7296,-179.7085,1,0,0
1999313,-67.6751,-179.6858,1,0,0,0,-67.7294,-179.6041,1,0,0
1999314,-67.6549,-179.5906,1,0,0,0,-67.7291,-179.4997,1,0,0
1999315,-67.6347,-179.4954,1,0,0,0,-67.7291,-179.4997,1,0,0
1999316,-67.6246,-179.4478,1,0,0,0,-67.7291,-179.4997,1,0,0
1999317,-67.6246,-179.4478,1,0,0,0,-67.7294,-179.6041,1,0,0
1999318,-67.6246,-179.4478,1,0,0,0,-67.7294,-179.6041,1,0,0
1999319,-67.6246,-179.4478,1,0,0,0,-67.6895,-179.5006,1,0,0
1999320,-67.6246,-179.4478,1,0,0,0,-67.6898,-179.6048,1,0,0
1999321,-67.6246,-179.4478,1,0,0,0,-67.6898,-179.6048,1,0,0
1999322,-67.6246,-179.4478,1,0,0,0,-67.6898,-179.6048,0,0,0
1999323,-67.6246,-179.4478,1,0,0,0,-67.6898,-179.6048,1,0,0
1999324,-67.6246,-179.4478,1,0,0,0,-67.6898,-179.6048,1,0,0
1999325,-67.6246,-179.4478,1,0,0,0,-67.6898,-179.6048,1,0,0
1999326,-67.6246,-179.4478,1,0,0,0,-67.6898,-179.6048,1,0,0
1999327,-67.6246,-179.4478,1,0,0,0,-67.6898,-179.6048,1,0,0
1999328,-67.6246,-179.4478,1,0,0,0,-67.6499,-179.5015,1,0,0
1999329,-67.6246,-179.4478,1,0,0,0,-67.6895,-179.5006,1,0,0
1999330,-67.6246,-179.4478,1,0,0,0,-67.6895,-179.5006,1,0,0
1999331,-67.6246,-179.4478,1,0,0,0,-67.6895,-179.5006,1,0,0
1999332,-67.6246,-179.4478,1,0,0,0,-67.6499,-179.5015,1,0,0
1999333,-67.6246,-179.4478,1,0,0,0,-67.6103,-179.5024,1,0,0
1999334,-67.5964,-179.4447,1,0,0,0,-67.6099,-179.3986,1,0,0
1999335,-67.5401,-179.4385,1,0,0,0,-67.5703,-179.3997,1,0,0
1999336,-67.4838,-179.4323,1,0,0,0,-67.5307,-179.4008,1,0,0
1999337,-67.4292,-179.417,1,0,0,0,-67.5307,-179.4008,1,0,0
1999338,-67.3764,-179.3925,1,0,0,0,-67.4912,-179.4018,1,0,0
1999339,-67.3235,-179.3681,1,0,0,0,-67.4516,-179.4029,1,0,0
1999340,-67.2971,-179.3559,1,0,0,0,-67.4511,-179.2998,1,0,0
1999341,-67.2971,-179.3559,1,0,0,0,-67.4506,-179.1968,1,0,0
1999342,-67.2971,-179.3559,1,0,0,0,-67.412,-179.404,1,0,0
1999343,-67.3004,-179.3171,1,0,0,0,-67.4494,-178.9906,1,0,0
1999344,-67.3071,-179.2394,1,0,0,0,-67.4105,-179.0953,1,0,0
1999345,-67.3137,-179.1618,1,0,0,0,-67.3307,-178.9961,1,0,0
1999346,-67.3014,-179.0382,1,0,0,0,-67.3319,-179.2011,1,0,0
1999347,-67.2703,-178.8686,1,0,0,0,-67.6032,-178.4644,1,0,0
1999348,-67.2391,-178.699,1,0,0,0,-67.6032,-178.4644,1,0,0
1999349,-67.2003,-178.6036,1,0,0,0,-67.6032,-178.4644,1,0,0
1999350,-67.1538,-178.5825,1,0,0,0,-67.6032,-178.4644,1,0,0
1999351,-67.1072,-178.5614,1,0,0,0,-67.6032,-178.4644,1,0,0
1999352,-67.084,-178.5508,1,0,0,0,-67.6032,-178.4644,1,0,0
1999353,-67.084,-178.5508,1,0,0,0,-67.6032,-178.4644,1,0,0
1999354,-67.084,-178.5508,1,0,0,0,-67.6032,-178.4644,1,0,0
1999355,-67.084,-178.5508,1,0,0,0,-67.6032,-178.4644,1,0,0
1999356,-67.084,-178.5508,1,0,0,0,-67.6032,-178.4644,1,0,0
1999357,-67.084,-178.5508,1,0,0,0,-67.6032,-178.4644,1,0,0
1999358,-67.084,-178.5508,1,0,0,0,-67.6032,-178.4644,1,0,0
1999359,-67.084,-178.5508,1,0,0,0,-67.6032,-178.4644,1,0,0
1999360,-67.084,-178.5508,1,0,0,0,-67.6032,-178.4644,1,0,0
1999361,-67.084,-178.5508,1,0,0,0,-67.6032,-178.4644,1,0,0
1999362,-67.084,-178.5508,1,0,0,0,-67.6032,-178.4644,1,0,0
1999363,-67.084,-178.5508,1,0,0,0,-67.6032,-178.4644,1,0,0
1999364,-67.084,-178.5508,1,0,0,0,-67.6032,-178.4644,1,0,0
1999365,0,0,0,0,0,0,-67.6032,-178.4644,1,0,0
2000001,0,0,0,0,0,0,-67.6032,-178.4644,1,0,0
2000002,0,0,0,-67.1,-178,1,-67.6032,-178.4644,0,29,10
2000003,0,0,0,0,0,0,-67.6032,-178.4644,1,0,0
2000004,0,0,0,0,0,0,-67.0845,-178.0943,1,0,0
2000005,0,0,0,0,0,0,-67.0832,-177.993,1,0,0
2000006,0,0,0,0,0,0,-67.0818,-177.8917,1,0,0
2000007,0,0,0,0,0,0,-67.0408,-177.7943,1,0,0
2000008,0,0,0,0,0,0,-67.0818,-177.8917,1,0,0
2000009,0,0,0,0,0,0,-67.0803,-177.7904,1,0,0
2000010,0,0,0,0,0,0,-67.1577,-177.6809,1,0,0
2000011,0,0,0,0,0,0,-67.1166,-177.5835,1,0,0
2000012,0,0,0,0,0,0,-67.1166,-177.5835,1,0,0
2000013,0,0,0,0,0,0,-67.1166,-177.5835,1,0,0
2000014,0,0,0,0,0,0,-67.1166,-177.5835,1,0,0
2000015,0,0,0,0,0,0,-67.0771,-177.5878,1,0,0
2000016,0,0,0,0,0,0,-67.1182,-177.685,1,0,0
2000017,0,0,0,0,0,0,-67.0408,-177.7943,1,0,0
2000018,0,0,0,0,0,0,-67.1198,-177.7865,1,0,0
2000019,0,0,0,0,0,0,-67.1198,-177.7865,1,0,0
2000020,0,0,0,0,0,0,-67.1198,-177.7865,1,0,0
2000021,0,0,0,0,0,0,-67.1593,-177.7825,1,0,0
2000022,0,0,0,0,0,0,-67.1622,-177.9859,1,0,0
2000023,0,0,0,-67.1,-178,1,-67.3173,-177.7667,1,29,10
2000024,0,0,0,0,0,0,-67.2778,-177.7707,1,0,0
2000025,0,0,0,0,0,0,-67.2778,-177.7707,1,0,0
2000026,0,0,0,0,0,0,-67.2793,-177.8729,1,0,0
2000027,0,0,0,0,0,0,-67.2807,-177.9751,1,0,0
2000028,0,0,0,0,0,0,-67.2412,-177.9787,1,0,0
2000029,0,0,0,0,0,0,-67.2017,-177.9823,1,0,0
2000030,0,0,0,0,0,0,-67.2834,-178.1796,1,0,0
2000031,0,0,0,0,0,0,-67.2834,-178.1796,1,0,0
2000032,0,0,0,0,0,0,-67.1608,-177.8842,1,0,0
2000033,0,0,0,0,0,0,-67.203,-178.0842,1,0,0
2000034,0,0,0,0,0,0,-67.166,-178.291,1,0,0
2000035,0,0,0,0,0,0,-67.1265,-178.294,1,0,0
2000036,0,0,0,0,0,0,-67.0463,-178.1988,1,0,0
2000037,0,0,0,0,0,0,-67.0463,-178.1988,1,0,0
2000038,0,0,0,0,0,0,-67.0475,-178.3,1,0,0
2000039,0,0,0,0,0,0,-67.0892,-178.4997,1,0,0
2000040,0,0,0,0,0,0,-67.0517,-178.7048,1,0,0
2000041,0,0,0,0,0,0,-67.0912,-178.7025,1,0,0
2000042,0,0,0,0,0,0,-67.0912,-178.7025,1,0,0
2000043,0,0,0,0,0,0,-67.1718,-178.9014,1,0,0
2000044,0,0,0,0,0,0,-67.0935,-179.0067,1,0,0
2000045,0,0,0,0,0,0,-67.0935,-179.0067,1,0,0
2000046,0,0,0,0,0,0,-67.054,-179.0085,1,0,0
2000047,0,0,0,0,0,0,-67.0547,-179.1097,1,0,0
2000048,0,0,0,0,0,0,-67.0152,-179.1113,1,0,0
2000049,0,0,0,0,0,0,-67.0157,-179.2124,1,0,0
2000050,0,0,0,0,0,0,-67.0557,-179.3122,1,0,0
2000051,0,0,0,0,0,0,-67.0562,-179.4135,1,0,0
2000052,0,0,0,0,0,0,-67.0566,-179.5147,1,0,0
2000053,0,0,0,0,0,0,-67.0171,-179.5156,1,0,0
2000054,0,0,0,0,0,0,-67.0173,-179.6167,1,0,0
2000055,0,0,0,0,0,0,-66.9775,-179.5164,1,0,0
2000056,0,0,0,0,0,0,-66.9778,-179.6173,1,0,0
2000057,0,0,0,0,0,0,-66.9778,-179.6173,1,0,0
2000058,0,0,0,-66.9,179.999,1,-66.9383,-179.618,1,29,10
2000059,0,0,0,0,0,0,-66.9386,-179.7187,1,0,0
2000060,0,0,0,0,0,0,-66.8991,-179.7192,1,0,0
2000061,0,0,0,0,0,0,-66.8993,-179.9203,1,0,0
2000062,0,0,0,0,0,0,-66.8993,-179.9203,1,0,0
2000063,0,0,0,0,0,0,-66.8993,-179.9203,1,0,0
2000064,0,0,0,0,0,0,-66.8993,179.9791,1,0,0
2000065,0,0,0,0,0,0,-66.8993,179.8785,1,0,0
2000066,0,0,0,0,0,0,-66.9387,179.7776,1,0,0
2000067,0,0,0,0,0,0,-66.9385,179.6769,1,0,0
2000068,0,0,0,0,0,0,-66.9379,179.4754,1,0,0
2000069,0,0,0,0,0,0,-66.937,179.274,1,0,0
2000070,0,0,0,0,0,0,-66.9765,179.2727,1,0,0
2000071,0,0,0,0,0,0,-67.0149,179.0693,1,0,0
2000072,0,0,0,0,0,0,-67.053,178.8652,1,0,0
2000073,0,0,0,0,0,0,-67.053,178.8652,1,0,0
2000074,0,0,0,0,0,0,-67.0917,178.7618,1,0,0
2000075,0,0,0,0,0,0,-67.0908,178.6604,1,0,0
2000076,0,0,0,0,0,0,-67.1678,178.4521,1,0,0
2000077,0,0,0,0,0,0,-67.0888,178.4576,1,0,0
2000078,0,0,0,0,0,0,-67.1283,178.4549,1,0,0
2000079,0,0,0,0,0,0,-67.126,178.2518,1,0,0
2000080,0,0,0,0,0,0,-67.126,178.2518,1,0,0
2000081,0,0,0,0,0,0,-67.1248,178.1503,1,0,0
2000082,0,0,0,0,0,0,-67.0853,178.1535,1,0,0
2000083,0,0,0,0,0,0,-67.084,178.0522,1,0,0
2000084,0,0,0,0,0,0,-67.084,178.0522,1,0,0
2000085,0,0,0,0,0,0,-67.0431,177.9545,1,0,0
2000086,0,0,0,0,0,0,-67.0826,177.9509,1,0,0
2000087,0,0,0,0,0,0,-67.0431,177.9545,1,0,0
2000088,0,0,0,0,0,0,-67.0811,177.8496,1,0,0
2000089,0,0,0,0,0,0,-67.0417,177.8534,1,0,0
2000090,0,0,0,0,0,0,-67.0811,177.8496,1,0,0
2000091,0,0,0,0,0,0,-67.0401,177.7522,1,0,0
2000092,0,0,0,0,0,0,-67.0386,177.6511,1,0,0
2000093,0,0,0,-66.9,177.3,1,-66.9991,177.6553,1,29,10
2000094,0,0,0,0,0,0,-66.9991,177.6553,1,0,0
2000095,0,0,0,0,0,0,-66.9974,177.5544,1,0,0
2000096,0,0,0,0,0,0,-66.9545,177.3573,1,0,0
2000097,0,0,0,0,0,0,-66.9957,177.4535,1,0,0
2000098,0,0,0,0,0,0,-66.9563,177.4579,1,0,0
2000099,0,0,0,0,0,0,-66.9563,177.4579,1,0,0
2000100,0,0,0,0,0,0,-66.915,177.3619,1,0,0
2000101,0,0,0,0,0,0,-66.8756,177.3665,1,0,0
2000102,0,0,0,0,0,0,-66.8361,177.3711,1,0,0
2000103,0,0,0,0,0,0,-66.8343,177.271,1,0,0
2000104,0,0,0,0,0,0,-66.8737,177.2662,1,0,0
2000105,0,0,0,0,0,0,-66.7929,177.1758,1,0,0
2000106,0,0,0,0,0,0,-66.7554,177.2805,1,0,0
2000107,0,0,0,0,0,0,-66.7141,177.1856,1,0,0
2000108,0,0,0,0,0,0,-66.6706,176.9916,1,0,0
2000109,0,0,0,0,0,0,-66.6685,176.8922,1,0,0
2000110,0,0,0,0,0,0,-66.5897,176.903,1,0,0
2000111,0,0,0,0,0,0,-66.5482,176.8095,1,0,0
2000112,0,0,0,0,0,0,-66.546,176.7106,1,0,0
2000113,0,0,0,0,0,0,-66.5019,176.519,1,0,0
2000114,0,0,0,-66.4,177.3,1,-66.4232,176.531,1,29,10
2000115,0,0,0,0,0,0,-66.4208,176.4327,1,0,0
2000116,0,0,0,0,0,0,-66.4208,176.4327,1,0,0
2000117,0,0,0,0,0,0,-66.4208,176.4327,1,0,0
2000118,0,0,0,0,0,0,-66.3396,176.347,1,0,0
2000119,0,0,0,0,0,0,-66.3003,176.3532,1,0,0
2000120,0,0,0,0,0,0,-66.2609,176.3594,1,0,0
2000121,0,0,0,0,0,0,-66.2216,176.3656,1,0,0
2000122,0,0,0,0,0,0,-66.1454,176.4751,1,0,0
2000123,0,0,0,0,0,0,-66.1085,176.578,1,0,0
2000124,0,0,0,0,0,0,-66.1061,176.481,1,0,0
2000125,0,0,0,0,0,0,-66.0668,176.487,1,0,0
2000126,0,0,0,0,0,0,-66.0251,176.3963,1,0,0
2000127,0,0,0,0,0,0,-66.0251,176.3963,1,0,0
2000128,0,0,0,0,0,0,-66.0226,176.2997,1,0,0
2000129,0,0,0,0,0,0,-66.0226,176.2997,1,0,0
2000130,0,0,0,0,0,0,-66.0226,176.2997,1,0,0
2000131,0,0,0,0,0,0,-66.0226,176.2997,1,0,0
2000132,0,0,0,0,0,0,-66.0226,176.2997,1,0,0
2000133,0,0,0,0,0,0,-65.9361,176.0235,1,0,0
2000134,0,0,0,0,0,0,-65.8995,176.1262,1,0,0
2000135,0,0,0,0,0,0,-65.8969,176.0302,1,0,0
2000136,0,0,0,0,0,0,-65.8969,176.0302,1,0,0
2000137,0,0,0,0,0,0,-65.9361,176.0235,1,0,0
2000138,0,0,0,0,0,0,-65.9361,176.0235,1,0,0
2000139,0,0,0,0,0,0,-65.9414,176.2159,1,0,0
2000140,0,0,0,0,0,0,-65.8995,176.1262,1,0,0
2000141,0,0,0,0,0,0,-65.9388,176.1197,1,0,0
2000142,0,0,0,0,0,0,-65.9807,176.2095,1,0,0
2000143,0,0,0,0,0,0,-65.9833,176.3059,1,0,0
2000144,0,0,0,0,0,0,-66.02,176.2031,1,0,0
2000145,0,0,0,0,0,0,-66.0226,176.2997,1,0,0
2000146,0,0,0,0,0,0,-66.0226,176.2997,1,0,0
2000147,0,0,0,0,0,0,-66.0251,176.3963,1,0,0
2000148,0,0,0,0,0,0,-66.0668,176.487,1,0,0
2000149,0,0,0,0,0,0,-66.1037,176.3841,1,0,0
2000150,0,0,0,0,0,0,-66.1061,176.481,1,0,0
2000151,0,0,0,0,0,0,-66.1085,176.578,1,0,0
2000152,0,0,0,0,0,0,-66.1478,176.5722,1,0,0
2000153,0,0,0,0,0,0,-66.2288,176.658,1,0,0
2000154,0,0,0,0,0,0,-66.1108,176.6749,1,0,0
2000155,0,0,0,0,0,0,-66.1085,176.578,1,0,0
2000156,0,0,0,0,0,0,-66.1502,176.6693,1,0,0
2000157,0,0,0,0,0,0,-66.1502,176.6693,1,0,0
2000158,0,0,0,0,0,0,-66.1131,176.7719,1,0,0
2000159,0,0,0,0,0,0,-66.1131,176.7719,1,0,0
2000160,0,0,0,0,0,0,-66.1524,176.7665,1,0,0
2000161,0,0,0,0,0,0,-66.1524,176.7665,1,0,0
2000162,0,0,0,0,0,0,-66.1502,176.6693,1,0,0
2000163,0,0,0,-67.1,177.3,1,-66.1502,176.6693,1,29,10
2000164,0,0,0,-67.0551,177.2372,0,-66.1502,176.6693,1,0,0
2000165,0,0,0,-66.9367,177.0728,0,-66.1108,176.6749,1,0,0
2000166,0,0,0,-66.7694,176.8433,0,-66.1108,176.6749,1,0,0
2000167,0,0,0,-66.5776,176.585,0,-66.1085,176.578,1,0,0
2000168,0,0,0,-66.3857,176.3341,0,-66.1454,176.4751,1,0,0
2000169,0,0,0,-66.2184,176.127,0,-66.1848,176.4691,1,0,0
2000170,0,0,0,-66.1,176,1,-66.1798,176.2746,1,29,10
2000171,0,0,0,0,0,0,-66.1379,176.1838,1,0,0
2000172,0,0,0,0,0,0,-66.1325,175.9898,1,0,0
2000173,0,0,0,0,0,0,-66.1297,175.8928,1,0,0
2000174,0,0,0,0,0,0,-66.0483,175.81,1,0,0
2000175,0,0,0,0,0,0,-66.0061,175.7206,1,0,0
2000176,0,0,0,0,0,0,-66.009,175.8171,1,0,0
2000177,0,0,0,0,0,0,-65.9669,175.7278,1,0,0
2000178,0,0,0,0,0,0,-65.9247,175.6389,1,0,0
2000179,0,0,0,0,0,0,-65.9185,175.4468,1,0,0
2000180,0,0,0,0,0,0,-65.8793,175.4544,1,0,0
2000181,0,0,0,0,0,0,-65.8401,175.462,1,0,0
2000182,0,0,0,0,0,0,-65.8401,175.462,1,0,0
2000183,0,0,0,0,0,0,-65.7977,175.3741,1,0,0
2000184,0,0,0,-65.3,175.4,1,-65.7617,175.4772,1,29,10
2000185,0,0,0,0,0,0,-65.7193,175.3895,1,0,0
2000186,0,0,0,0,0,0,-65.6863,175.5873,1,0,0
2000187,0,0,0,0,0,0,-65.6471,175.5947,1,0,0
2000188,0,0,0,0,0,0,-65.6138,175.7916,1,0,0
2000189,0,0,0,0,0,0,-65.6166,175.8865,1,0,0
2000190,0,0,0,0,0,0,-65.5382,175.9001,1,0,0
2000191,0,0,0,0,0,0,-65.499,175.9068,1,0,0
2000192,0,0,0,0,0,0,-65.4653,176.1021,1,0,0
2000193,0,0,0,0,0,0,-65.4705,176.2908,1,0,0
2000194,0,0,0,0,0,0,-65.3895,176.209,1,0,0
2000195,0,0,0,0,0,0,-65.3112,176.2214,1,0,0
2000196,0,0,0,0,0,0,-65.2353,176.3271,1,0,0
2000197,0,0,0,0,0,0,-65.1962,176.3331,1,0,0
2000198,0,0,0,-65.6,176,1,-65.1153,176.2521,1,29,10
2000199,0,0,0,0,0,0,-65.1127,176.1591,1,0,0
2000200,0,0,0,0,0,0,-65.1492,176.0598,1,0,0
2000201,0,0,0,0,0,0,-65.1045,175.8804,1,0,0
2000202,0,0,0,0,0,0,-65.0145,175.5237,1,0,0
2000203,0,0,0,0,0,0,-65.1319,175.5018,1,0,0
2000204,0,0,0,0,0,0,-65.1349,175.5948,1,0,0
2000205,0,0,0,0,0,0,-65.1679,175.4015,1,0,0
2000206,0,0,0,0,0,0,-65.1679,175.4015,1,0,0
2000207,0,0,0,0,0,0,-65.1647,175.3084,1,0,0
2000208,0,0,0,0,0,0,-65.2397,175.1998,1,0,0
2000209,0,0,0,0,0,0,-65.2821,175.2854,1,0,0
2000210,0,0,0,0,0,0,-65.3212,175.2777,1,0,0
2000211,0,0,0,0,0,0,-65.3636,175.3637,1,0,0
2000212,0,0,0,0,0,0,-65.4387,175.2544,1,0,0
2000213,0,0,0,0,0,0,-65.432,175.0663,1,0,0
2000214,0,0,0,0,0,0,-65.3929,175.0744,1,0,0
2000215,0,0,0,0,0,0,-65.3895,174.9805,1,0,0
2000216,0,0,0,0,0,0,-65.3503,174.9887,1,0,0
2000217,0,0,0,0,0,0,-65.2687,174.9117,1,0,0
2000218,0,0,0,0,0,0,-65.2296,174.92,1,0,0
2000219,0,0,0,0,0,0,-65.1834,174.7422,1,0,0
2000220,0,0,0,0,0,0,-65.1761,174.5562,1,0,0
2000221,0,0,0,0,0,0,-65.1646,174.2775,1,0,0
2000222,0,0,0,0,0,0,-65.1526,173.999,1,0,0
2000223,0,0,0,0,0,0,-65.1442,173.8135,1,0,0
2000224,0,0,0,0,0,0,-65.1357,173.6281,1,0,0
2000225,0,0,0,0,0,0,-65.1313,173.5355,1,0,0
2000226,0,0,0,-65.2,173.4,1,-65.0833,173.3611,1,29,10
2000227,0,0,0,-65.1857,173.4,0,-65.0878,173.4535,1,0,0
2000228,0,0,0,-65.1714,173.4,0,-65.0833,173.3611,1,0,0
2000229,0,0,0,-65.1571,173.4,0,-65.0878,173.4535,1,0,0
2000230,0,0,0,-65.1429,173.4,0,-65.0533,173.5564,1,0,0
2000231,0,0,0,-65.1286,173.4,0,-65.0923,173.546,1,0,0
2000232,0,0,0,-65.1143,173.4,0,-65.0923,173.546,1,0,0
2000233,0,0,0,-65.1,173.4,1,-65.0577,173.6487,1,29,10
2000234,0,0,0,0,0,0,-65.0577,173.6487,1,0,0
2000235,0,0,0,0,0,0,-65.0923,173.546,1,0,0
2000236,0,0,0,0,0,0,-65.0923,173.546,1,0,0
2000237,0,0,0,0,0,0,-65.0143,173.5668,1,0,0
2000238,0,0,0,0,0,0,-65.0143,173.5668,1,0,0
2000239,0,0,0,0,0,0,-64.9407,173.6794,1,0,0
2000240,0,0,0,0,0,0,-64.8974,173.5978,1,0,0
2000241,0,0,0,0,0,0,-64.7416,173.6387,1,0,0
2000242,0,0,0,0,0,0,-64.6637,173.659,1,0,0
2000243,0,0,0,0,0,0,-64.6333,173.8506,1,0,0
2000244,0,0,0,0,0,0,-64.5985,173.9511,1,0,0
2000245,0,0,0,0,0,0,-64.6066,174.1325,1,0,0
2000246,0,0,0,0,0,0,-64.5287,174.1511,1,0,0
2000247,0,0,0,-64.9,174.4,1,-64.5219,174.2212,1,29,10
2000248,0,0,0,0,0,0,-64.481,174.1852,1,0,0
2000249,0,0,0,0,0,0,-64.5258,174.3117,1,0,0
2000250,0,0,0,0,0,0,-64.4575,174.0996,1,0,0
2000251,0,0,0,0,0,0,-64.432,173.9691,1,0,0
2000252,0,0,0,0,0,0,-64.4125,173.9739,1,0,0
2000253,0,0,0,0,0,0,-64.4514,173.9644,1,0,0
2000254,0,0,0,0,0,0,-64.3951,174.0236,1,0,0
2000255,0,0,0,0,0,0,-64.3694,173.8935,1,0,0
2000256,0,0,0,0,0,0,-64.3694,173.8935,1,0,0
2000257,0,0,0,0,0,0,-64.3971,174.0686,1,0,0
2000258,0,0,0,0,0,0,-64.393,173.9786,1,0,0
2000259,0,0,0,0,0,0,-64.1521,174.3069,1,0,0
2000260,0,0,0,0,0,0,-64.2929,174.8627,1,0,0
2000261,0,0,0,0,0,0,-64.4206,174.1539,1,0,0
2000262,0,0,0,0,0,0,-64.391,173.9336,1,0,0
2000263,0,0,0,0,0,0,-64.3971,174.0686,1,0,0
2000264,0,0,0,0,0,0,-64.3674,173.8486,1,0,0
2000265,0,0,0,0,0,0,-64.3221,173.7238,1,0,0
2000266,0,0,0,0,0,0,-64.3213,174.1321,1,0,0
2000267,0,0,0,0,0,0,-64.3172,174.0424,1,0,0
2000268,0,0,0,0,0,0,-64.2916,173.9127,1,0,0
2000269,0,0,0,0,0,0,-64.3847,173.7988,1,0,0
2000270,0,0,0,0,0,0,-64.3847,173.7988,1,0,0
2000271,0,0,0,0,0,0,-64.3826,173.7539,1,0,0
2000272,0,0,0,0,0,0,-64.391,173.9336,1,0,0
2000273,0,0,0,0,0,0,-64.3736,173.9834,1,0,0
2000274,0,0,0,0,0,0,-64.3285,173.8582,1,0,0
2000275,0,0,0,-64.3,174,1,-64.2958,174.0022,1,29,10
2000276,0,0,0,-64.3055,174.0222,0,-64.2958,174.0022,1,0,0
2000277,0,0,0,-64.3198,174.0793,0,-64.3367,174.0377,1,0,0
2000278,0,0,0,-64.3394,174.1574,0,-64.2609,174.1011,1,0,0
2000279,0,0,0,-64.3606,174.2426,0,-64.2609,174.1011,1,0,0
2000280,0,0,0,-64.3802,174.3207,0,-64.2978,174.047,1,0,0
2000281,0,0,0,-64.3945,174.3778,0,-64.1985,174.0257,1,0,0
2000282,0,0,0,-64.4,174.4,1,-64.2937,173.9574,1,29,10
2000283,0,0,0,-64.3954,174.4,0,-64.2589,174.0564,1,0,0
2000284,0,0,0,-64.3834,174.4,0,-64.2629,174.1458,1,0,0
2000285,0,0,0,-64.3664,174.4,0,-64.3252,174.2218,1,0,0
2000286,0,0,0,-64.347,174.4,0,-64.2824,174.1413,1,0,0
2000287,0,0,0,-64.3278,174.4,0,-64.3038,174.1815,1,0,0
2000288,0,0,0,-64.3113,174.4,0,-64.3077,174.2711,1,0,0
2000289,0,0,0,-64.3,174.4,1,-64.3097,174.316,1,20,8
2000290,0,0,0,0,0,0,-64.3097,174.316,1,0,0
2000291,0,0,0,0,0,0,-64.3486,174.307,1,0,0
2000292,0,0,0,0,0,0,-64.3506,174.352,1,0,0
2000293,0,0,0,0,0,0,-64.36,174.5767,1,0,0
2000294,0,0,0,0,0,0,-64.321,174.5852,1,0,0
2000295,0,0,0,0,0,0,-64.3229,174.6301,1,0,0
2000296,0,0,0,0,0,0,-64.2645,174.6427,1,0,0
2000297,0,0,0,0,0,0,-64.2978,174.4997,1,0,0
2000298,0,0,0,0,0,0,-64.2765,174.4593,1,0,0
2000299,0,0,0,0,0,0,-64.2765,174.4593,1,0,0
2000300,0,0,0,0,0,0,-64.2181,174.4723,1,0,0
2000301,0,0,0,0,0,0,-64.2181,174.4723,1,0,0
2000302,0,0,0,0,0,0,-64.2181,174.4723,1,0,0
2000303,0,0,0,0,0,0,-64.2181,174.4723,1,0,0
2000304,0,0,0,0,0,0,-64.2181,174.4723,1,0,0
2000305,0,0,0,0,0,0,-64.2769,174.7892,1,0,0
2000306,0,0,0,0,0,0,-64.2769,174.7892,1,0,0
2000307,0,0,0,0,0,0,-64.2873,175.001,1,0,0
2000308,0,0,0,0,0,0,-64.2359,175.0153,1,0,0
2000309,0,0,0,0,0,0,-64.2359,175.0153,1,0,0
2000310,0,0,0,-64.2,174.9,1,-64.1957,174.9893,1,20,8
2000311,0,0,0,-64.2111,174.8945,0,-64.2065,174.9421,1,0,0
2000312,0,0,0,-64.2397,174.8802,0,-64.2065,174.9421,1,0,0
2000313,0,0,0,-64.2787,174.8606,0,-64.2015,174.813,1,0,0
2000314,0,0,0,-64.3213,174.8394,0,-64.2129,174.7264,1,0,0
2000315,0,0,0,-64.3603,174.8198,0,-64.2129,174.7264,1,0,0
2000316,0,0,0,-64.3889,174.8055,0,-64.2129,174.7264,1,0,0
2000317,0,0,0,-64.4,174.8,1,-64.2129,174.7264,1,20,8
2000318,0,0,0,-64.4,174.8096,0,-64.2152,174.8512,1,0,0
2000319,0,0,0,-64.4,174.8347,0,-64.2428,174.7993,1,0,0
2000320,0,0,0,-64.4,174.8697,0,-64.2428,174.7993,1,0,0
2000321,0,0,0,-64.4,174.9093,0,-64.2572,174.7341,1,0,0
2000322,0,0,0,-64.4,174.9479,0,-64.2831,174.7466,0,0,0
2000323,0,0,0,-64.4,174.9799,0,-64.3172,174.7788,0,0,0
2000324,0,0,0,-64.4,175,1,-64.3498,174.8232,1,20,8
2000325,0,0,0,0,0,0,-64.3771,174.9082,1,0,0
2000326,0,0,0,0,0,0,-64.3771,174.9082,1,0,0
2000327,0,0,0,0,0,0,-64.3771,174.9082,1,0,0
2000328,0,0,0,0,0,0,-64.4089,174.8381,1,0,0
2000329,0,0,0,0,0,0,-64.4098,174.9984,1,0,0
2000330,0,0,0,0,0,0,-64.4098,174.9984,1,0,0
2000331,0,0,0,0,0,0,-64.4098,174.9984,1,0,0
2000332,0,0,0,0,0,0,-64.3593,175.0358,1,0,0
2000333,0,0,0,0,0,0,-64.3593,175.0358,1,0,0
2000334,0,0,0,0,0,0,-64.3088,175.063,1,0,0
2000335,0,0,0,0,0,0,-64.3088,175.063,1,0,0
2000336,0,0,0,0,0,0,-64.2731,175.0871,1,0,0
2000337,0,0,0,0,0,0,-64.2731,175.0871,1,0,0
2000338,0,0,0,-64.3,175.1,1,-64.3686,174.9936,1,20,8
2000339,0,0,0,0,0,0,-64.3686,174.9936,1,0,0
2000340,0,0,0,0,0,0,-64.3686,174.9936,1,0,0
2000341,0,0,0,0,0,0,-64.3686,174.9936,1,0,0
2000342,0,0,0,0,0,0,-64.3686,174.9936,1,0,0
2000343,0,0,0,0,0,0,-64.3686,174.9936,1,0,0
2000344,0,0,0,0,0,0,-64.3686,174.9936,1,0,0
2000345,0,0,0,0,0,0,-64.3686,174.9936,1,0,0
2000346,0,0,0,0,0,0,-64.3686,174.9936,1,0,0
2000347,0,0,0,0,0,0,-64.3686,174.9936,1,0,0
2000348,0,0,0,0,0,0,-64.3686,174.9936,1,0,0
2000349,0,0,0,0,0,0,-64.3747,175.5982,1,0,0
2000350,0,0,0,0,0,0,-64.3747,175.5982,1,0,0
2000351,0,0,0,0,0,0,-64.4688,175.6711,1,0,0
2000352,0,0,0,-64.5,175.8,1,-64.4688,175.6711,1,20,8
2000353,0,0,0,0,0,0,-64.3397,175.9194,1,0,0
2000354,0,0,0,0,0,0,-64.3397,175.9194,1,0,0
2000355,0,0,0,0,0,0,-64.499,175.6855,1,0,0
2000356,0,0,0,0,0,0,-64.3775,175.5707,1,0,0
2000357,0,0,0,0,0,0,-64.397,175.5672,1,0,0
2000358,0,0,0,0,0,0,-64.418,175.6089,1,0,0
2000359,0,0,0,0,0,0,-64.622,175.847,1,0,0
2000360,0,0,0,0,0,0,-64.622,175.847,1,0,0
2000361,0,0,0,0,0,0,-64.622,175.847,1,0,0
2000362,0,0,0,0,0,0,-64.622,175.847,1,0,0
2000363,0,0,0,0,0,0,-64.622,175.847,1,0,0
2000364,0,0,0,0,0,0,-64.5929,175.3593,1,0,0
2000365,0,0,0,0,0,0,-64.7046,175.3736,1,0,0
2000366,0,0,0,0,0,0,-64.7602,175.8695,1,0,0
2001001,0,0,0,0,0,0,-64.7694,175.5456,1,0,0
2001002,0,0,0,0,0,0,-64.7797,175.8662,1,0,0
2001003,0,0,0,0,0,0,-64.7949,175.7253,1,0,0
2001004,0,0,0,0,0,0,-64.8565,175.8069,1,0,0
2001005,0,0,0,0,0,0,-64.7783,175.8203,1,0,0
2001006,0,0,0,0,0,0,-64.792,175.8012,1,0,0
2001007,0,0,0,-64.9,176.9,1,-64.943,176.0701,1,20,8
2001008,0,0,0,-64.935,176.951,0,-64.943,176.0701,1,0,0
2001009,0,0,0,-64.9799,177.0072,0,-64.9403,175.9778,1,0,0
2001010,0,0,0,-65.0303,177.0639,0,-64.9403,175.9778,1,0,0
2001011,0,0,0,-65.0819,177.1163,0,-64.9403,175.9778,1,0,0
2001012,0,0,0,-65.1303,177.1596,0,-64.9403,175.9778,1,0,0
2001013,0,0,0,-65.1711,177.1891,0,-65.1715,177.1509,1,0,0
2001014,0,0,0,-65.2,177.2,1,-65.1715,177.1509,1,20,8
2001015,0,0,0,-65.2189,177.2,0,-65.2021,177.307,1,0,0
2001016,0,0,0,-65.2337,177.2,0,-65.2021,177.307,1,0,0
2001017,0,0,0,-65.246,177.2,0,-65.2021,177.307,1,0,0
2001018,0,0,0,-65.2573,177.2,0,-65.3718,177.6025,1,0,0
2001019,0,0,0,-65.269,177.2,0,-65.4309,177.4956,1,0,0
2001020,0,0,0,-65.2828,177.2,0,-65.4309,177.4956,1,0,0
2001021,0,0,0,-65.3,177.2,1,-65.4309,177.4956,1,20,8
2001022,0,0,0,0,0,0,-65.4309,177.4956,1,0,0
2001023,0,0,0,0,0,0,-65.5956,177.4143,1,0,0
2001024,0,0,0,0,0,0,-65.5956,177.4143,1,0,0
2001025,0,0,0,0,0,0,-65.5956,177.4143,1,0,0
2001026,0,0,0,0,0,0,-65.5956,177.4143,1,0,0
2001027,0,0,0,0,0,0,-65.5956,177.4143,1,0,0
2001028,0,0,0,0,0,0,-65.5956,177.4143,1,0,0
2001029,0,0,0,0,0,0,-65.6916,177.2479,1,0,0
2001030,0,0,0,0,0,0,-65.6916,177.2479,1,0,0
2001031,0,0,0,0,0,0,-65.6881,177.1654,1,0,0
2001032,0,0,0,0,0,0,-65.6881,177.1654,1,0,0
2001033,0,0,0,0,0,0,-65.6881,177.1654,1,0,0
2001034,0,0,0,0,0,0,-65.6881,177.1654,1,0,0
2001035,0,0,0,-65.8,177.2,1,-65.6881,177.1654,1,19,8
2001036,0,0,0,0,0,0,-65.6881,177.1654,1,0,0
2001037,0,0,0,0,0,0,-65.6881,177.1654,1,0,0
2001038,0,0,0,0,0,0,-65.6881,177.1654,1,0,0
2001039,0,0,0,0,0,0,-65.6881,177.1654,1,0,0
2001040,0,0,0,0,0,0,-65.7504,177.3043,1,0,0
2001041,0,0,0,0,0,0,-65.7504,177.3043,1,0,0
2001042,0,0,0,0,0,0,-65.7504,177.3043,1,0,0
2001043,0,0,0,0,0,0,-65.763,177.2113,1,0,0
2001044,0,0,0,0,0,0,-65.763,177.2113,1,0,0
2001045,0,0,0,0,0,0,-65.763,177.2113,1,0,0
2001046,0,0,0,0,0,0,-65.763,177.2113,1,0,0
2001047,0,0,0,0,0,0,-65.763,177.2113,1,0,0
2001048,0,0,0,0,0,0,-65.7587,177.0074,1,0,0
2001049,0,0,0,0,0,0,-65.7563,176.8949,1,0,0
2001050,0,0,0,0,0,0,-65.7563,176.8949,1,0,0
2001051,0,0,0,0,0,0,-65.7563,176.8949,1,0,0
2001052,0,0,0,0,0,0,-65.7563,176.8949,1,0,0
2001053,0,0,0,0,0,0,-65.6996,176.6983,1,0,0
2001054,0,0,0,0,0,0,-65.6996,176.6983,1,0,0
2001055,0,0,0,0,0,0,-65.684,176.4552,1,0,0
2001056,0,0,0,0,0,0,-65.684,176.4552,1,0,0
2001057,0,0,0,0,0,0,-65.684,176.4552,1,0,0
2001058,0,0,0,0,0,0,-65.684,176.4552,1,0,0
2001059,0,0,0,0,0,0,-65.684,176.4552,1,0,0
2001060,0,0,0,0,0,0,-65.684,176.4552,1,0,0
2001061,0,0,0,0,0,0,-65.8054,176.4572,1,0,0
2001062,0,0,0,0,0,0,-65.8149,176.5583,1,0,0
2001063,0,0,0,-65.6,176.5,1,-65.8149,176.5583,1,19,8
2001064,0,0,0,0,0,0,-65.8819,176.6855,1,0,0
2001065,0,0,0,0,0,0,-65.9367,176.8001,1,0,0
2001066,0,0,0,0,0,0,-66.0208,176.9156,1,0,0
2001067,0,0,0,0,0,0,-66.0208,176.9156,1,0,0
2001068,0,0,0,0,0,0,-66.0208,176.9156,1,0,0
2001069,0,0,0,0,0,0,-66.0208,176.9156,1,0,0
2001070,0,0,0,0,0,0,-66.1108,177.3586,1,0,0
2001071,0,0,0,0,0,0,-66.1755,177.517,1,0,0
2001072,0,0,0,0,0,0,-66.1755,177.517,1,0,0
2001073,0,0,0,0,0,0,-66.1755,177.517,1,0,0
2001074,0,0,0,0,0,0,-66.3188,177.6487,1,0,0
2001075,0,0,0,0,0,0,-66.3188,177.6487,1,0,0
2001076,0,0,0,0,0,0,-66.3188,177.6487,1,0,0
2001077,0,0,0,-66.3,177.5,1,-66.3695,177.7724,1,19,8
2001078,0,0,0,-66.3,177.6195,0,-66.4443,177.82,1,0,0
2001079,0,0,0,-66.3,177.7752,0,-66.4443,177.82,1,0,0
2001080,0,0,0,-66.3,177.9471,0,-66.4443,177.82,1,0,0
2001081,0,0,0,-66.3,178.1155,0,-66.4509,177.9706,1,0,0
2001082,0,0,0,-66.3,178.2603,0,-66.4875,178.2934,1,0,0
2001083,0,0,0,-66.3,178.3618,0,-66.5059,178.4019,1,0,0
2001084,0,0,0,-66.3,178.4,1,-66.5059,178.4019,1,19,8
2001085,0,0,0,0,0,0,-66.5042,178.7666,1,0,0
2001086,0,0,0,0,0,0,-66.4617,178.9904,1,0,0
2001087,0,0,0,0,0,0,-66.4048,179.0049,1,0,0
2001088,0,0,0,0,0,0,-66.4048,179.0049,1,0,0
2001089,0,0,0,0,0,0,-66.3727,178.9811,1,0,0
2001090,0,0,0,0,0,0,-66.3727,178.9811,1,0,0
2001091,0,0,0,0,0,0,-66.3193,178.7689,1,0,0
2001092,0,0,0,0,0,0,-66.3193,178.7689,1,0,0
2001093,0,0,0,0,0,0,-66.3193,178.7689,1,0,0
2001094,0,0,0,0,0,0,-66.3193,178.7689,1,0,0
2001095,0,0,0,0,0,0,-66.2481,178.5576,1,0,0
2001096,0,0,0,0,0,0,-66.2452,178.258,1,0,0
2001097,0,0,0,0,0,0,-66.2452,178.258,1,0,0
2001098,0,0,0,0,0,0,-66.2205,178.0776,1,0,0
2001099,0,0,0,0,0,0,-66.2205,178.0776,1,0,0
2001100,0,0,0,0,0,0,-66.266,177.9455,1,0,0
2001101,0,0,0,0,0,0,-66.3057,177.9616,1,0,0
2001102,0,0,0,0,0,0,-66.3902,177.9913,1,0,0
2001103,0,0,0,0,0,0,-66.4325,178.0368,1,0,0
2001104,0,0,0,0,0,0,-66.4325,178.0368,1,0,0
2001105,0,0,0,0,0,0,-66.4651,178.2885,1,0,0
2001106,0,0,0,0,0,0,-66.4651,178.2885,1,0,0
2001107,0,0,0,0,0,0,-66.4791,178.4411,1,0,0
2001108,0,0,0,0,0,0,-66.4791,178.4411,1,0,0
2001109,0,0,0,0,0,0,-66.4791,178.4411,1,0,0
2001110,0,0,0,0,0,0,-66.5087,178.6807,1,0,0
2001111,0,0,0,0,0,0,-66.5148,178.8342,1,0,0
2001112,0,0,0,0,0,0,-66.5148,178.8342,1,0,0
2001113,0,0,0,0,0,0,-66.4935,178.9648,1,0,0
2001114,0,0,0,0,0,0,-66.5258,178.9435,1,0,0
2001115,0,0,0,0,0,0,-66.5656,178.9979,1,0,0
2001116,0,0,0,0,0,0,-66.5656,178.9979,1,0,0
2001117,0,0,0,0,0,0,-66.6061,179.1582,1,0,0
2001118,0,0,0,0,0,0,-66.6242,179.3629,1,0,0
2001119,0,0,0,0,0,0,-66.6594,179.4857,1,0,0
2001120,0,0,0,0,0,0,-66.6871,179.6722,1,0,0
2001121,0,0,0,0,0,0,-66.6747,179.9533,1,0,0
2001122,0,0,0,0,0,0,-66.6747,179.9533,1,0,0
2001123,0,0,0,0,0,0,-66.6547,-179.673,1,0,0
2001124,0,0,0,0,0,0,-66.6547,-179.673,1,0,0
2001125,0,0,0,0,0,0,-66.6715,-179.456,1,0,0
2001126,0,0,0,0,0,0,-66.6715,-179.456,1,0,0
2001127,0,0,0,0,0,0,-66.6982,-179.3192,1,0,0
2001128,0,0,0,0,0,0,-66.6982,-179.3192,1,0,0
2001129,0,0,0,0,0,0,-66.6982,-179.3192,1,0,0
2001130,0,0,0,0,0,0,-66.6173,-179.3321,1,0,0
2001131,0,0,0,0,0,0,-66.6173,-179.3321,1,0,0
2001132,0,0,0,0,0,0,-66.5586,-179.2182,0,0,0
2001133,0,0,0,0,0,0,-66.4497,-179.0067,0,0,0
2001134,0,0,0,0,0,0,-66.391,-178.8928,1,0,0
2001135,0,0,0,0,0,0,-66.391,-178.8928,1,0,0
2001136,0,0,0,0,0,0,-66.3089,-178.6158,1,0,0
2001137,0,0,0,0,0,0,-66.2626,-178.1957,1,0,0
2001138,0,0,0,0,0,0,-66.2095,-177.7606,1,0,0
2001139,0,0,0,0,0,0,-66.1769,-177.5644,1,0,0
2001140,0,0,0,0,0,0,-66.1463,-177.3728,1,0,0
2001141,0,0,0,0,0,0,-66.1226,-177.1625,1,0,0
2001142,0,0,0,0,0,0,-66.0993,-176.9893,1,0,0
2001143,0,0,0,0,0,0,-66.0782,-176.9262,1,0,0
2001144,0,0,0,0,0,0,-66.0782,-176.9262,1,0,0
2001145,0,0,0,0,0,0,-65.9022,-176.6096,1,0,0
2001146,0,0,0,0,0,0,-65.7763,-176.292,1,0,0
2001147,0,0,0,0,0,0,-65.727,-176.0911,1,0,0
2001148,0,0,0,0,0,0,-65.6825,-175.9137,1,0,0
2001149,0,0,0,0,0,0,-65.7594,-175.8172,1,0,0
2001150,0,0,0,0,0,0,-65.8992,-175.6162,1,0,0
2001151,0,0,0,0,0,0,-65.8992,-175.6162,1,0,0
2001152,0,0,0,0,0,0,-65.9779,-175.3893,1,0,0
2001153,0,0,0,0,0,0,-66.0309,-174.9275,1,0,0
2001154,0,0,0,0,0,0,-65.952,-174.625,1,0,0
2001155,0,0,0,0,0,0,-65.8449,-174.3601,1,0,0
2001156,0,0,0,0,0,0,-65.736,-174.2976,1,0,0
2001157,0,0,0,0,0,0,-65.6066,-174.3958,1,0,0
2001158,0,0,0,0,0,0,-65.5228,-174.5171,1,0,0
2001159,0,0,0,0,0,0,-65.4071,-174.8468,1,0,0
2001160,0,0,0,0,0,0,-65.2688,-174.91,1,0,0
2001161,0,0,0,0,0,0,-65.1297,-174.8802,1,0,0
2001162,0,0,0,0,0,0,-64.9321,-174.4958,1,0,0
2001163,0,0,0,0,0,0,-64.7962,-174.3551,1,0,0
2001164,0,0,0,0,0,0,-64.4786,-174.211,1,0,0
2001165,0,0,0,0,0,0,-64.4786,-174.211,1,0,0
2001166,0,0,0,0,0,0,-64.3238,-174.5785,1,0,0
2001167,0,0,0,0,0,0,-64.3238,-174.5785,1,0,0
2001168,0,0,0,0,0,0,-64.2951,-174.6461,1,0,0
2001169,0,0,0,0,0,0,-64.2951,-174.6461,1,0,0
2001170,0,0,0,0,0,0,-64.3966,-174.8926,1,0,0
2001171,0,0,0,0,0,0,-64.4504,-174.8278,1,0,0
2001172,0,0,0,0,0,0,-64.5046,-174.6623,1,0,0
2001173,0,0,0,0,0,0,-64.5046,-174.6623,1,0,0
2001174,0,0,0,0,0,0,-64.4663,-174.1602,1,0,0
2001175,0,0,0,0,0,0,-64.4693,-174.0024,1,0,0
2001176,0,0,0,0,0,0,-64.4314,-173.8811,1,0,0
2001177,0,0,0,0,0,0,-64.3225,-173.6691,1,0,0
2001178,0,0,0,0,0,0,-64.2266,-173.4163,1,0,0
2001179,0,0,0,0,0,0,-64.2266,-173.4163,1,0,0
2001180,0,0,0,0,0,0,-64.0536,-173.1754,1,0,0
2001181,0,0,0,0,0,0,-64.0536,-173.1754,1,0,0
2001182,0,0,0,0,0,0,-63.8955,-173.1033,1,0,0
2001183,0,0,0,0,0,0,-63.8955,-173.1033,1,0,0
2001184,0,0,0,0,0,0,-63.7108,-173.1477,1,0,0
2001185,0,0,0,0,0,0,-63.7108,-173.1477,1,0,0
2001186,0,0,0,0,0,0,-63.418,-172.8015,1,0,0
2001187,0,0,0,0,0,0,-63.418,-172.8015,1,0,0
2001188,0,0,0,0,0,0,-63.288,-172.5747,0,0,0
2001189,0,0,0,0,0,0,-63.0467,-172.0763,0,0,0
2001190,0,0,0,0,0,0,-62.9167,-171.5793,1,0,0
2001191,0,0,0,0,0,0,-63.0722,-171.1755,1,0,0
2001192,0,0,0,0,0,0,-63.1897,-171.0662,1,0,0
2001193,0,0,0,0,0,0,-63.3556,-170.8977,1,0,0
2001194,0,0,0,0,0,0,-63.4633,-170.8935,1,0,0
2001195,0,0,0,0,0,0,-63.5518,-170.8558,1,0,0
2001196,0,0,0,0,0,0,-63.5518,-170.8558,1,0,0
2001197,0,0,0,0,0,0,-63.6202,-170.8478,1,0,0
2001198,0,0,0,0,0,0,-63.5788,-170.6952,1,0,0
2001199,0,0,0,0,0,0,-63.473,-170.5405,1,0,0
2001200,0,0,0,0,0,0,-63.3567,-170.4077,1,0,0
2001201,0,0,0,0,0,0,-63.2259,-170.2483,1,0,0
2001202,0,0,0,0,0,0,-62.864,-169.5386,1,0,0
2001203,0,0,0,0,0,0,-62.864,-169.5386,1,0,0
2001204,0,0,0,0,0,0,-62.7849,-169.297,1,0,0
2001205,0,0,0,0,0,0,-62.5021,-168.6842,1,0,0
2001206,0,0,0,0,0,0,-62.3748,-168.4899,1,0,0
2001207,0,0,0,0,0,0,-62.3748,-168.4899,1,0,0
2001208,0,0,0,0,0,0,-62.342,-168.3717,1,0,0
2001209,0,0,0,0,0,0,-62.2966,-167.8058,1,0,0
2001210,0,0,0,0,0,0,-62.2966,-167.8058,1,0,0
2001211,0,0,0,0,0,0,-62.2068,-167.2271,1,0,0
2001212,0,0,0,0,0,0,-62.0697,-166.7693,1,0,0
2001213,0,0,0,0,0,0,-62.0697,-166.7693,1,0,0
2001214,0,0,0,0,0,0,-62.2076,-165.6027,1,0,0
2001215,0,0,0,0,0,0,-62.2458,-165.0015,1,0,0
2001216,0,0,0,0,0,0,-61.8956,-164.3452,1,0,0
2001217,0,0,0,0,0,0,-61.7471,-163.949,1,0,0
2001218,0,0,0,0,0,0,-61.7471,-163.949,1,0,0
2001219,0,0,0,0,0,0,-61.7505,-163.2753,1,0,0
2001220,0,0,0,0,0,0,-61.8063,-162.9595,1,0,0
2001221,0,0,0,0,0,0,-61.8063,-162.9595,1,0,0
2001222,0,0,0,0,0,0,-61.8063,-162.9595,1,0,0
2001223,0,0,0,0,0,0,-61.8063,-162.9595,1,0,0
2001224,0,0,0,0,0,0,-61.5037,-161.9869,1,0,0
2001225,0,0,0,0,0,0,-61.5037,-161.9869,1,0,0
2001226,0,0,0,0,0,0,-61.4356,-161.6283,1,0,0
2001227,0,0,0,0,0,0,-61.3702,-161.0946,1,0,0
2001228,0,0,0,0,0,0,-61.3537,-160.9806,1,0,0
2001229,0,0,0,0,0,0,-61.3537,-160.9806,1,0,0
2001230,0,0,0,0,0,0,-61.3158,-160.7997,1,0,0
2001231,0,0,0,0,0,0,-61.2831,-160.5142,1,0,0
2001232,0,0,0,0,0,0,-61.2765,-160.2207,1,0,0
2001233,0,0,0,0,0,0,-61.2346,-159.8635,1,0,0
2001234,0,0,0,0,0,0,-61.2346,-159.8635,1,0,0
2001235,0,0,0,0,0,0,-61.2904,-159.6393,1,0,0
2001236,0,0,0,0,0,0,-61.3845,-159.5893,1,0,0
2001237,0,0,0,0,0,0,-61.3845,-159.5893,1,0,0
2001238,0,0,0,0,0,0,-61.5148,-159.5099,1,0,0
2001239,0,0,0,0,0,0,-61.5148,-159.5099,1,0,0
2001240,0,0,0,0,0,0,-61.6257,-159.247,1,0,0
2001241,0,0,0,0,0,0,-61.6257,-159.247,1,0,0
2001242,0,0,0,0,0,0,-61.6987,-159.1141,1,0,0
2001243,0,0,0,0,0,0,-61.6939,-158.8152,1,0,0
2001244,0,0,0,0,0,0,-61.6049,-158.3679,1,0,0
2001245,0,0,0,0,0,0,-61.6049,-158.3679,1,0,0
2001246,0,0,0,0,0,0,-61.353,-158.2978,1,0,0
2001247,0,0,0,0,0,0,-61.3135,-158.2872,1,0,0
2001248,0,0,0,0,0,0,-61.1097,-158.1217,1,0,0
2001249,0,0,0,0,0,0,-61.1097,-158.1217,1,0,0
2001250,0,0,0,0,0,0,-60.8665,-158.3491,1,0,0
2001251,0,0,0,0,0,0,-60.7165,-158.2251,1,0,0
2001252,0,0,0,0,0,0,-60.5334,-157.7197,1,0,0
2001253,0,0,0,0,0,0,-60.5334,-157.7197,1,0,0
2001254,0,0,0,0,0,0,-60.555,-157.4751,1,0,0
2001255,0,0,0,0,0,0,-60.4969,-156.9302,1,0,0
2001256,0,0,0,0,0,0,-60.4396,-156.9608,1,0,0
2001257,0,0,0,0,0,0,-60.2759,-156.7828,1,0,0
2001258,0,0,0,0,0,0,-60.2759,-156.7828,1,0,0
2001259,0,0,0,0,0,0,-60.2417,-156.6186,1,0,0
2001260,0,0,0,0,0,0,-60.1867,-156.2086,1,0,0
2001261,0,0,0,0,0,0,-60.1867,-156.2086,1,0,0
2001262,0,0,0,0,0,0,-60.1181,-156.1007,1,0,0
2001336,0,0,0,-55.2,-146.2,1,0,0,0,19,8
