date,nic_1,nic_2,nic_3,qscat_1,qscat_2,qscat_3,size_1,size_2
2006043,-68.72,157.8,1,0,0,0,14,3
2006044,-68.6971,157.7567,0,0,0,0,0,0
2006045,-68.6761,157.7098,0,0,0,0,0,0
2006046,-68.6576,157.6595,0,0,0,0,0,0
2006047,-68.642,157.6062,0,0,0,0,0,0
2006048,-68.6302,157.55,0,0,0,0,0,0
2006049,-68.6227,157.4912,0,0,0,0,0,0
2006050,-68.62,157.43,1,0,0,0,14,3
2006051,-68.6217,157.3668,0,0,0,0,0,0
2006052,-68.6259,157.3011,0,0,0,0,0,0
2006053,-68.6318,157.2318,0,0,0,0,0,0
2006054,-68.6382,157.1581,0,0,0,0,0,0
2006055,-68.6441,157.0788,0,0,0,0,0,0
2006056,-68.6483,156.9931,0,0,0,0,0,0
2006057,-68.65,156.9,1,0,0,0,14,3
2006058,-68.6477,156.7928,0,0,0,0,0,0
2006059,-68.6414,156.6684,0,0,0,0,0,0
2006060,-68.632,156.5316,0,0,0,0,0,0
2006061,-68.6203,156.3868,0,0,0,0,0,0
2006062,-68.6071,156.2386,0,0,0,0,0,0
2006063,-68.5934,156.0915,0,0,0,0,0,0
2006064,-68.58,155.95,1,0,0,0,14,3
2006065,-68.565,155.8051,0,0,0,0,0,0
2006066,-68.5467,155.6496,0,0,0,0,0,0
2006067,-68.5265,155.4912,0,0,0,0,0,0
2006068,-68.5055,155.3374,0,0,0,0,0,0
2006069,-68.4849,155.1959,0,0,0,0,0,0
2006070,-68.466,155.0743,0,0,0,0,0,0
2006071,-68.45,154.98,1,0,0,0,14,3
2006072,-68.437,154.909,0,0,0,0,0,0
2006073,-68.4258,154.8496,0,0,0,0,0,0
2006074,-68.4156,154.7981,0,0,0,0,0,0
2006075,-68.4057,154.7511,0,0,0,0,0,0
2006076,-68.3953,154.7048,0,0,0,0,0,0
2006077,-68.3837,154.6556,0,0,0,0,0,0
2006078,-68.37,154.6,1,0,0,0,14,3
2006079,-68.3521,154.5349,0,0,0,0,0,0
2006080,-68.3294,154.4625,0,0,0,0,0,0
2006081,-68.3042,154.3867,0,0,0,0,0,0
2006082,-68.2786,154.3115,0,0,0,0,0,0
2006083,-68.2546,154.241,0,0,0,0,0,0
2006084,-68.2344,154.1792,0,0,0,0,0,0
2006085,-68.22,154.13,1,0,0,0,14,3
2006086,-68.2094,154.0879,0,0,0,0,0,0
2006087,-68.1992,154.0461,0,0,0,0,0,0
2006088,-68.1898,154.0067,0,0,0,0,0,0
2006089,-68.1818,153.9722,0,0,0,0,0,0
2006090,-68.1755,153.9447,0,0,0,0,0,0
2006091,-68.1715,153.9266,0,0,0,0,0,0
2006092,-68.17,153.92,1,0,0,0,14,3
2006093,-68.1703,153.9355,0,0,0,0,0,0
2006094,-68.1712,153.9755,0,0,0,0,0,0
2006095,-68.1725,154.0302,0,0,0,0,0,0
2006096,-68.1742,154.0898,0,0,0,0,0,0
2006097,-68.1761,154.1445,0,0,0,0,0,0
2006098,-68.178,154.1845,0,0,0,0,0,0
2006099,-68.18,154.2,1,0,0,0,14,3
2006100,-68.1825,154.0689,0,0,0,0,0,0
2006101,-68.1859,153.7305,0,0,0,0,0,0
2006102,-68.1897,153.2674,0,0,0,0,0,0
2006103,-68.1935,152.7623,0,0,0,0,0,0
2006104,-68.1968,152.2976,0,0,0,0,0,0
2006105,-68.1991,151.956,0,0,0,0,0,0
2006106,-68.2,151.82,1,0,0,0,14,3
2006107,-68.1989,151.8153,0,0,0,0,0,0
2006108,-68.196,151.8121,0,0,0,0,0,0
2006109,-68.1921,151.8098,0,0,0,0,0,0
2006110,-68.1879,151.8081,0,0,0,0,0,0
2006111,-68.184,151.8062,0,0,0,0,0,0
2006112,-68.1811,151.8037,0,0,0,0,0,0
2006113,-68.18,151.8,1,0,0,0,14,3
2006114,-68.18,151.7947,0,0,0,0,0,0
2006115,-68.18,151.7877,0,0,0,0,0,0
2006116,-68.18,151.7791,0,0,0,0,0,0
2006117,-68.18,151.769,0,0,0,0,0,0
2006118,-68.18,151.7574,0,0,0,0,0,0
2006119,-68.18,151.7444,0,0,0,0,0,0
2006120,-68.18,151.73,1,0,0,0,14,3
2006121,-68.1828,151.7073,0,0,0,0,0,0
2006122,-68.1899,151.6731,0,0,0,0,0,0
2006123,-68.1997,151.6327,0,0,0,0,0,0
2006124,-68.2103,151.5916,0,0,0,0,0,0
2006125,-68.2201,151.5555,0,0,0,0,0,0
2006126,-68.2272,151.5298,0,0,0,0,0,0
2006127,-68.23,151.52,1,0,0,0,14,3
2006128,-68.2291,151.522,0,0,0,0,0,0
2006129,-68.2265,151.5275,0,0,0,0,0,0
2006130,-68.2226,151.5357,0,0,0,0,0,0
2006131,-68.2177,151.5459,0,0,0,0,0,0
2006132,-68.2121,151.5572,0,0,0,0,0,0
2006133,-68.2061,151.5688,0,0,0,0,0,0
2006134,-68.2,151.58,1,0,0,0,14,3
2006135,-68.1917,151.5934,0,0,0,0,0,0
2006136,-68.18,151.6108,0,0,0,0,0,0
2006137,-68.1666,151.6299,0,0,0,0,0,0
2006138,-68.1531,151.6485,0,0,0,0,0,0
2006139,-68.1414,151.6645,0,0,0,0,0,0
2006140,-68.1331,151.6758,0,0,0,0,0,0
2006141,-68.13,151.68,1,0,0,0,14,3
2006142,-68.1311,151.6745,0,0,0,0,0,0
2006143,-68.134,151.6602,0,0,0,0,0,0
2006144,-68.1379,151.6406,0,0,0,0,0,0
2006145,-68.1421,151.6194,0,0,0,0,0,0
2006146,-68.146,151.5998,0,0,0,0,0,0
2006147,-68.1489,151.5855,0,0,0,0,0,0
2006148,-68.15,151.58,1,0,0,0,14,3
2006149,-68.15,151.58,0,0,0,0,0,0
2006150,-68.15,151.58,0,0,0,0,0,0
2006151,-68.15,151.58,0,0,0,0,0,0
2006152,-68.15,151.58,0,0,0,0,0,0
2006153,-68.15,151.58,0,0,0,0,0,0
2006154,-68.15,151.58,0,0,0,0,0,0
2006155,-68.15,151.58,1,0,0,0,14,3
2006156,-68.1511,151.5794,0,0,0,0,0,0
2006157,-68.154,151.578,0,0,0,0,0,0
2006158,-68.1579,151.5761,0,0,0,0,0,0
2006159,-68.1621,151.5739,0,0,0,0,0,0
2006160,-68.166,151.572,0,0,0,0,0,0
2006161,-68.1689,151.5706,0,0,0,0,0,0
2006162,-68.17,151.57,1,0,0,0,14,3
2006163,-68.17,151.57,0,0,0,0,0,0
2006164,-68.17,151.57,0,0,0,0,0,0
2006165,-68.17,151.57,0,0,0,0,0,0
2006166,-68.17,151.57,0,0,0,0,0,0
2006167,-68.17,151.57,0,0,0,0,0,0
2006168,-68.17,151.57,0,0,0,0,0,0
2006169,-68.17,151.57,1,0,0,0,14,3
2006170,-68.17,151.5717,0,0,0,0,0,0
2006171,-68.17,151.5759,0,0,0,0,0,0
2006172,-68.17,151.5818,0,0,0,0,0,0
2006173,-68.17,151.5882,0,0,0,0,0,0
2006174,-68.17,151.5941,0,0,0,0,0,0
2006175,-68.17,151.5983,0,0,0,0,0,0
2006176,-68.17,151.6,1,0,0,0,14,3
2006177,-68.17,151.5983,0,0,0,0,0,0
2006178,-68.17,151.5941,0,0,0,0,0,0
2006179,-68.17,151.5882,0,0,0,0,0,0
2006180,-68.17,151.5818,0,0,0,0,0,0
2006181,-68.17,151.5759,0,0,0,0,0,0
2006182,-68.17,151.5717,0,0,0,0,0,0
2006183,-68.17,151.57,1,0,0,0,14,3
2006184,-68.17,151.57,0,0,0,0,0,0
2006185,-68.17,151.57,0,0,0,0,0,0
2006186,-68.17,151.57,0,0,0,0,0,0
2006187,-68.17,151.57,0,0,0,0,0,0
2006188,-68.17,151.57,0,0,0,0,0,0
2006189,-68.17,151.57,0,0,0,0,0,0
2006190,-68.17,151.57,1,0,0,0,14,3
2006191,-68.17,151.57,0,0,0,0,0,0
2006192,-68.17,151.57,0,0,0,0,0,0
2006193,-68.17,151.57,0,0,0,0,0,0
2006194,-68.17,151.57,0,0,0,0,0,0
2006195,-68.17,151.57,0,0,0,0,0,0
2006196,-68.17,151.57,0,0,0,0,0,0
2006197,-68.17,151.57,1,0,0,0,14,3
2006198,-68.1695,151.5791,0,0,0,0,0,0
2006199,-68.1681,151.6037,0,0,0,0,0,0
2006200,-68.1659,151.6403,0,0,0,0,0,0
2006201,-68.1629,151.6849,0,0,0,0,0,0
2006202,-68.1592,151.7339,0,0,0,0,0,0
2006203,-68.1549,151.7835,0,0,0,0,0,0
2006204,-68.15,151.83,1,0,0,0,14,3
2006205,-68.1368,151.8825,0,0,0,0,0,0
2006206,-68.1111,151.9479,0,0,0,0,0,0
2006207,-68.0781,152.0184,0,0,0,0,0,0
2006208,-68.0432,152.0864,0,0,0,0,0,0
2006209,-68.0116,152.1445,0,0,0,0,0,0
2006210,-67.9888,152.1848,0,0,0,0,0,0
2006211,-67.98,152.2,1,0,0,0,14,3
2006212,-67.9822,152.1917,0,0,0,0,0,0
2006213,-67.9879,152.1703,0,0,0,0,0,0
2006214,-67.9957,152.141,0,0,0,0,0,0
2006215,-68.0043,152.109,0,0,0,0,0,0
2006216,-68.0121,152.0797,0,0,0,0,0,0
2006217,-68.0178,152.0583,0,0,0,0,0,0
2006218,-68.02,152.05,1,0,0,0,14,3
2006219,-68.0178,152.0539,0,0,0,0,0,0
2006220,-68.0121,152.0639,0,0,0,0,0,0
2006221,-68.0043,152.0776,0,0,0,0,0,0
2006222,-67.9957,152.0924,0,0,0,0,0,0
2006223,-67.9879,152.1061,0,0,0,0,0,0
2006224,-67.9822,152.1161,0,0,0,0,0,0
2006225,-67.98,152.12,1,0,0,0,14,3
2006226,-67.9811,152.1172,0,0,0,0,0,0
2006227,-67.984,152.1101,0,0,0,0,0,0
2006228,-67.9879,152.1003,0,0,0,0,0,0
2006229,-67.9921,152.0897,0,0,0,0,0,0
2006230,-67.996,152.0799,0,0,0,0,0,0
2006231,-67.9989,152.0728,0,0,0,0,0,0
2006232,-68,152.07,1,0,0,0,14,3
2006233,-67.9965,152.072,0,0,0,0,0,0
2006234,-67.9872,152.0775,0,0,0,0,0,0
2006235,-67.9741,152.0857,0,0,0,0,0,0
2006236,-67.959,152.0959,0,0,0,0,0,0
2006237,-67.9436,152.1072,0,0,0,0,0,0
2006238,-67.93,152.1188,0,0,0,0,0,0
2006239,-67.92,152.13,1,0,0,0,14,3
2006240,-67.913,152.1434,0,0,0,0,0,0
2006241,-67.907,152.1608,0,0,0,0,0,0
2006242,-67.9017,152.1799,0,0,0,0,0,0
2006243,-67.8967,152.1985,0,0,0,0,0,0
2006244,-67.8917,152.2145,0,0,0,0,0,0
2006245,-67.8862,152.2258,0,0,0,0,0,0
2006246,-67.88,152.23,1,0,0,0,14,3
2006260,-67.76,152.125,1,0,0,0,14,3
2006274,-67.8,151.95,1,0,0,0,14,3
2006275,-67.8,151.95,0,0,0,0,0,0
2006276,-67.8,151.95,0,0,0,0,0,0
2006277,-67.8,151.95,0,0,0,0,0,0
2006278,-67.8,151.95,0,0,0,0,0,0
2006279,-67.8,151.95,0,0,0,0,0,0
2006280,-67.8,151.95,0,0,0,0,0,0
2006281,-67.8,151.95,1,0,0,0,14,3
2006282,-67.8,151.95,0,0,0,0,0,0
2006283,-67.8,151.95,0,0,0,0,0,0
2006284,-67.8,151.95,0,0,0,0,0,0
2006285,-67.8,151.95,0,0,0,0,0,0
2006286,-67.8,151.95,0,0,0,0,0,0
2006287,-67.8,151.95,0,0,0,0,0,0
2006288,-67.8,151.95,1,0,0,0,14,3
2006289,-67.7989,151.95,0,0,0,0,0,0
2006290,-67.796,151.95,0,0,0,0,0,0
2006291,-67.7921,151.95,0,0,0,0,0,0
2006292,-67.7879,151.95,0,0,0,0,0,0
2006293,-67.784,151.95,0,0,0,0,0,0
2006294,-67.7811,151.95,0,0,0,0,0,0
2006295,-67.78,151.95,1,0,0,0,14,3
2006296,-67.78,151.9511,0,0,0,0,0,0
2006297,-67.78,151.954,0,0,0,0,0,0
2006298,-67.78,151.9579,0,0,0,0,0,0
2006299,-67.78,151.9621,0,0,0,0,0,0
2006300,-67.78,151.966,0,0,0,0,0,0
2006301,-67.78,151.9689,0,0,0,0,0,0
2006302,-67.78,151.97,1,0,0,0,14,3
2006303,-67.78,151.965,0,0,0,0,0,0
2006304,-67.78,151.9522,0,0,0,0,0,0
2006305,-67.78,151.9346,0,0,0,0,0,0
2006306,-67.78,151.9154,0,0,0,0,0,0
2006307,-67.78,151.8978,0,0,0,0,0,0
2006308,-67.78,151.885,0,0,0,0,0,0
2006309,-67.78,151.88,1,0,0,0,14,3
2006310,-67.78,151.8811,0,0,0,0,0,0
2006311,-67.78,151.884,0,0,0,0,0,0
2006312,-67.78,151.8879,0,0,0,0,0,0
2006313,-67.78,151.8921,0,0,0,0,0,0
2006314,-67.78,151.896,0,0,0,0,0,0
2006315,-67.78,151.8989,0,0,0,0,0,0
2006316,-67.78,151.9,1,0,0,0,14,3
2006330,-67.725,151.89,1,0,0,0,14,3
2006351,-67.9,151.75,1,0,0,0,14,3
2007007,-67.48,151.73,1,0,0,0,14,3
2007008,-67.4667,151.7202,0,0,0,0,0,0
2007009,-67.4544,151.6974,0,0,0,0,0,0
2007010,-67.4428,151.6647,0,0,0,0,0,0
2007011,-67.4318,151.6254,0,0,0,0,0,0
2007012,-67.4211,151.5827,0,0,0,0,0,0
2007013,-67.4106,151.5398,0,0,0,0,0,0
2007014,-67.4,151.5,1,0,0,0,14,3
2007015,-67.3883,151.4567,0,0,0,0,0,0
2007016,-67.3752,151.4048,0,0,0,0,0,0
2007017,-67.362,151.3494,0,0,0,0,0,0
2007018,-67.3497,151.296,0,0,0,0,0,0
2007019,-67.3395,151.2498,0,0,0,0,0,0
2007020,-67.3326,151.216,0,0,0,0,0,0
2007021,-67.33,151.2,1,0,0,0,14,3
2007022,-67.3322,151.195,0,0,0,0,0,0
2007023,-67.3379,151.1906,0,0,0,0,0,0
2007024,-67.3457,151.1869,0,0,0,0,0,0
2007025,-67.3543,151.1839,0,0,0,0,0,0
2007026,-67.3621,151.1818,0,0,0,0,0,0
2007027,-67.3678,151.1805,0,0,0,0,0,0
2007028,-67.37,151.18,1,0,0,0,14,3
2007029,-67.37,151.18,0,0,0,0,0,0
2007030,-67.37,151.18,0,0,0,0,0,0
2007031,-67.37,151.18,0,0,0,0,0,0
2007032,-67.37,151.18,0,0,0,0,0,0
2007033,-67.37,151.18,0,0,0,0,0,0
2007034,-67.37,151.18,0,0,0,0,0,0
2007035,-67.37,151.18,1,0,0,0,14,3
2007036,-67.3686,151.1767,0,0,0,0,0,0
2007037,-67.3649,151.1681,0,0,0,0,0,0
2007038,-67.3593,151.1564,0,0,0,0,0,0
2007039,-67.3525,151.1436,0,0,0,0,0,0
2007040,-67.3449,151.1319,0,0,0,0,0,0
2007041,-67.3373,151.1233,0,0,0,0,0,0
2007042,-67.33,151.12,1,0,0,0,14,3
2007043,-67.3222,151.12,0,0,0,0,0,0
2007044,-67.3129,151.12,0,0,0,0,0,0
2007045,-67.3028,151.12,0,0,0,0,0,0
2007046,-67.2928,151.12,0,0,0,0,0,0
2007047,-67.2835,151.12,0,0,0,0,0,0
2007048,-67.2756,151.12,0,0,0,0,0,0
2007049,-67.27,151.12,1,0,0,0,14,3
2007050,-67.2663,151.1144,0,0,0,0,0,0
2007051,-67.2636,151.099,0,0,0,0,0,0
2007052,-67.2614,151.0759,0,0,0,0,0,0
2007053,-67.2594,151.0473,0,0,0,0,0,0
2007054,-67.2571,151.0153,0,0,0,0,0,0
2007055,-67.2541,150.9822,0,0,0,0,0,0
2007056,-67.25,150.95,1,0,0,0,14,3
2007057,-67.241,150.9106,0,0,0,0,0,0
2007058,-67.2253,150.8589,0,0,0,0,0,0
2007059,-67.206,150.8016,0,0,0,0,0,0
2007060,-67.1859,150.7453,0,0,0,0,0,0
2007061,-67.1679,150.6968,0,0,0,0,0,0
2007062,-67.155,150.6628,0,0,0,0,0,0
2007063,-67.15,150.65,1,0,0,0,14,3
2007064,-67.15,150.65,0,0,0,0,0,0
2007065,-67.15,150.65,0,0,0,0,0,0
2007066,-67.15,150.65,0,0,0,0,0,0
2007067,-67.15,150.65,0,0,0,0,0,0
2007068,-67.15,150.65,0,0,0,0,0,0
2007069,-67.15,150.65,0,0,0,0,0,0
2007070,-67.15,150.65,1,0,0,0,14,3
2007071,-67.15,150.65,0,0,0,0,0,0
2007072,-67.15,150.65,0,0,0,0,0,0
2007073,-67.15,150.65,0,0,0,0,0,0
2007074,-67.15,150.65,0,0,0,0,0,0
2007075,-67.15,150.65,0,0,0,0,0,0
2007076,-67.15,150.65,0,0,0,0,0,0
2007077,-67.15,150.65,1,0,0,0,14,3
2007078,-67.15,150.65,0,0,0,0,0,0
2007079,-67.15,150.65,0,0,0,0,0,0
2007080,-67.15,150.65,0,0,0,0,0,0
2007081,-67.15,150.65,0,0,0,0,0,0
2007082,-67.15,150.65,0,0,0,0,0,0
2007083,-67.15,150.65,0,0,0,0,0,0
2007084,-67.15,150.65,1,0,0,0,14,3
2007085,-67.1406,150.6461,0,0,0,0,0,0
2007086,-67.1163,150.6361,0,0,0,0,0,0
2007087,-67.0831,150.6224,0,0,0,0,0,0
2007088,-67.0469,150.6076,0,0,0,0,0,0
2007089,-67.0137,150.5939,0,0,0,0,0,0
2007090,-66.9894,150.5839,0,0,0,0,0,0
2007091,-66.98,150.58,1,0,0,0,14,3
2007092,-66.98,150.58,0,0,0,0,0,0
2007093,-66.98,150.58,0,0,0,0,0,0
2007094,-66.98,150.58,0,0,0,0,0,0
2007095,-66.98,150.58,0,0,0,0,0,0
2007096,-66.98,150.58,0,0,0,0,0,0
2007097,-66.98,150.58,0,0,0,0,0,0
2007098,-66.98,150.58,1,0,0,0,14,3
2007099,-66.98,150.58,0,0,0,0,0,0
2007100,-66.98,150.58,0,0,0,0,0,0
2007101,-66.98,150.58,0,0,0,0,0,0
2007102,-66.98,150.58,0,0,0,0,0,0
2007103,-66.98,150.58,0,0,0,0,0,0
2007104,-66.98,150.58,0,0,0,0,0,0
2007105,-66.98,150.58,1,0,0,0,14,3
2007106,-66.9793,150.5833,0,0,0,0,0,0
2007107,-66.9773,150.5927,0,0,0,0,0,0
2007108,-66.9741,150.6073,0,0,0,0,0,0
2007109,-66.9696,150.6263,0,0,0,0,0,0
2007110,-66.9641,150.6486,0,0,0,0,0,0
2007111,-66.9575,150.6735,0,0,0,0,0,0
2007112,-66.95,150.7,1,0,0,0,14,3
2007113,-66.9241,150.7448,0,0,0,0,0,0
2007114,-66.8695,150.8168,0,0,0,0,0,0
2007115,-66.7973,150.9036,0,0,0,0,0,0
2007116,-66.7183,150.9928,0,0,0,0,0,0
2007117,-66.6434,151.0718,0,0,0,0,0,0
2007118,-66.5837,151.1284,0,0,0,0,0,0
2007119,-66.55,151.15,1,0,0,0,14,3
2007120,-66.5339,151.0972,0,0,0,0,0,0
2007121,-66.5198,150.9598,0,0,0,0,0,0
2007122,-66.5076,150.769,0,0,0,0,0,0
2007123,-66.4975,150.5563,0,0,0,0,0,0
2007124,-66.4895,150.353,0,0,0,0,0,0
2007125,-66.4836,150.1904,0,0,0,0,0,0
2007126,-66.48,150.1,1,0,0,0,14,3
2007127,-66.4776,150.0578,0,0,0,0,0,0
2007128,-66.4755,150.0195,0,0,0,0,0,0
2007129,-66.4736,149.9861,0,0,0,0,0,0
2007130,-66.4721,149.9586,0,0,0,0,0,0
2007131,-66.471,149.9378,0,0,0,0,0,0
2007132,-66.4702,149.9246,0,0,0,0,0,0
2007133,-66.47,149.92,1,0,0,0,14,3
2007134,-66.47,149.92,0,0,0,0,0,0
2007135,-66.47,149.92,0,0,0,0,0,0
2007136,-66.47,149.92,0,0,0,0,0,0
2007137,-66.47,149.92,0,0,0,0,0,0
2007138,-66.47,149.92,0,0,0,0,0,0
2007139,-66.47,149.92,0,0,0,0,0,0
2007140,-66.47,149.92,1,0,0,0,14,3
2007161,-66.4,149.87,1,0,0,0,14,3
2007162,-66.4,149.87,0,0,0,0,0,0
2007163,-66.4,149.87,0,0,0,0,0,0
2007164,-66.4,149.87,0,0,0,0,0,0
2007165,-66.4,149.87,0,0,0,0,0,0
2007166,-66.4,149.87,0,0,0,0,0,0
2007167,-66.4,149.87,0,0,0,0,0,0
2007168,-66.4,149.87,1,0,0,0,14,3
2007169,-66.4,149.87,0,0,0,0,0,0
2007170,-66.4,149.87,0,0,0,0,0,0
2007171,-66.4,149.87,0,0,0,0,0,0
2007172,-66.4,149.87,0,0,0,0,0,0
2007173,-66.4,149.87,0,0,0,0,0,0
2007174,-66.4,149.87,0,0,0,0,0,0
2007175,-66.4,149.87,1,0,0,0,14,3
2007176,-66.4,149.87,0,0,0,0,0,0
2007177,-66.4,149.87,0,0,0,0,0,0
2007178,-66.4,149.87,0,0,0,0,0,0
2007179,-66.4,149.87,0,0,0,0,0,0
2007180,-66.4,149.87,0,0,0,0,0,0
2007181,-66.4,149.87,0,0,0,0,0,0
2007182,-66.4,149.87,1,0,0,0,14,3
2007183,-66.3962,149.8717,0,0,0,0,0,0
2007184,-66.3858,149.8759,0,0,0,0,0,0
2007185,-66.37,149.8818,0,0,0,0,0,0
2007186,-66.3502,149.8882,0,0,0,0,0,0
2007187,-66.3277,149.8941,0,0,0,0,0,0
2007188,-66.3039,149.8983,0,0,0,0,0,0
2007189,-66.28,149.9,1,0,0,0,14,3
2007190,-66.252,149.8217,0,0,0,0,0,0
2007191,-66.2165,149.6147,0,0,0,0,0,0
2007192,-66.1763,149.3203,0,0,0,0,0,0
2007193,-66.1339,148.9801,0,0,0,0,0,0
2007194,-66.0919,148.6356,0,0,0,0,0,0
2007195,-66.0531,148.3284,0,0,0,0,0,0
2007196,-66.02,148.1,1,0,0,0,14,3
2007197,-65.9899,147.9438,0,0,0,0,0,0
2007198,-65.9593,147.8171,0,0,0,0,0,0
2007199,-65.9297,147.7067,0,0,0,0,0,0
2007200,-65.9025,147.5998,0,0,0,0,0,0
2007201,-65.8791,147.4834,0,0,0,0,0,0
2007202,-65.8612,147.3444,0,0,0,0,0,0
2007203,-65.85,147.17,1,0,0,0,14,3
2007204,-65.843,146.8948,0,0,0,0,0,0
2007205,-65.8366,146.4976,0,0,0,0,0,0
2007206,-65.8311,146.0311,0,0,0,0,0,0
2007207,-65.8265,145.5482,0,0,0,0,0,0
2007208,-65.823,145.1019,0,0,0,0,0,0
2007209,-65.8208,144.7448,0,0,0,0,0,0
2007210,-65.82,144.53,1,0,0,0,14,3
2007211,-65.8394,144.4214,0,0,0,0,0,0
2007212,-65.8894,144.3409,0,0,0,0,0,0
2007213,-65.9578,144.2782,0,0,0,0,0,0
2007214,-66.0322,144.2231,0,0,0,0,0,0
2007215,-66.1006,144.1652,0,0,0,0,0,0
2007216,-66.1506,144.0943,0,0,0,0,0,0
2007217,-66.17,144,1,0,0,0,14,3
2007218,-66.1653,143.8461,0,0,0,0,0,0
2007219,-66.1532,143.6246,0,0,0,0,0,0
2007220,-66.1365,143.3674,0,0,0,0,0,0
2007221,-66.1179,143.1064,0,0,0,0,0,0
2007222,-66.1005,142.8736,0,0,0,0,0,0
2007223,-66.0869,142.7008,0,0,0,0,0,0
2007224,-66.08,142.62,1,0,0,0,14,3
2007225,-66.0779,142.5998,0,0,0,0,0,0
2007226,-66.0765,142.5861,0,0,0,0,0,0
2007227,-66.0756,142.5764,0,0,0,0,0,0
2007228,-66.0747,142.5683,0,0,0,0,0,0
2007229,-66.0737,142.5594,0,0,0,0,0,0
2007230,-66.0723,142.5475,0,0,0,0,0,0
2007231,-66.07,142.53,1,0,0,0,14,3
2007232,-66.0547,142.4954,0,0,0,0,0,0
2007233,-66.0196,142.4393,0,0,0,0,0,0
2007234,-65.9729,142.3701,0,0,0,0,0,0
2007235,-65.9224,142.2962,0,0,0,0,0,0
2007236,-65.8765,142.2259,0,0,0,0,0,0
2007237,-65.843,142.1677,0,0,0,0,0,0
2007238,-65.83,142.13,1,0,0,0,12,1
2007239,-65.8328,142.109,0,0,0,0,0,0
2007240,-65.8399,142.0938,0,0,0,0,0,0
2007241,-65.8497,142.082,0,0,0,0,0,0
2007242,-65.8603,142.0711,0,0,0,0,0,0
2007243,-65.8701,142.0587,0,0,0,0,0,0
2007244,-65.8772,142.0425,0,0,0,0,0,0
2007245,-65.88,142.02,1,0,0,0,12,1
2007246,-65.87,141.9793,0,0,0,0,0,0
2007247,-65.8438,141.9141,0,0,0,0,0,0
2007248,-65.8068,141.8307,0,0,0,0,0,0
2007249,-65.7644,141.7353,0,0,0,0,0,0
2007250,-65.7222,141.6343,0,0,0,0,0,0
2007251,-65.6855,141.5337,0,0,0,0,0,0
2007252,-65.66,141.44,1,0,0,0,12,1
2007273,-65.42,139.4,1,0,0,0,12,1
2007274,-65.3954,139.1743,0,0,0,0,0,0
2007275,-65.3616,138.8513,0,0,0,0,0,0
2007276,-65.322,138.4698,0,0,0,0,0,0
2007277,-65.2805,138.0683,0,0,0,0,0,0
2007278,-65.2405,137.6854,0,0,0,0,0,0
2007279,-65.2058,137.3598,0,0,0,0,0,0
2007280,-65.18,137.13,1,0,0,0,12,1
2007281,-65.161,136.9713,0,0,0,0,0,0
2007282,-65.144,136.8316,0,0,0,0,0,0
2007283,-65.1288,136.7083,0,0,0,0,0,0
2007284,-65.115,136.599,0,0,0,0,0,0
2007285,-65.1025,136.5012,0,0,0,0,0,0
2007286,-65.0909,136.4123,0,0,0,0,0,0
2007287,-65.08,136.33,1,0,0,0,12,1
2007288,-65.07,136.2572,0,0,0,0,0,0
2007289,-65.061,136.1958,0,0,0,0,0,0
2007290,-65.0528,136.1411,0,0,0,0,0,0
2007291,-65.045,136.0887,0,0,0,0,0,0
2007292,-65.0371,136.034,0,0,0,0,0,0
2007293,-65.0289,135.9726,0,0,0,0,0,0
2007294,-65.02,135.9,1,0,0,0,12,1
2007308,-64.87,134.12,1,0,0,0,12,1
2007309,-64.8701,134.0514,0,0,0,0,0,0
2007310,-64.8705,133.9882,0,0,0,0,0,0
2007311,-64.8711,133.9304,0,0,0,0,0,0
2007312,-64.8719,133.8778,0,0,0,0,0,0
2007313,-64.8728,133.8303,0,0,0,0,0,0
2007314,-64.8738,133.7877,0,0,0,0,0,0
2007315,-64.875,133.75,1,0,0,0,12,1
2007329,-64.98,133.4,1,0,0,0,12,1
2007343,-65.25,133.87,1,0,0,0,12,1
2007344,-65.2747,133.8661,0,0,0,0,0,0
2007345,-65.3014,133.8561,0,0,0,0,0,0
2007346,-65.3298,133.8424,0,0,0,0,0,0
2007347,-65.3593,133.8276,0,0,0,0,0,0
2007348,-65.3894,133.8139,0,0,0,0,0,0
2007349,-65.4198,133.8039,0,0,0,0,0,0
2007350,-65.45,133.8,1,0,0,0,12,1
2007351,-65.4842,133.8066,0,0,0,0,0,0
2007352,-65.5242,133.8238,0,0,0,0,0,0
2007353,-65.5659,133.8472,0,0,0,0,0,0
2007354,-65.6054,133.8728,0,0,0,0,0,0
2007355,-65.6386,133.8962,0,0,0,0,0,0
2007356,-65.6615,133.9134,0,0,0,0,0,0
2007357,-65.67,133.92,1,0,0,0,12,1
2007358,-65.67,133.9146,0,0,0,0,0,0
2007359,-65.67,133.8988,0,0,0,0,0,0
2007360,-65.67,133.873,0,0,0,0,0,0
2007361,-65.67,133.838,0,0,0,0,0,0
2007362,-65.67,133.7941,0,0,0,0,0,0
2007363,-65.67,133.742,0,0,0,0,0,0
2007364,-65.67,133.6822,0,0,0,0,0,0
2007365,-65.67,133.6152,0,0,0,0,0,0
2008001,-65.67,133.5025,0,0,0,0,0,0
2008002,-65.67,133.42,1,0,0,0,12,1
2008003,-65.6784,133.2484,0,0,0,0,0,0
2008004,-65.6974,132.9792,0,0,0,0,0,0
2008005,-65.7177,132.7254,0,0,0,0,0,0
2008006,-65.73,132.6,1,0,0,0,12,1
2008007,-65.7349,132.5793,0,0,0,0,0,0
2008008,-65.7392,132.5637,0,0,0,0,0,0
2008009,-65.7429,132.5519,0,0,0,0,0,0
2008010,-65.7459,132.5428,0,0,0,0,0,0
2008011,-65.7481,132.5352,0,0,0,0,0,0
2008012,-65.7495,132.528,0,0,0,0,0,0
2008013,-65.75,132.52,1,0,0,0,12,1
2008014,-65.75,132.5124,0,0,0,0,0,0
2008015,-65.75,132.5064,0,0,0,0,0,0
2008016,-65.75,132.5012,0,0,0,0,0,0
2008017,-65.75,132.4959,0,0,0,0,0,0
2008018,-65.75,132.4895,0,0,0,0,0,0
2008019,-65.75,132.4812,0,0,0,0,0,0
2008020,-65.75,132.47,1,0,0,0,12,1
2008021,-65.7521,132.4438,0,0,0,0,0,0
2008022,-65.7577,132.3948,0,0,0,0,0,0
2008023,-65.7657,132.3285,0,0,0,0,0,0
2008024,-65.7751,132.2503,0,0,0,0,0,0
2008025,-65.7846,132.1658,0,0,0,0,0,0
2008026,-65.7933,132.0806,0,0,0,0,0,0
2008027,-65.8,132,1,0,0,0,11,1
2008028,-65.8056,131.9215,0,0,0,0,0,0
2008029,-65.8114,131.839,0,0,0,0,0,0
2008030,-65.8171,131.7528,0,0,0,0,0,0
2008031,-65.8221,131.6635,0,0,0,0,0,0
2008032,-65.8262,131.5713,0,0,0,0,0,0
2008033,-65.829,131.4767,0,0,0,0,0,0
2008034,-65.83,131.38,1,0,0,0,11,1
2008035,-65.8294,131.2704,0,0,0,0,0,0
2008036,-65.828,131.1436,0,0,0,0,0,0
2008037,-65.8261,131.0101,0,0,0,0,0,0
2008038,-65.8239,130.8805,0,0,0,0,0,0
2008039,-65.822,130.7653,0,0,0,0,0,0
2008040,-65.8206,130.675,0,0,0,0,0,0
2008041,-65.82,130.62,1,0,0,0,11,1
2008042,-65.8206,130.5915,0,0,0,0,0,0
2008043,-65.822,130.5712,0,0,0,0,0,0
2008044,-65.8239,130.5561,0,0,0,0,0,0
2008045,-65.8261,130.5426,0,0,0,0,0,0
2008046,-65.828,130.5276,0,0,0,0,0,0
2008047,-65.8294,130.5079,0,0,0,0,0,0
2008048,-65.83,130.48,1,0,0,0,11,1
2008049,-65.816,130.4259,0,0,0,0,0,0
2008050,-65.7793,130.3378,0,0,0,0,0,0
2008051,-65.7277,130.2281,0,0,0,0,0,0
2008052,-65.6691,130.1092,0,0,0,0,0,0
2008053,-65.6113,129.9932,0,0,0,0,0,0
2008054,-65.5624,129.8927,0,0,0,0,0,0
2008055,-65.53,129.82,1,0,0,0,11,1
2008056,-65.509,129.7648,0,0,0,0,0,0
2008057,-65.4894,129.7106,0,0,0,0,0,0
2008058,-65.4716,129.6601,0,0,0,0,0,0
2008059,-65.4562,129.616,0,0,0,0,0,0
2008060,-65.4437,129.5812,0,0,0,0,0,0
2008061,-65.4348,129.5583,0,0,0,0,0,0
2008062,-65.43,129.55,1,0,0,0,11,1
2008063,-65.4278,129.5517,0,0,0,0,0,0
2008064,-65.4263,129.5559,0,0,0,0,0,0
2008065,-65.4253,129.5618,0,0,0,0,0,0
2008066,-65.4244,129.5682,0,0,0,0,0,0
2008067,-65.4234,129.5741,0,0,0,0,0,0
2008068,-65.422,129.5783,0,0,0,0,0,0
2008069,-65.42,129.58,1,0,0,0,11,1
2008070,-65.4168,129.5791,0,0,0,0,0,0
2008071,-65.412,129.5767,0,0,0,0,0,0
2008072,-65.4059,129.573,0,0,0,0,0,0
2008073,-65.3984,129.5683,0,0,0,0,0,0
2008074,-65.3899,129.5627,0,0,0,0,0,0
2008075,-65.3803,129.5565,0,0,0,0,0,0
2008076,-65.37,129.55,1,0,0,0,11,1
2008077,-65.3538,129.5428,0,0,0,0,0,0
2008078,-65.3293,129.534,0,0,0,0,0,0
2008079,-65.3005,129.5233,0,0,0,0,0,0
2008080,-65.2712,129.51,0,0,0,0,0,0
2008081,-65.2454,129.4936,0,0,0,0,0,0
2008082,-65.227,129.4738,0,0,0,0,0,0
2008083,-65.22,129.45,1,0,0,0,11,1
2008084,-65.2232,129.3914,0,0,0,0,0,0
2008085,-65.2319,129.2781,0,0,0,0,0,0
2008086,-65.2451,129.1262,0,0,0,0,0,0
2008087,-65.2617,128.9514,0,0,0,0,0,0
2008088,-65.2804,128.7699,0,0,0,0,0,0
2008089,-65.3002,128.5974,0,0,0,0,0,0
2008090,-65.32,128.45,1,0,0,0,11,1
2008091,-65.3459,128.3163,0,0,0,0,0,0
2008092,-65.3814,128.1783,0,0,0,0,0,0
2008093,-65.4216,128.0415,0,0,0,0,0,0
2008094,-65.4616,127.9116,0,0,0,0,0,0
2008095,-65.4963,127.7943,0,0,0,0,0,0
2008096,-65.5207,127.6952,0,0,0,0,0,0
2008097,-65.53,127.62,1,0,0,0,11,1
2008098,-65.53,127.5649,0,0,0,0,0,0
2008099,-65.53,127.52,0,0,0,0,0,0
2008100,-65.53,127.4821,0,0,0,0,0,0
2008101,-65.53,127.4475,0,0,0,0,0,0
2008102,-65.53,127.4129,0,0,0,0,0,0
2008103,-65.53,127.3749,0,0,0,0,0,0
2008104,-65.53,127.33,1,0,0,0,11,1
2008105,-65.5184,127.2829,0,0,0,0,0,0
2008106,-65.4884,127.2377,0,0,0,0,0,0
2008107,-65.4473,127.1905,0,0,0,0,0,0
2008108,-65.4027,127.1372,0,0,0,0,0,0
2008109,-65.3616,127.0737,0,0,0,0,0,0
2008110,-65.3316,126.996,0,0,0,0,0,0
2008111,-65.32,126.9,1,0,0,0,11,1
2008112,-65.3243,126.6911,0,0,0,0,0,0
2008113,-65.3362,126.3176,0,0,0,0,0,0
2008114,-65.354,125.8402,0,0,0,0,0,0
2008115,-65.376,125.3192,0,0,0,0,0,0
2008116,-65.4004,124.8152,0,0,0,0,0,0
2008117,-65.4256,124.3886,0,0,0,0,0,0
2008118,-65.45,124.1,1,0,0,0,11,1
2008119,-65.479,123.9026,0,0,0,0,0,0
2008120,-65.5163,123.7144,0,0,0,0,0,0
2008121,-65.5575,123.5427,0,0,0,0,0,0
2008122,-65.5979,123.395,0,0,0,0,0,0
2008123,-65.6331,123.2787,0,0,0,0,0,0
2008124,-65.6587,123.2012,0,0,0,0,0,0
2008125,-65.67,123.17,1,0,0,0,11,1
2008126,-65.6726,123.1655,0,0,0,0,0,0
2008127,-65.6748,123.1626,0,0,0,0,0,0
2008128,-65.6766,123.1608,0,0,0,0,0,0
2008129,-65.6781,123.1593,0,0,0,0,0,0
2008130,-65.6791,123.1575,0,0,0,0,0,0
2008131,-65.6798,123.1546,0,0,0,0,0,0
2008132,-65.68,123.15,1,0,0,0,11,1
2008133,-65.6756,122.9551,0,0,0,0,0,0
2008134,-65.6641,122.4572,0,0,0,0,0,0
2008135,-65.6485,121.7693,0,0,0,0,0,0
2008136,-65.6315,121.0045,0,0,0,0,0,0
2008137,-65.6159,120.276,0,0,0,0,0,0
2008138,-65.6044,119.6968,0,0,0,0,0,0
2008139,-65.6,119.38,1,0,0,0,11,1
2008140,-65.6111,119.2508,0,0,0,0,0,0
2008141,-65.6397,119.1523,0,0,0,0,0,0
2008142,-65.6787,119.0749,0,0,0,0,0,0
2008143,-65.7213,119.0087,0,0,0,0,0,0
2008144,-65.7603,118.944,0,0,0,0,0,0
2008145,-65.7889,118.871,0,0,0,0,0,0
2008146,-65.8,118.78,1,0,0,0,11,1
2008147,-65.7995,118.6625,0,0,0,0,0,0
2008148,-65.798,118.5237,0,0,0,0,0,0
2008149,-65.7956,118.3737,0,0,0,0,0,0
2008150,-65.7925,118.223,0,0,0,0,0,0
2008151,-65.7888,118.0819,0,0,0,0,0,0
2008152,-65.7846,117.9608,0,0,0,0,0,0
2008153,-65.78,117.87,1,0,0,0,11,1
2008154,-65.7739,117.8061,0,0,0,0,0,0
2008155,-65.765,117.7555,0,0,0,0,0,0
2008156,-65.7535,117.713,0,0,0,0,0,0
2008157,-65.7392,117.6733,0,0,0,0,0,0
2008158,-65.7222,117.6314,0,0,0,0,0,0
2008159,-65.7024,117.582,0,0,0,0,0,0
2008160,-65.68,117.52,1,0,0,0,11,1
2008161,-65.6348,117.4425,0,0,0,0,0,0
2008162,-65.5566,117.3507,0,0,0,0,0,0
2008163,-65.4599,117.2452,0,0,0,0,0,0
2008164,-65.3593,117.1267,0,0,0,0,0,0
2008165,-65.2694,116.9958,0,0,0,0,0,0
2008166,-65.2048,116.8534,0,0,0,0,0,0
2008167,-65.18,116.7,1,0,0,0,11,1
2008168,-65.1817,116.5123,0,0,0,0,0,0
2008169,-65.1865,116.2775,0,0,0,0,0,0
2008170,-65.1936,116.0123,0,0,0,0,0,0
2008171,-65.2022,115.7333,0,0,0,0,0,0
2008172,-65.2116,115.4572,0,0,0,0,0,0
2008173,-65.2211,115.2005,0,0,0,0,0,0
2008174,-65.23,114.98,1,0,0,0,11,1
2008175,-65.2383,114.7961,0,0,0,0,0,0
2008176,-65.2468,114.6326,0,0,0,0,0,0
2008177,-65.2557,114.4811,0,0,0,0,0,0
2008178,-65.2652,114.3335,0,0,0,0,0,0
2008179,-65.2756,114.1813,0,0,0,0,0,0
2008180,-65.2871,114.0162,0,0,0,0,0,0
2008181,-65.3,113.83,1,0,0,0,11,1
2008182,-65.3183,113.622,0,0,0,0,0,0
2008183,-65.3437,113.3976,0,0,0,0,0,0
2008184,-65.3724,113.1574,0,0,0,0,0,0
2008185,-65.401,112.9019,0,0,0,0,0,0
2008186,-65.4258,112.6318,0,0,0,0,0,0
2008187,-65.4434,112.3477,0,0,0,0,0,0
2008188,-65.45,112.05,1,0,0,0,11,1
2008189,-65.4472,111.7078,0,0,0,0,0,0
2008190,-65.4401,111.3077,0,0,0,0,0,0
2008191,-65.4303,110.8773,0,0,0,0,0,0
2008192,-65.4197,110.444,0,0,0,0,0,0
2008193,-65.4099,110.035,0,0,0,0,0,0
2008194,-65.4028,109.6779,0,0,0,0,0,0
2008195,-65.4,109.4,1,0,0,0,11,1
2008196,-65.4072,109.1783,0,0,0,0,0,0
2008197,-65.4258,108.9728,0,0,0,0,0,0
2008198,-65.4512,108.7852,0,0,0,0,0,0
2008199,-65.4788,108.6173,0,0,0,0,0,0
2008200,-65.5042,108.471,0,0,0,0,0,0
2008201,-65.5228,108.3479,0,0,0,0,0,0
2008202,-65.53,108.25,1,0,0,0,11,1
2008203,-65.5245,108.1762,0,0,0,0,0,0
2008204,-65.5095,108.1197,0,0,0,0,0,0
2008205,-65.4872,108.0734,0,0,0,0,0,0
2008206,-65.4598,108.0303,0,0,0,0,0,0
2008207,-65.4297,107.9834,0,0,0,0,0,0
2008208,-65.399,107.9256,0,0,0,0,0,0
2008209,-65.37,107.85,1,0,0,0,11,1
2008210,-65.3409,107.7418,0,0,0,0,0,0
2008211,-65.309,107.5964,0,0,0,0,0,0
2008212,-65.2749,107.4213,0,0,0,0,0,0
2008213,-65.2392,107.2244,0,0,0,0,0,0
2008214,-65.2028,107.0134,0,0,0,0,0,0
2008215,-65.1661,106.796,0,0,0,0,0,0
2008216,-65.13,106.58,1,0,0,0,11,1
2008217,-65.0909,106.324,0,0,0,0,0,0
2008218,-65.047,106.0061,0,0,0,0,0,0
2008219,-65.0015,105.6631,0,0,0,0,0,0
2008220,-64.9579,105.3321,0,0,0,0,0,0
2008221,-64.9192,105.05,0,0,0,0,0,0
2008222,-64.8888,104.8537,0,0,0,0,0,0
2008223,-64.87,104.78,1,0,0,0,11,1
2008224,-64.8598,104.7839,0,0,0,0,0,0
2008225,-64.8525,104.7939,0,0,0,0,0,0
2008226,-64.8469,104.8076,0,0,0,0,0,0
2008227,-64.842,104.8224,0,0,0,0,0,0
2008228,-64.8366,104.8361,0,0,0,0,0,0
2008229,-64.8296,104.8461,0,0,0,0,0,0
2008230,-64.82,104.85,1,0,0,0,11,1
2008231,-64.8039,104.8097,0,0,0,0,0,0
2008232,-64.7798,104.704,0,0,0,0,0,0
2008233,-64.7503,104.556,0,0,0,0,0,0
2008234,-64.7181,104.3886,0,0,0,0,0,0
2008235,-64.6856,104.2248,0,0,0,0,0,0
2008236,-64.6553,104.0876,0,0,0,0,0,0
2008237,-64.63,104,1,0,0,0,11,1
2008238,-64.6089,103.9521,0,0,0,0,0,0
2008239,-64.5893,103.9158,0,0,0,0,0,0
2008240,-64.5709,103.8865,0,0,0,0,0,0
2008241,-64.5532,103.8598,0,0,0,0,0,0
2008242,-64.5357,103.8311,0,0,0,0,0,0
2008243,-64.5181,103.796,0,0,0,0,0,0
2008244,-64.5,103.75,1,0,0,0,11,1
2008245,-64.4792,103.6849,0,0,0,0,0,0
2008246,-64.4553,103.5989,0,0,0,0,0,0
2008247,-64.4306,103.4969,0,0,0,0,0,0
2008248,-64.4075,103.3841,0,0,0,0,0,0
2008249,-64.3882,103.2654,0,0,0,0,0,0
2008250,-64.3749,103.1457,0,0,0,0,0,0
2008251,-64.37,103.03,1,0,0,0,11,1
2008252,-64.37,102.9129,0,0,0,0,0,0
2008253,-64.37,102.788,0,0,0,0,0,0
2008254,-64.37,102.6589,0,0,0,0,0,0
2008255,-64.37,102.5289,0,-64.4231,102.6612,1,0,0
2008256,-64.37,102.4018,0,-64.4597,102.5184,1,0,0
2008257,-64.37,102.281,0,-64.4101,102.4757,1,0,0
2008258,-64.37,102.17,1,-64.4101,102.4757,1,11,1
2008259,-64.3506,102.0575,0,-64.4101,102.4757,1,0,0
2008260,-64.3006,101.9361,0,-64.4101,102.4757,1,0,0
2008261,-64.2322,101.8154,0,-64.377,102.291,1,0,0
2008262,-64.1578,101.7049,0,-64.377,102.291,1,0,0
2008263,-64.0894,101.6141,0,-64.284,102.082,1,0,0
2008264,-64.0394,101.5526,0,-64.284,102.082,1,0,0
2008265,-64.02,101.53,1,-64.0822,101.9447,1,11,1
2008266,-64.02,101.53,0,-64.1643,101.9628,1,0,0
2008267,-64.02,101.53,0,-64.1093,101.6001,1,0,0
2008268,-64.02,101.53,0,-63.9951,101.5153,1,0,0
2008269,-64.02,101.53,0,-63.9999,101.305,1,0,0
2008270,-64.02,101.53,0,-63.9466,101.3162,1,0,0
2008271,-64.02,101.53,0,-63.9054,101.2239,1,0,0
2008272,-64.02,101.53,1,-63.9054,101.2239,1,11,1
2008273,-63.9956,101.4863,0,-63.9054,101.2239,1,0,0
2008274,-63.9328,101.3695,0,-63.9996,101.2473,1,0,0
2008275,-63.8468,101.2014,0,-63.9956,101.1262,1,0,0
2008276,-63.7532,101.0037,0,-63.9886,100.9633,1,0,0
2008277,-63.6672,100.7981,0,-63.8797,100.7801,1,0,0
2008278,-63.6044,100.6063,0,-63.7655,100.8558,1,0,0
2008279,-63.58,100.45,1,-63.8502,100.3011,1,11,1
2008280,-63.5822,100.3259,0,-63.9664,100.2621,1,0,0
2008281,-63.5879,100.213,0,-63.9514,100.3263,1,0,0
2008282,-63.5957,100.1066,0,-63.9037,100.0226,1,0,0
2008283,-63.6043,100.0018,0,-63.8472,100.0053,1,0,0
2008284,-63.6121,99.894,0,-63.8554,99.7775,1,0,0
2008285,-63.6178,99.7783,0,-63.8831,99.5992,1,0,0
2008286,-63.62,99.65,1,-63.8448,99.4406,1,11,1
2008287,-63.615,99.4988,0,-63.9276,99.2302,1,0,0
2008288,-63.6022,99.3245,0,-63.8784,99.0493,1,0,0
2008289,-63.5846,99.1374,0,-63.8769,99.0384,1,0,0
2008290,-63.5654,98.9481,0,-63.8842,98.9346,1,0,0
2008291,-63.5478,98.7668,0,-63.9467,98.5377,1,0,0
2008292,-63.535,98.604,0,-64.0259,98.1417,1,0,0
2008293,-63.53,98.47,1,-64.0134,98.0352,1,11,1
2008294,-63.535,98.3613,0,-64.006,97.9513,1,0,0
2008295,-63.5478,98.2651,0,-63.9993,97.7349,1,0,0
2008296,-63.5654,98.178,0,-63.9933,97.6244,1,0,0
2008297,-63.5846,98.0964,0,-64.0955,97.3601,1,0,0
2008298,-63.6022,98.0169,0,-64.1764,97.1665,1,0,0
2008299,-63.615,97.9359,0,-64.1815,96.71,1,0,0
2008300,-63.62,97.85,1,-64.1256,96.583,1,11,1
2008301,0,0,0,-64.2211,96.3297,1,0,0
2008302,0,0,0,-64.2592,96.1395,1,0,0
2008303,0,0,0,-64.3025,95.7362,1,0,0
2008304,0,0,0,-64.3472,95.4819,1,0,0
2008305,0,0,0,-64.4351,95.1565,1,0,0
2008306,0,0,0,-64.4351,95.1565,1,0,0
2008307,0,0,0,-64.4091,95.111,1,0,0
2008314,-63.62,96.58,1,0,0,0,11,1
2008315,-63.6272,96.5933,0,0,0,0,0,0
2008316,-63.6458,96.6276,0,0,0,0,0,0
2008317,-63.6712,96.6745,0,0,0,0,0,0
2008318,-63.6988,96.7255,0,0,0,0,0,0
2008319,-63.7242,96.7724,0,0,0,0,0,0
2008320,-63.7428,96.8067,0,0,0,0,0,0
2008321,-63.75,96.82,1,0,0,0,11,1
2008335,-63.05,96.25,1,0,0,0,11,1
2008336,-63.0677,96.3203,0,0,0,0,0,0
2008337,-63.1134,96.5018,0,0,0,0,0,0
2008338,-63.1759,96.7499,0,0,0,0,0,0
2008339,-63.2441,97.0201,0,0,0,0,0,0
2008340,-63.3066,97.2682,0,0,0,0,0,0
2008341,-63.3523,97.4497,0,0,0,0,0,0
2008342,-63.37,97.52,1,0,0,0,11,1
2008343,-63.3693,97.518,0,0,0,0,0,0
2008344,-63.366,97.5072,0,0,0,0,0,0
2008345,-63.3585,97.4804,0,0,0,0,0,0
2008346,-63.3448,97.4304,0,0,0,0,0,0
2008347,-63.3234,97.3502,0,0,0,0,0,0
2008348,-63.2923,97.2324,0,0,0,0,0,0
2008349,-63.25,97.07,1,0,0,0,11,1
