ascat_1,ascat_2,ascat_3,date,nic_1,nic_2,nic_3,oscat_1,oscat_2,oscat_3,size_1,size_2
0,0,0,2012365,-75.03,-60.13,1,0,0,0,13,3
0,0,0,2012366,-74.9996,-60.2744,0,0,0,0,0,0
0,0,0,2013001,-74.9846,-60.3478,0,0,0,0,0,0
-75.0365,-60.1471,1,2013002,-74.9551,-60.4905,0,-75.0365,-60.1471,1,0,0
-75.0365,-60.1471,1,2013003,-74.9266,-60.6193,0,-75.0365,-60.1471,1,0,0
-75.0365,-60.1471,1,2013004,-74.8994,-60.724,0,-75.0365,-60.1471,1,0,0
-75.0155,-60.1633,1,2013005,-74.8738,-60.7943,0,-75.0155,-60.1633,1,0,0
-75.0155,-60.1633,1,2013006,-74.85,-60.82,1,-75.0155,-60.1633,1,13,2
-75.0155,-60.1633,1,2013007,0,0,0,-75.0155,-60.1633,1,0,0
-74.9532,-60.4506,1,2013008,0,0,0,-74.9532,-60.4506,1,0,0
-74.9554,-60.3855,1,2013009,0,0,0,-74.9554,-60.3855,1,0,0
-74.9366,-60.3372,1,2013010,0,0,0,-74.9366,-60.3372,1,0,0
-74.9442,-60.231,1,2013011,0,0,0,-74.9442,-60.231,1,0,0
-74.9742,-60.355,1,2013012,0,0,0,-74.9742,-60.355,1,0,0
-74.9819,-60.4073,1,2013013,0,0,0,-74.9819,-60.4073,1,0,0
-74.995,-60.3385,1,2013014,0,0,0,-74.995,-60.3385,1,0,0
-75.0083,-60.3494,1,2013015,0,0,0,-75.0083,-60.3494,1,0,0
-74.9422,-60.3746,1,2013016,0,0,0,-74.9422,-60.3746,1,0,0
-74.8045,-60.7024,1,2013017,0,0,0,-74.8045,-60.7024,1,0,0
-74.8357,-60.5171,1,2013018,0,0,0,-74.8357,-60.5171,1,0,0
-74.7993,-60.5859,1,2013019,0,0,0,-74.7993,-60.5859,1,0,0
-74.7559,-60.6454,0,2013020,-74.59,-60.8,1,-74.7559,-60.6454,0,13,2
-74.7111,-60.6959,1,2013021,-74.5683,-60.7934,0,-74.7111,-60.6959,1,0,0
-74.6705,-60.7335,1,2013022,-74.5474,-60.78,0,-74.6705,-60.7335,1,0,0
-74.6563,-60.7152,1,2013023,-74.5256,-60.7606,0,-74.6563,-60.7152,1,0,0
-74.6035,-60.6715,1,2013024,-74.5015,-60.7361,0,-74.6035,-60.6715,1,0,0
-74.4824,-60.6371,1,2013025,-74.4735,-60.7073,0,-74.4824,-60.6371,1,0,0
-74.4396,-60.5062,1,2013026,-74.4402,-60.675,0,-74.4396,-60.5062,1,0,0
-74.3527,-60.5455,1,2013027,-74.4,-60.64,1,-74.3527,-60.5455,1,13,2
-74.2901,-60.4381,1,2013028,-74.327,-60.5849,0,-74.2901,-60.4381,1,0,0
-74.2781,-60.4352,1,2013029,-74.2084,-60.4997,0,-74.2781,-60.4352,1,0,0
-74.1844,-60.3556,1,2013030,-74.0625,-60.3963,0,-74.1844,-60.3556,1,0,0
-74.0667,-60.2708,1,2013031,-73.9075,-60.2867,0,-74.0667,-60.2708,1,0,0
-73.8775,-60.1767,1,2013032,-73.7616,-60.1828,0,-73.8775,-60.1767,1,0,0
-73.8057,-60.1613,0,2013033,-73.643,-60.0966,0,-73.8057,-60.1613,0,0,0
-73.7598,-60.1526,0,2013034,-73.57,-60.04,1,-73.7598,-60.1526,0,13,2
-73.711,-60.1498,1,2013035,-73.5322,-60.0063,0,-73.711,-60.1498,1,0,0
-73.6474,-60.1879,1,2013036,-73.5044,-59.9795,0,-73.6474,-60.1879,1,0,0
-73.6902,-60.0915,1,2013037,-73.4828,-59.9573,0,-73.6902,-60.0915,1,0,0
-73.721,-60.1391,1,2013038,-73.4635,-59.9374,0,-73.721,-60.1391,1,0,0
-73.6429,-60.1604,1,2013039,-73.4425,-59.9178,0,-73.6429,-60.1604,1,0,0
-73.6505,-60.0623,1,2013040,-73.416,-59.896,0,-73.6505,-60.0623,1,0,0
-73.6054,-60.0719,1,2013041,-73.38,-59.87,1,-73.6054,-60.0719,1,13,2
-73.5645,-59.9633,1,2013042,-73.3183,-59.8358,0,-73.5645,-59.9633,1,0,0
-73.6364,-60.0463,1,2013043,-73.2255,-59.7937,0,-73.6364,-60.0463,1,0,0
-73.6485,-60.122,1,2013044,-73.1141,-59.7483,0,-73.6485,-60.122,1,0,0
-73.6231,-60.1092,1,2013045,-72.9963,-59.7039,0,-73.6231,-60.1092,1,0,0
-73.6045,-60.1119,0,2013046,-72.8848,-59.6648,0,-73.6045,-60.1119,0,0,0
-73.5781,-60.1185,1,2013047,-72.7919,-59.6354,0,-73.5781,-60.1185,1,0,0
-73.476,-60.134,1,2013048,-72.73,-59.62,1,-73.476,-60.134,1,13,2
-73.3327,-59.8986,1,2013049,0,0,0,-73.3327,-59.8986,1,0,0
-73.3275,-59.9368,0,2013050,0,0,0,-73.3275,-59.9368,0,0,0
-73.3223,-59.9749,1,2013051,0,0,0,-73.3223,-59.9749,1,0,0
-73.1243,-59.9054,1,2013052,0,0,0,-73.1243,-59.9054,1,0,0
-72.885,-59.5945,1,2013053,0,0,0,-72.885,-59.5945,1,0,0
-72.7345,-59.6665,1,2013054,0,0,0,-72.7345,-59.6665,1,0,0
-72.815,-59.657,1,2013055,0,0,0,-72.815,-59.657,1,0,0
-72.7468,-59.6687,1,2013056,0,0,0,-72.7468,-59.6687,1,0,0
-72.8088,-59.353,1,2013057,0,0,0,-72.8088,-59.353,1,0,0
-72.7664,-59.5788,1,2013058,0,0,0,-72.7664,-59.5788,1,0,0
-72.7783,-59.5808,1,2013059,0,0,0,-72.7783,-59.5808,1,0,0
-72.7669,-59.7169,1,2013060,0,0,0,-72.7669,-59.7169,1,0,0
-72.7693,-59.7095,0,2013061,0,0,0,-72.7693,-59.7095,0,0,0
-72.7749,-59.6918,0,2013062,0,0,0,-72.7749,-59.6918,0,0,0
-72.7816,-59.6708,0,2013063,0,0,0,-72.7816,-59.6708,0,0,0
-72.7872,-59.6531,0,2013064,0,0,0,-72.7872,-59.6531,0,0,0
-72.7896,-59.6457,1,2013065,0,0,0,-72.7896,-59.6457,1,0,0
-72.7896,-59.6457,1,2013066,0,0,0,-72.7896,-59.6457,1,0,0
-72.6706,-59.5662,1,2013067,0,0,0,-72.6706,-59.5662,1,0,0
-72.6539,-59.6694,1,2013068,0,0,0,-72.6539,-59.6694,1,0,0
-72.6539,-59.6694,1,2013069,0,0,0,-72.6539,-59.6694,1,0,0
-72.6539,-59.6694,1,2013070,0,0,0,-72.6539,-59.6694,1,0,0
-72.6539,-59.6694,1,2013071,0,0,0,-72.6539,-59.6694,1,0,0
-72.6539,-59.6694,1,2013072,0,0,0,-72.6539,-59.6694,1,0,0
-72.6539,-59.6694,1,2013073,0,0,0,-72.6539,-59.6694,1,0,0
-72.6539,-59.6694,1,2013074,0,0,0,-72.6539,-59.6694,1,0,0
-72.6539,-59.6694,1,2013075,0,0,0,-72.6539,-59.6694,1,0,0
-72.6539,-59.6694,1,2013076,0,0,0,-72.6539,-59.6694,1,0,0
-72.6539,-59.6694,1,2013077,0,0,0,-72.6539,-59.6694,1,0,0
-72.6539,-59.6694,1,2013078,0,0,0,-72.6539,-59.6694,1,0,0
-72.6539,-59.6694,1,2013079,0,0,0,-72.6539,-59.6694,1,0,0
-72.6539,-59.6694,1,2013080,0,0,0,-72.6539,-59.6694,1,0,0
-72.6539,-59.6694,1,2013081,0,0,0,-72.6539,-59.6694,1,0,0
-72.6539,-59.6694,1,2013082,0,0,0,-72.6539,-59.6694,1,0,0
-72.6539,-59.6694,1,2013083,0,0,0,-72.6539,-59.6694,1,0,0
-72.6539,-59.6694,1,2013084,0,0,0,-72.6539,-59.6694,1,0,0
-72.6539,-59.6694,1,2013085,0,0,0,-72.6539,-59.6694,1,0,0
-72.6539,-59.6694,0,2013086,0,0,0,-72.6539,-59.6694,0,0,0
-72.6539,-59.6694,1,2013087,0,0,0,-72.6539,-59.6694,1,0,0
-72.6539,-59.6694,1,2013088,0,0,0,-72.6539,-59.6694,1,0,0
-72.6539,-59.6694,1,2013089,0,0,0,-72.6539,-59.6694,1,0,0
-72.6539,-59.6694,1,2013090,0,0,0,-72.6539,-59.6694,1,0,0
-72.6539,-59.6694,1,2013091,0,0,0,-72.6539,-59.6694,1,0,0
-72.6539,-59.6694,1,2013092,0,0,0,-72.6539,-59.6694,1,0,0
-72.6539,-59.6694,1,2013093,0,0,0,-72.6539,-59.6694,1,0,0
-72.6539,-59.6694,1,2013094,0,0,0,-72.6539,-59.6694,1,0,0
-72.6539,-59.6694,1,2013095,0,0,0,-72.6539,-59.6694,1,0,0
-72.6539,-59.6694,1,2013096,0,0,0,-72.6539,-59.6694,1,0,0
-72.6539,-59.6694,1,2013097,0,0,0,-72.6539,-59.6694,1,0,0
-72.6539,-59.6694,1,2013098,0,0,0,-72.6539,-59.6694,1,0,0
-72.6539,-59.6694,1,2013099,0,0,0,-72.6539,-59.6694,1,0,0
-72.6539,-59.6694,1,2013100,0,0,0,-72.6539,-59.6694,1,0,0
-72.6539,-59.6694,1,2013101,0,0,0,-72.6539,-59.6694,1,0,0
-72.6539,-59.6694,1,2013102,0,0,0,-72.6539,-59.6694,1,0,0
0,0,0,2013175,-70.06,-59.27,1,0,0,0,13,2
0,0,0,2013176,-70.06,-59.27,0,0,0,0,0,0
0,0,0,2013177,-70.06,-59.27,0,0,0,0,0,0
0,0,0,2013178,-70.06,-59.27,0,0,0,0,0,0
0,0,0,2013179,-70.06,-59.27,0,0,0,0,0,0
0,0,0,2013180,-70.06,-59.27,0,0,0,0,0,0
0,0,0,2013181,-70.06,-59.27,0,0,0,0,0,0
0,0,0,2013182,-70.06,-59.27,0,0,0,0,0,0
0,0,0,2013183,-70.06,-59.27,0,0,0,0,0,0
0,0,0,2013184,-70.06,-59.27,0,0,0,0,0,0
0,0,0,2013185,-70.06,-59.27,0,0,0,0,0,0
0,0,0,2013186,-70.06,-59.27,0,0,0,0,0,0
0,0,0,2013187,-70.06,-59.27,0,0,0,0,0,0
0,0,0,2013188,-70.06,-59.27,1,0,0,0,13,2
0,0,0,2013202,-69.05,-59.16,1,0,0,0,13,2
0,0,0,2013216,-68.17,-59.23,1,0,0,0,13,2
0,0,0,2013230,-68.19,-59.26,1,0,0,0,13,2
0,0,0,2013244,-68.0667,-59.25,1,0,0,0,13,2
0,0,0,2013258,-67.55,-59.2833,1,0,0,0,13,2
0,0,0,2013291,-68.4667,-59.7833,1,0,0,0,13,2
0,0,0,2013292,-68.3842,-59.751,0,0,0,0,0,0
0,0,0,2013293,-68.1704,-59.6677,0,0,0,0,0,0
0,0,0,2013294,-67.8759,-59.5537,0,0,0,0,0,0
0,0,0,2013295,-67.551,-59.4296,0,0,0,0,0,0
0,0,0,2013296,-67.2464,-59.3156,0,0,0,0,0,0
0,0,0,2013297,-67.0126,-59.2323,0,0,0,0,0,0
0,0,0,2013298,-66.9,-59.2,1,0,0,0,13,2
0,0,0,2013299,-66.8699,-59.2015,0,0,0,0,0,0
0,0,0,2013300,-66.848,-59.2053,0,0,0,0,0,0
0,0,0,2013301,-66.8316,-59.2108,0,0,0,0,0,0
0,0,0,2013302,-66.8179,-59.2171,0,0,0,0,0,0
0,0,0,2013303,-66.8044,-59.2235,0,0,0,0,0,0
0,0,0,2013304,-66.7882,-59.2291,0,0,0,0,0,0
0,0,0,2013305,-66.7667,-59.2333,1,0,0,0,13,2
0,0,0,2013306,-66.7349,-59.236,0,0,0,0,0,0
0,0,0,2013307,-66.693,-59.238,0,0,0,0,0,0
0,0,0,2013308,-66.6462,-59.2397,0,0,0,0,0,0
0,0,0,2013309,-66.5994,-59.2413,0,0,0,0,0,0
0,0,0,2013310,-66.5577,-59.2434,0,0,0,0,0,0
0,0,0,2013311,-66.5262,-59.2462,0,0,0,0,0,0
0,0,0,2013312,-66.51,-59.25,1,0,0,0,13,2
0,0,0,2013313,-66.504,-59.267,0,0,0,0,0,0
0,0,0,2013314,-66.4995,-59.304,0,0,0,0,0,0
0,0,0,2013315,-66.4961,-59.3537,0,0,0,0,0,0
0,0,0,2013316,-66.4932,-59.4089,0,0,0,0,0,0
0,0,0,2013317,-66.4904,-59.4621,0,0,0,0,0,0
0,0,0,2013318,-66.4873,-59.506,0,0,0,0,0,0
0,0,0,2013319,-66.4833,-59.5333,1,0,0,0,13,2
0,0,0,2013333,-66.4,-59.6667,1,0,0,0,13,2
0,0,0,2013334,-66.3844,-59.6658,0,0,0,0,0,0
0,0,0,2013335,-66.3601,-59.6634,0,0,0,0,0,0
0,0,0,2013336,-66.3312,-59.6601,0,0,0,0,0,0
0,0,0,2013337,-66.3017,-59.6566,0,0,0,0,0,0
0,0,0,2013338,-66.2757,-59.6533,0,0,0,0,0,0
0,0,0,2013339,-66.2571,-59.6509,0,0,0,0,0,0
0,0,0,2013340,-66.25,-59.65,1,0,0,0,13,2
0,0,0,2013341,-66.25,-59.665,0,0,0,0,0,0
0,0,0,2013342,-66.25,-59.7044,0,0,0,0,0,0
0,0,0,2013343,-66.25,-59.7595,0,0,0,0,0,0
0,0,0,2013344,-66.25,-59.8219,0,0,0,0,0,0
0,0,0,2013345,-66.25,-59.8829,0,0,0,0,0,0
0,0,0,2013346,-66.25,-59.934,0,0,0,0,0,0
0,0,0,2013347,-66.25,-59.9667,1,0,0,0,13,2
0,0,0,2013348,-66.2461,-59.987,0,0,0,0,0,0
0,0,0,2013349,-66.2361,-60.0062,0,0,0,0,0,0
0,0,0,2013350,-66.2224,-60.0236,0,0,0,0,0,0
0,0,0,2013351,-66.2076,-60.0384,0,0,0,0,0,0
0,0,0,2013352,-66.1939,-60.0499,0,0,0,0,0,0
0,0,0,2013353,-66.1839,-60.0574,0,0,0,0,0,0
0,0,0,2013354,-66.18,-60.06,1,0,0,0,13,2
0,0,0,2014003,-66.1833,-59.9167,1,0,0,0,13,2
0,0,0,2014004,-66.1833,-59.9333,0,0,0,0,0,0
0,0,0,2014005,-66.1833,-59.9762,0,0,0,0,0,0
0,0,0,2014006,-66.1833,-60.0348,0,0,0,0,0,0
0,0,0,2014007,-66.1833,-60.0986,0,0,0,0,0,0
0,0,0,2014008,-66.1833,-60.1572,0,0,0,0,0,0
0,0,0,2014009,-66.1833,-60.2001,0,0,0,0,0,0
0,0,0,2014010,-66.1833,-60.2167,1,0,0,0,13,2
0,0,0,2014011,-66.1832,-60.2165,0,0,0,0,0,0
0,0,0,2014012,-66.183,-60.2158,0,0,0,0,0,0
0,0,0,2014013,-66.1827,-60.2149,0,0,0,0,0,0
0,0,0,2014014,-66.1822,-60.2138,0,0,0,0,0,0
0,0,0,2014015,-66.1816,-60.2125,0,0,0,0,0,0
0,0,0,2014016,-66.1808,-60.2112,0,0,0,0,0,0
0,0,0,2014017,-66.18,-60.21,1,0,0,0,13,2
0,0,0,2014018,-66.1766,-60.2086,0,0,0,0,0,0
0,0,0,2014019,-66.169,-60.2068,0,0,0,0,0,0
0,0,0,2014020,-66.1583,-60.2049,0,0,0,0,0,0
0,0,0,2014021,-66.1459,-60.2031,0,0,0,0,0,0
0,0,0,2014022,-66.1329,-60.2015,0,0,0,0,0,0
0,0,0,2014023,-66.1205,-60.2004,0,0,0,0,0,0
0,0,0,2014024,-66.11,-60.2,1,0,0,0,13,2
0,0,0,2014025,-66.0999,-60.2009,0,0,0,0,0,0
0,0,0,2014026,-66.0887,-60.2033,0,0,0,0,0,0
0,0,0,2014027,-66.0773,-60.2066,0,0,0,0,0,0
0,0,0,2014028,-66.0668,-60.2101,0,0,0,0,0,0
0,0,0,2014029,-66.0581,-60.2134,0,0,0,0,0,0
0,0,0,2014030,-66.0522,-60.2158,0,0,0,0,0,0
0,0,0,2014031,-66.05,-60.2167,1,0,0,0,13,2
0,0,0,2014032,-66.0517,-60.2158,0,0,0,0,0,0
0,0,0,2014033,-66.0559,-60.2134,0,0,0,0,0,0
0,0,0,2014034,-66.0618,-60.2101,0,0,0,0,0,0
0,0,0,2014035,-66.0682,-60.2066,0,0,0,0,0,0
0,0,0,2014036,-66.0741,-60.2033,0,0,0,0,0,0
0,0,0,2014037,-66.0783,-60.2009,0,0,0,0,0,0
0,0,0,2014038,-66.08,-60.2,1,0,0,0,13,2
0,0,0,2014039,-66.0745,-60.2,0,0,0,0,0,0
0,0,0,2014040,-66.0602,-60.2,0,0,0,0,0,0
0,0,0,2014041,-66.0406,-60.2,0,0,0,0,0,0
0,0,0,2014042,-66.0194,-60.2,0,0,0,0,0,0
0,0,0,2014043,-65.9998,-60.2,0,0,0,0,0,0
0,0,0,2014044,-65.9855,-60.2,0,0,0,0,0,0
0,0,0,2014045,-65.98,-60.2,1,0,0,0,13,2
0,0,0,2014046,-65.982,-60.1991,0,0,0,0,0,0
0,0,0,2014047,-65.9873,-60.1965,0,0,0,0,0,0
0,0,0,2014048,-65.9944,-60.1925,0,0,0,0,0,0
0,0,0,2014049,-66.0023,-60.1873,0,0,0,0,0,0
0,0,0,2014050,-66.0094,-60.1811,0,0,0,0,0,0
0,0,0,2014051,-66.0147,-60.1742,0,0,0,0,0,0
0,0,0,2014052,-66.0167,-60.1667,1,0,0,0,13,2
0,0,0,2014053,-66.0125,-60.1535,0,0,0,0,0,0
0,0,0,2014054,-66.0014,-60.1318,0,0,0,0,0,0
0,0,0,2014055,-65.986,-60.1054,0,0,0,0,0,0
0,0,0,2014056,-65.9687,-60.0782,0,0,0,0,0,0
0,0,0,2014057,-65.9519,-60.054,0,0,0,0,0,0
0,0,0,2014058,-65.9382,-60.0366,0,0,0,0,0,0
0,0,0,2014059,-65.93,-60.03,1,0,0,0,13,2
0,0,0,2014060,-65.926,-60.0366,0,0,0,0,0,0
0,0,0,2014061,-65.923,-60.0538,0,0,0,0,0,0
0,0,0,2014062,-65.9207,-60.0772,0,0,0,0,0,0
0,0,0,2014063,-65.9187,-60.1028,0,0,0,0,0,0
0,0,0,2014064,-65.9164,-60.1262,0,0,0,0,0,0
0,0,0,2014065,-65.9137,-60.1434,0,0,0,0,0,0
0,0,0,2014066,-65.91,-60.15,1,0,0,0,13,2
0,0,0,2014067,-65.904,-60.1389,0,0,0,0,0,0
0,0,0,2014068,-65.8953,-60.1103,0,0,0,0,0,0
0,0,0,2014069,-65.8849,-60.0713,0,0,0,0,0,0
0,0,0,2014070,-65.8741,-60.0287,0,0,0,0,0,0
0,0,0,2014071,-65.864,-59.9897,0,0,0,0,0,0
0,0,0,2014072,-65.8555,-59.9611,0,0,0,0,0,0
0,0,0,2014073,-65.85,-59.95,1,0,0,0,13,2
0,0,0,2014074,-65.8468,-59.9509,0,0,0,0,0,0
0,0,0,2014075,-65.8445,-59.9533,0,0,0,0,0,0
0,0,0,2014076,-65.8428,-59.9566,0,0,0,0,0,0
0,0,0,2014077,-65.8411,-59.9601,0,0,0,0,0,0
0,0,0,2014078,-65.8393,-59.9634,0,0,0,0,0,0
0,0,0,2014079,-65.8368,-59.9658,0,0,0,0,0,0
0,0,0,2014080,-65.8333,-59.9667,1,0,0,0,13,2
0,0,0,2014081,-65.8256,-59.9657,0,0,0,0,0,0
0,0,0,2014082,-65.8122,-59.9628,0,0,0,0,0,0
0,0,0,2014083,-65.7952,-59.9584,0,0,0,0,0,0
0,0,0,2014084,-65.7766,-59.9529,0,0,0,0,0,0
0,0,0,2014085,-65.7587,-59.9466,0,0,0,0,0,0
0,0,0,2014086,-65.7436,-59.94,0,0,0,0,0,0
0,0,0,2014087,-65.7333,-59.9333,1,0,0,0,13,2
0,0,0,2014088,-65.7262,-59.9244,0,0,0,0,0,0
0,0,0,2014089,-65.7194,-59.9121,0,0,0,0,0,0
0,0,0,2014090,-65.7132,-59.898,0,0,0,0,0,0
0,0,0,2014091,-65.7079,-59.884,0,0,0,0,0,0
0,0,0,2014092,-65.7037,-59.8719,0,0,0,0,0,0
0,0,0,2014093,-65.701,-59.8633,0,0,0,0,0,0
0,0,0,2014094,-65.7,-59.86,1,0,0,0,13,2
0,0,0,2014095,-65.7006,-59.8622,0,0,0,0,0,0
0,0,0,2014096,-65.702,-59.8679,0,0,0,0,0,0
0,0,0,2014097,-65.7039,-59.8757,0,0,0,0,0,0
0,0,0,2014098,-65.7061,-59.8843,0,0,0,0,0,0
0,0,0,2014099,-65.708,-59.8921,0,0,0,0,0,0
0,0,0,2014100,-65.7094,-59.8978,0,0,0,0,0,0
0,0,0,2014101,-65.71,-59.9,1,0,0,0,13,2
0,0,0,2014102,-65.7094,-59.8961,0,0,0,0,0,0
0,0,0,2014103,-65.708,-59.8861,0,0,0,0,0,0
0,0,0,2014104,-65.7061,-59.8724,0,0,0,0,0,0
0,0,0,2014105,-65.7039,-59.8576,0,0,0,0,0,0
0,0,0,2014106,-65.702,-59.8439,0,0,0,0,0,0
0,0,0,2014107,-65.7006,-59.8339,0,0,0,0,0,0
0,0,0,2014108,-65.7,-59.83,1,0,0,0,13,2
0,0,0,2014109,-65.7,-59.83,0,0,0,0,0,0
0,0,0,2014110,-65.7,-59.83,0,0,0,0,0,0
0,0,0,2014111,-65.7,-59.83,0,0,0,0,0,0
0,0,0,2014112,-65.7,-59.83,0,0,0,0,0,0
0,0,0,2014113,-65.7,-59.83,0,0,0,0,0,0
0,0,0,2014114,-65.7,-59.83,0,0,0,0,0,0
0,0,0,2014115,-65.7,-59.83,1,0,0,0,13,2
0,0,0,2014129,-65.58,-59.65,1,0,0,0,13,2
0,0,0,2014130,-65.58,-59.65,0,0,0,0,0,0
0,0,0,2014131,-65.58,-59.65,0,0,0,0,0,0
0,0,0,2014132,-65.58,-59.65,0,0,0,0,0,0
0,0,0,2014133,-65.58,-59.65,0,0,0,0,0,0
0,0,0,2014134,-65.58,-59.65,0,0,0,0,0,0
0,0,0,2014135,-65.58,-59.65,0,0,0,0,0,0
0,0,0,2014136,-65.58,-59.65,1,0,0,0,13,2
0,0,0,2014137,-65.5789,-59.6434,0,0,0,0,0,0
0,0,0,2014138,-65.576,-59.6262,0,0,0,0,0,0
0,0,0,2014139,-65.5721,-59.6028,0,0,0,0,0,0
0,0,0,2014140,-65.5679,-59.5772,0,0,0,0,0,0
0,0,0,2014141,-65.564,-59.5538,0,0,0,0,0,0
0,0,0,2014142,-65.5611,-59.5366,0,0,0,0,0,0
0,0,0,2014143,-65.56,-59.53,1,0,0,0,13,2
0,0,0,2014144,-65.5655,-59.5394,0,0,0,0,0,0
0,0,0,2014145,-65.5798,-59.5637,0,0,0,0,0,0
0,0,0,2014146,-65.5994,-59.5969,0,0,0,0,0,0
0,0,0,2014147,-65.6206,-59.6331,0,0,0,0,0,0
0,0,0,2014148,-65.6402,-59.6663,0,0,0,0,0,0
0,0,0,2014149,-65.6545,-59.6906,0,0,0,0,0,0
0,0,0,2014150,-65.66,-59.7,1,0,0,0,13,2
0,0,0,2014151,-65.6539,-59.6917,0,0,0,0,0,0
0,0,0,2014152,-65.6382,-59.6703,0,0,0,0,0,0
0,0,0,2014153,-65.6167,-59.641,0,0,0,0,0,0
0,0,0,2014154,-65.5933,-59.609,0,0,0,0,0,0
0,0,0,2014155,-65.5718,-59.5797,0,0,0,0,0,0
0,0,0,2014156,-65.5561,-59.5583,0,0,0,0,0,0
0,0,0,2014157,-65.55,-59.55,1,0,0,0,13,2
0,0,0,2014158,-65.55,-59.55,0,0,0,0,0,0
0,0,0,2014159,-65.55,-59.55,0,0,0,0,0,0
0,0,0,2014160,-65.55,-59.55,0,0,0,0,0,0
0,0,0,2014161,-65.55,-59.55,0,0,0,0,0,0
0,0,0,2014162,-65.55,-59.55,0,0,0,0,0,0
0,0,0,2014163,-65.55,-59.55,0,0,0,0,0,0
0,0,0,2014164,-65.55,-59.55,1,0,0,0,13,2
0,0,0,2014178,-65.53,-59.55,1,0,0,0,13,2
0,0,0,2014179,-65.53,-59.55,0,0,0,0,0,0
0,0,0,2014180,-65.53,-59.55,0,0,0,0,0,0
0,0,0,2014181,-65.53,-59.55,0,0,0,0,0,0
0,0,0,2014182,-65.53,-59.55,0,0,0,0,0,0
0,0,0,2014183,-65.53,-59.55,0,0,0,0,0,0
0,0,0,2014184,-65.53,-59.55,0,0,0,0,0,0
0,0,0,2014185,-65.53,-59.55,1,0,0,0,13,2
0,0,0,2014186,-65.5272,-59.5402,0,0,0,0,0,0
0,0,0,2014187,-65.5201,-59.5138,0,0,0,0,0,0
0,0,0,2014188,-65.5103,-59.4749,0,0,0,0,0,0
0,0,0,2014189,-65.4997,-59.4279,0,0,0,0,0,0
0,0,0,2014190,-65.4899,-59.3769,0,0,0,0,0,0
0,0,0,2014191,-65.4828,-59.3261,0,0,0,0,0,0
0,0,0,2014192,-65.48,-59.28,1,0,0,0,13,2
-68.3865,-60.7037,1,2014205,0,0,0,0,0,0,0,0
-64.8944,-57.6362,1,2014206,-65.55,-58.6,1,0,0,0,13,2
-64.8944,-57.6362,1,2014207,-65.5401,-58.5421,0,0,0,0,0,0
-64.8944,-57.6362,1,2014208,-65.5142,-58.4805,0,0,0,0,0,0
-64.5048,-57.2929,1,2014209,-65.4783,-58.4163,0,0,0,0,0,0
0,0,0,2014210,-65.438,-58.351,0,0,0,0,0,0
-64.5048,-57.2929,1,2014211,-65.3994,-58.2856,0,0,0,0,0,0
-64.5048,-57.2929,1,2014212,-65.3681,-58.2215,0,0,0,0,0,0
-64.5048,-57.2929,1,2014213,-65.35,-58.16,1,0,0,0,13,2
-64.5048,-57.2929,1,2014214,-65.3408,-58.0939,0,0,0,0,0,0
-64.5048,-57.2929,1,2014215,-65.3324,-58.0196,0,0,0,0,0,0
-64.5048,-57.2929,1,2014216,-65.3249,-57.9439,0,0,0,0,0,0
-64.5048,-57.2929,1,2014217,-65.3187,-57.8735,0,0,0,0,0,0
-64.5048,-57.2929,1,2014218,-65.314,-57.8149,0,0,0,0,0,0
-64.5048,-57.2929,1,2014219,-65.311,-57.7748,0,0,0,0,0,0
-64.5048,-57.2929,1,2014220,-65.31,-57.76,1,0,0,0,13,2
-64.5048,-57.2929,1,2014221,-65.31,-57.7971,0,0,0,0,0,0
-64.5048,-57.2929,1,2014222,-65.31,-57.8928,0,0,0,0,0,0
-64.5048,-57.2929,1,2014223,-65.31,-58.0237,0,0,0,0,0,0
-64.5048,-57.2929,1,2014224,-65.31,-58.1663,0,0,0,0,0,0
-64.5048,-57.2929,1,2014225,-65.31,-58.2972,0,0,0,0,0,0
-64.5048,-57.2929,1,2014226,-65.31,-58.3929,0,0,0,0,0,0
-64.4716,-57.2966,1,2014227,-65.31,-58.43,1,0,0,0,13,2
-64.4917,-57.3269,1,2014228,-65.296,-58.3993,0,0,0,0,0,0
-64.5058,-57.2936,1,2014229,-65.2594,-58.3192,0,0,0,0,0,0
-64.5058,-57.2936,1,2014230,-65.2087,-58.2075,0,0,0,0,0,0
-64.5058,-57.2936,1,2014231,-65.1521,-58.0819,0,0,0,0,0,0
-64.475,-57.4355,1,2014232,-65.0979,-57.9602,0,0,0,0,0,0
-64.5165,-57.2895,1,2014233,-65.0544,-57.8603,0,0,0,0,0,0
-64.5165,-57.2895,1,2014234,-65.03,-57.8,1,0,0,0,13,2
-64.5165,-57.2895,1,2014235,-65.0183,-57.7663,0,0,0,0,0,0
-64.5165,-57.2895,1,2014236,-65.0077,-57.7349,0,0,0,0,0,0
-64.5199,-57.1763,1,2014237,-64.9984,-57.7071,0,0,0,0,0,0
-64.5234,-57.2315,1,2014238,-64.9908,-57.6836,0,0,0,0,0,0
-64.501,-57.2767,1,2014239,-64.985,-57.6656,0,0,0,0,0,0
-64.501,-57.2767,1,2014240,-64.9813,-57.6541,0,0,0,0,0,0
-64.4763,-57.3136,1,2014241,-64.98,-57.65,1,0,0,0,13,2
-64.4763,-57.3136,1,2014242,-64.9817,-57.6528,0,0,0,0,0,0
-64.4999,-57.2302,1,2014243,-64.9859,-57.6599,0,0,0,0,0,0
-64.4999,-57.2302,1,2014244,-64.9918,-57.6697,0,0,0,0,0,0
-64.4999,-57.2302,1,2014245,-64.9982,-57.6803,0,0,0,0,0,0
-64.5329,-57.2655,1,2014246,-65.0041,-57.6901,0,0,0,0,0,0
-64.5329,-57.2655,1,2014247,-65.0083,-57.6972,0,0,0,0,0,0
-64.4881,-57.272,1,2014248,-65.01,-57.7,1,0,0,0,13,2
-64.4881,-57.272,1,2014249,-65.01,-57.6945,0,0,0,0,0,0
-64.4881,-57.272,1,2014250,-65.01,-57.6802,0,0,0,0,0,0
-64.4881,-57.272,1,2014251,-65.01,-57.6606,0,0,0,0,0,0
-64.4881,-57.272,1,2014252,-65.01,-57.6394,0,0,0,0,0,0
-64.4881,-57.272,1,2014253,-65.01,-57.6198,0,0,0,0,0,0
-64.4881,-57.272,1,2014254,-65.01,-57.6055,0,0,0,0,0,0
0,0,0,2014255,-65.01,-57.6,1,0,0,0,11,2
-64.4881,-57.272,1,2014256,-65.01,-57.6,0,0,0,0,0,0
-64.4881,-57.272,1,2014257,-65.01,-57.6,0,0,0,0,0,0
-64.4881,-57.272,1,2014258,-65.01,-57.6,0,0,0,0,0,0
-64.4881,-57.272,1,2014259,-65.01,-57.6,0,0,0,0,0,0
-64.4881,-57.272,1,2014260,-65.01,-57.6,0,0,0,0,0,0
-64.4881,-57.272,1,2014261,-65.01,-57.6,0,0,0,0,0,0
-64.4881,-57.272,1,2014262,-65.01,-57.6,1,0,0,0,11,2
-64.4881,-57.272,1,2014263,-65.015,-57.5902,0,0,0,0,0,0
-64.4881,-57.272,1,2014264,-65.0278,-57.5641,0,0,0,0,0,0
-64.4881,-57.272,1,2014265,-65.0454,-57.5262,0,0,0,0,0,0
-64.4881,-57.272,1,2014266,-65.0646,-57.4811,0,0,0,0,0,0
-64.4881,-57.272,1,2014267,-65.0822,-57.4337,0,0,0,0,0,0
-64.4881,-57.272,1,2014268,-65.095,-57.3884,0,0,0,0,0,0
0,0,0,2014269,-65.1,-57.35,1,0,0,0,11,2
0,0,0,2014270,-65.0857,-57.3166,0,0,0,0,0,0
-64.4881,-57.272,1,2014271,-65.0483,-57.2835,0,0,0,0,0,0
-64.4881,-57.272,1,2014272,-64.9963,-57.2508,0,0,0,0,0,0
-64.4881,-57.272,1,2014273,-64.9381,-57.2189,0,0,0,0,0,0
-64.4881,-57.272,1,2014274,-64.882,-57.1879,0,0,0,0,0,0
-64.4881,-57.272,1,2014275,-64.8365,-57.1582,0,0,0,0,0,0
-64.4881,-57.272,1,2014276,-64.81,-57.13,1,0,0,0,11,2
-64.4881,-57.272,1,2014277,-64.7976,-57.104,0,0,0,0,0,0
-64.4881,-57.272,1,2014278,-64.788,-57.0801,0,0,0,0,0,0
-64.4881,-57.272,1,2014279,-64.7803,-57.0575,0,0,0,0,0,0
-64.4881,-57.272,1,2014280,-64.7737,-57.0351,0,0,0,0,0,0
-64.4881,-57.272,1,2014281,-64.767,-57.012,0,0,0,0,0,0
-64.4881,-57.272,1,2014282,-64.7595,-56.9873,0,0,0,0,0,0
-64.4881,-57.272,1,2014283,-64.75,-56.96,1,0,0,0,11,2
-64.4811,-57.0821,1,2014284,-64.7366,-56.9288,0,0,0,0,0,0
-64.4811,-57.0821,1,2014285,-64.7192,-56.8939,0,0,0,0,0,0
-64.4907,-57.3341,1,2014286,-64.7001,-56.8566,0,0,0,0,0,0
-64.4991,-57.2168,1,2014287,-64.6815,-56.8183,0,0,0,0,0,0
-64.4991,-57.2168,1,2014288,-64.6655,-56.7802,0,0,0,0,0,0
-64.4991,-57.2168,1,2014289,-64.6542,-56.7436,0,0,0,0,0,0
-64.4991,-57.2168,1,2014290,-64.65,-56.71,1,0,0,0,11,2
-64.4991,-57.2168,1,2014291,-64.6517,-56.6798,0,0,0,0,0,0
-64.4991,-57.2168,1,2014292,-64.6559,-56.652,0,0,0,0,0,0
-64.4991,-57.2168,1,2014293,-64.6618,-56.6254,0,0,0,0,0,0
-64.4991,-57.2168,1,2014294,-64.6682,-56.599,0,0,0,0,0,0
-64.4991,-57.2168,1,2014295,-64.6741,-56.5717,0,0,0,0,0,0
-64.4991,-57.2168,1,2014296,-64.6783,-56.5424,0,0,0,0,0,0
-64.4991,-57.2168,1,2014297,-64.68,-56.51,1,0,0,0,11,2
-64.4991,-57.2168,1,2014298,-64.6721,-56.4682,0,0,0,0,0,0
-64.4991,-57.2168,1,2014299,-64.6506,-56.4155,0,0,0,0,0,0
-64.4991,-57.2168,1,2014300,-64.6186,-56.3583,0,0,0,0,0,0
-64.4991,-57.2168,1,2014301,-64.5794,-56.3029,0,0,0,0,0,0
-64.4991,-57.2168,1,2014302,-64.5361,-56.2555,0,0,0,0,0,0
-64.4991,-57.2168,1,2014303,-64.4919,-56.2224,0,0,0,0,0,0
-64.4906,-57.2284,1,2014304,-64.45,-56.21,1,0,0,0,11,2
-64.4906,-57.2284,1,2014305,-64.4021,-56.2201,0,0,0,0,0,0
-64.4892,-57.364,1,2014306,-64.3424,-56.2468,0,0,0,0,0,0
-64.4892,-57.364,1,2014307,-64.2774,-56.2843,0,0,0,0,0,0
-64.4892,-57.364,1,2014308,-64.2139,-56.327,0,0,0,0,0,0
-64.4892,-57.364,1,2014309,-64.1587,-56.3693,0,0,0,0,0,0
-64.4892,-57.364,1,2014310,-64.1185,-56.4055,0,0,0,0,0,0
-64.4892,-57.364,1,2014311,-64.1,-56.43,1,0,0,0,11,2
-64.4892,-57.364,1,2014312,-64.0949,-56.4449,0,0,0,0,0,0
-64.4892,-57.364,1,2014313,-64.0905,-56.4569,0,0,0,0,0,0
-64.4892,-57.364,1,2014314,-64.0868,-56.467,0,0,0,0,0,0
-64.4892,-57.364,1,2014315,-64.0839,-56.4762,0,0,0,0,0,0
-64.4892,-57.364,1,2014316,-64.0818,-56.4858,0,0,0,0,0,0
0,0,0,2014317,-64.0804,-56.4967,0,0,0,0,0,0
-64.4892,-57.364,1,2014318,-64.08,-56.51,1,0,0,0,11,2
-64.5545,-57.2411,1,2014319,-64.08,-56.5293,0,0,0,0,0,0
-64.472,-57.2039,1,2014320,-64.08,-56.5549,0,0,0,0,0,0
-64.5166,-57.35,1,2014321,-64.08,-56.5836,0,0,0,0,0,0
-64.5166,-57.35,1,2014322,-64.08,-56.6119,0,0,0,0,0,0
-64.4619,-57.3001,1,2014323,-64.08,-56.6363,0,0,0,0,0,0
-64.4619,-57.3001,1,2014324,-64.08,-56.6535,0,0,0,0,0,0
-64.4619,-57.3001,1,2014325,-64.08,-56.66,1,0,0,0,11,2
-64.4619,-57.3001,1,2014326,0,0,0,0,0,0,0,0
-64.4619,-57.3001,1,2014327,0,0,0,0,0,0,0,0
-64.4619,-57.3001,1,2014328,0,0,0,0,0,0,0,0
-64.4619,-57.3001,1,2014329,0,0,0,0,0,0,0,0
-64.473,-57.2279,1,2014330,0,0,0,0,0,0,0,0
-64.473,-57.2279,1,2014331,0,0,0,0,0,0,0,0
-64.473,-57.2279,1,2014332,0,0,0,0,0,0,0,0
-64.473,-57.2279,1,2014333,0,0,0,0,0,0,0,0
-64.473,-57.2279,1,2014334,0,0,0,0,0,0,0,0
-64.5097,-57.3603,1,2014335,0,0,0,0,0,0,0,0
-64.5097,-57.3603,1,2014336,0,0,0,0,0,0,0,0
-64.5097,-57.3603,1,2014337,0,0,0,0,0,0,0,0
-64.5097,-57.3603,1,2014338,0,0,0,0,0,0,0,0
-64.5097,-57.3603,1,2014339,-64.08,-56.6,1,0,0,0,11,2
-64.5097,-57.3603,1,2014340,-64.0785,-56.6041,0,0,0,0,0,0
-64.4771,-57.2774,1,2014341,-64.0748,-56.6145,0,0,0,0,0,0
-64.4771,-57.2774,1,2014342,-64.07,-56.6283,0,0,0,0,0,0
0,0,0,2014343,-64.0652,-56.6424,0,0,0,0,0,0
-64.4771,-57.2774,1,2014344,-64.0615,-56.654,0,0,0,0,0,0
-64.4771,-57.2774,1,2014345,-64.06,-56.66,1,0,0,0,11,2
0,0,0,2014346,-64.0626,-56.6622,0,0,0,0,0,0
-64.5013,-57.2574,1,2014347,-64.0694,-56.6642,0,0,0,0,0,0
-64.5291,-57.3325,1,2014348,-64.079,-56.6659,0,0,0,0,0,0
-64.5031,-57.2386,1,2014349,-64.09,-56.6673,0,0,0,0,0,0
-64.5115,-57.3041,1,2014350,-64.101,-56.6685,0,0,0,0,0,0
-64.4528,-57.2325,1,2014351,-64.1106,-56.6693,0,0,0,0,0,0
-64.4852,-57.2365,1,2014352,-64.1174,-56.6698,0,0,0,0,0,0
-64.4991,-57.189,1,2014353,-64.12,-56.67,1,0,0,0,11,2
-64.4558,-57.1735,1,2014354,-64.1172,-56.6672,0,0,0,0,0,0
-64.4833,-57.2649,1,2014355,-64.1101,-56.6601,0,0,0,0,0,0
-64.4835,-57.2657,1,2014356,-64.1003,-56.6503,0,0,0,0,0,0
-64.4835,-57.2657,1,2014357,-64.0897,-56.6397,0,0,0,0,0,0
-64.4334,-57.2603,1,2014358,-64.0799,-56.6299,0,0,0,0,0,0
-64.4777,-57.1674,1,2014359,-64.0728,-56.6228,0,0,0,0,0,0
-64.4625,-57.1624,1,2014360,-64.07,-56.62,1,0,0,0,11,2
-64.4676,-57.2083,1,2014361,-64.0724,-56.6273,0,0,0,0,0,0
-64.4802,-57.324,1,2014362,-64.0788,-56.6463,0,0,0,0,0,0
-64.4615,-57.3263,1,2014363,-64.0876,-56.6728,0,0,0,0,0,0
-64.5078,-57.3108,1,2014364,-64.0975,-56.7025,0,0,0,0,0,0
-64.4842,-57.3458,1,2014365,-64.107,-56.7311,0,0,0,0,0,0
-64.4752,-57.3058,1,2015001,-64.1176,-56.7627,0,0,0,0,0,0
-64.1709,-56.4041,1,2015002,-64.12,-56.77,1,0,0,0,11,2
-64.1492,-56.4233,1,2015003,-64.1178,-56.765,0,0,0,0,0,0
-64.1185,-56.3105,1,2015004,-64.1121,-56.7522,0,0,0,0,0,0
-64.5411,-56.9628,1,2015005,-64.1043,-56.7346,0,0,0,0,0,0
-64.1588,-56.2467,1,2015006,-64.0957,-56.7154,0,0,0,0,0,0
-64.1763,-56.2199,1,2015007,-64.0879,-56.6978,0,0,0,0,0,0
-64.1643,-56.0781,1,2015008,-64.0822,-56.685,0,0,0,0,0,0
-64.0944,-56.6887,1,2015009,-64.08,-56.68,1,0,0,0,11,2
-64.1027,-56.7081,1,2015010,-64.08,-56.68,0,0,0,0,0,0
-64.0921,-56.6446,1,2015011,-64.08,-56.68,0,0,0,0,0,0
-64.0972,-56.6623,1,2015012,-64.08,-56.68,0,0,0,0,0,0
-64.0987,-56.6336,1,2015013,-64.08,-56.68,0,0,0,0,0,0
-64.0972,-56.6623,1,2015014,-64.08,-56.68,0,0,0,0,0,0
-64.0987,-56.6336,1,2015015,-64.08,-56.68,0,0,0,0,0,0
-64.104,-56.652,1,2015016,-64.08,-56.68,1,0,0,0,11,2
-64.0774,-56.5597,1,2015017,-64.08,-56.6761,0,0,0,0,0,0
-64.0772,-56.559,1,2015018,-64.08,-56.6656,0,0,0,0,0,0
-64.0772,-56.559,1,2015019,-64.08,-56.65,0,0,0,0,0,0
-64.0772,-56.559,1,2015020,-64.08,-56.6311,0,0,0,0,0,0
-64.0855,-56.52,1,2015021,-64.08,-56.6103,0,0,0,0,0,0
-64.0923,-56.5097,1,2015022,-64.08,-56.5894,0,0,0,0,0,0
-64.0923,-56.5097,1,2015023,-64.08,-56.57,1,0,0,0,11,2
-64.0923,-56.5097,1,2015024,-64.0831,-56.5516,0,0,0,0,0,0
-64.0923,-56.5097,1,2015025,-64.0914,-56.5325,0,0,0,0,0,0
-64.0923,-56.5097,1,2015026,-64.1031,-56.5126,0,0,0,0,0,0
-64.0614,-56.715,1,2015027,-64.1166,-56.4916,0,0,0,0,0,0
-64.0614,-56.715,1,2015028,-64.13,-56.4692,0,0,0,0,0,0
-64.1634,-56.3761,1,2015029,-64.1417,-56.4455,0,0,0,0,0,0
-64.1634,-56.3761,1,2015030,-64.15,-56.42,1,0,0,0,11,2
-64.1634,-56.3761,1,2015031,-64.1553,-56.3932,0,0,0,0,0,0
-64.1516,-56.4995,1,2015032,-64.1596,-56.3651,0,0,0,0,0,0
-64.1115,-56.4551,1,2015033,-64.1633,-56.335,0,0,0,0,0,0
-64.1281,-56.2691,1,2015034,-64.1667,-56.3021,0,0,0,0,0,0
-64.1803,-56.2939,1,2015035,-64.1704,-56.2658,0,0,0,0,0,0
-64.1803,-56.2939,1,2015036,-64.1747,-56.2253,0,0,0,0,0,0
-64.1861,-56.1525,1,2015037,-64.18,-56.18,1,0,0,0,11,2
-64.1861,-56.1525,1,2015038,-64.1883,-56.1137,0,0,0,0,0,0
-64.1881,-56.3352,1,2015039,-64.2,-56.02,0,0,0,0,0,0
-64.132,-56.2365,1,2015040,-64.2134,-55.9126,0,0,0,0,0,0
-64.132,-56.2365,1,2015041,-64.2269,-55.8051,0,0,0,0,0,0
-64.1535,-56.0679,1,2015042,-64.2386,-55.7114,0,0,0,0,0,0
-64.1884,-55.9327,1,2015043,-64.2469,-55.6451,0,0,0,0,0,0
-64.2121,-55.653,1,2015044,-64.25,-55.62,1,0,0,0,11,2
-64.2412,-55.632,1,2015045,-64.2495,-55.6261,0,0,0,0,0,0
-64.2412,-55.632,1,2015046,-64.2482,-55.6431,0,0,0,0,0,0
-64.2465,-55.6236,1,2015047,-64.246,-55.6693,0,0,0,0,0,0
-64.2465,-55.6236,1,2015048,-64.2431,-55.7029,0,0,0,0,0,0
-64.2536,-55.7473,1,2015049,-64.2394,-55.7421,0,0,0,0,0,0
-64.3163,-56.0275,1,2015050,-64.235,-55.785,0,0,0,0,0,0
-64.2142,-55.841,1,2015051,-64.23,-55.83,1,0,0,0,11,2
-64.2142,-55.841,1,2015052,-64.2161,-55.8986,0,0,0,0,0,0
-64.2142,-55.841,1,2015053,-64.1876,-56.0029,0,0,0,0,0,0
-64.2142,-55.841,1,2015054,-64.1487,-56.1262,0,0,0,0,0,0
-64.2142,-55.841,1,2015055,-64.1034,-56.2521,0,0,0,0,0,0
-64.2142,-55.841,1,2015056,-64.0558,-56.364,0,0,0,0,0,0
-63.9999,-56.5114,1,2015057,-64.0099,-56.4455,0,0,0,0,0,0
-63.9999,-56.5114,1,2015058,-63.97,-56.48,1,0,0,0,11,2
-63.938,-56.477,1,2015059,-63.9305,-56.4846,0,0,0,0,0,0
-63.9511,-56.5078,1,2015060,-63.886,-56.4877,0,0,0,0,0,0
-63.9295,-56.5414,1,2015061,-63.8406,-56.4898,0,0,0,0,0,0
-63.878,-56.5924,1,2015062,-63.7983,-56.4915,0,0,0,0,0,0
-63.8983,-56.6145,1,2015063,-63.763,-56.4934,0,0,0,0,0,0
-63.9158,-56.6146,1,2015064,-63.7389,-56.4961,0,0,0,0,0,0
-63.9158,-56.6146,1,2015065,-63.73,-56.5,1,0,0,0,11,2
-63.9143,-56.6431,1,2015066,-63.7355,-56.509,0,0,0,0,0,0
-63.9032,-56.7396,1,2015067,-63.7498,-56.5247,0,0,0,0,0,0
-63.9061,-56.7089,1,2015068,-63.7694,-56.544,0,0,0,0,0,0
-63.913,-56.6988,1,2015069,-63.7906,-56.5641,0,0,0,0,0,0
-63.913,-56.6988,1,2015070,-63.8102,-56.5821,0,0,0,0,0,0
-63.91,-56.7295,1,2015071,-63.8245,-56.595,0,0,0,0,0,0
-63.8629,-56.6946,1,2015072,-63.83,-56.6,1,0,0,0,11,2
-63.8793,-56.6429,1,2015073,-63.8291,-56.5794,0,0,0,0,0,0
-63.8642,-56.6654,1,2015074,-63.8265,-56.5259,0,0,0,0,0,0
-63.8642,-56.6654,0,2015075,-63.8226,-56.4523,0,0,0,0,0,0
-63.8642,-56.6654,1,2015076,-63.8177,-56.3713,0,0,0,0,0,0
-63.8642,-56.6654,1,2015077,-63.8121,-56.2954,0,0,0,0,0,0
-63.8474,-56.5068,1,2015078,-63.8061,-56.2375,0,0,0,0,0,0
-63.8523,-56.5236,1,2015079,-63.8,-56.21,1,0,0,0,11,2
-63.785,-56.4942,1,2015080,-63.7917,-56.2034,0,0,0,0,0,0
-63.8118,-56.4783,1,2015081,-63.78,-56.1991,0,0,0,0,0,0
-63.7931,-56.4549,1,2015082,-63.7666,-56.196,0,0,0,0,0,0
-63.7532,-56.1465,1,2015083,-63.7531,-56.1935,0,0,0,0,0,0
-63.7532,-56.1465,1,2015084,-63.7414,-56.1905,0,0,0,0,0,0
-63.8551,-56.1731,1,2015085,-63.7331,-56.1863,0,0,0,0,0,0
-63.916,-56.1607,1,2015086,-63.73,-56.18,1,0,0,0,11,2
-63.8702,-56.0465,1,2015087,-63.7466,-56.1605,0,0,0,0,0,0
-63.905,-55.9647,1,2015088,-63.7895,-56.1226,0,0,0,0,0,0
-63.8941,-56.0344,1,2015089,-63.8481,-56.0741,0,0,0,0,0,0
-63.9267,-56.1709,1,2015090,-63.9119,-56.0228,0,0,0,0,0,0
-64.0596,-56.0215,1,2015091,-63.9705,-55.9764,0,0,0,0,0,0
-64.0622,-55.9919,1,2015092,-64.0134,-55.9429,0,0,0,0,0,0
-64.0622,-55.9919,0,2015093,-64.03,-55.93,1,0,0,0,11,2
-64.0622,-55.9919,1,2015094,-64.0217,-55.9381,0,0,0,0,0,0
-64.0986,-55.7487,1,2015095,-64.0003,-55.9592,0,0,0,0,0,0
-64.0951,-55.7588,0,2015096,-63.971,-55.9888,0,0,0,0,0,0
-64.0857,-55.7893,0,2015097,-63.939,-56.0223,0,0,0,0,0,0
-64.0724,-55.8407,1,2015098,-63.9097,-56.055,0,0,0,0,0,0
-64.0441,-56.0709,1,2015099,-63.8883,-56.0825,0,0,0,0,0,0
-63.975,-56.0444,0,2015100,-63.88,-56.1,1,0,0,0,11,2
-63.9243,-56.0178,1,2015101,-63.8824,-56.1099,0,0,0,0,0,0
-63.9876,-56.0513,1,2015102,-63.8891,-56.1178,0,0,0,0,0,0
-63.9959,-55.9865,1,2015103,-63.8989,-56.1244,0,0,0,0,0,0
-63.9863,-56.0278,1,2015104,-63.9109,-56.1303,0,0,0,0,0,0
-63.943,-56.1736,1,2015105,-63.9241,-56.1361,0,0,0,0,0,0
-63.957,-56.0738,1,2015106,-63.9375,-56.1425,0,0,0,0,0,0
-63.9079,-56.1476,1,2015107,-63.95,-56.15,1,0,0,0,11,2
-63.9229,-56.1248,1,2015108,-63.9642,-56.16,0,0,0,0,0,0
-63.9026,-56.1557,1,2015109,-63.9818,-56.1724,0,0,0,0,0,0
-63.9928,-56.1917,1,2015110,-64.0009,-56.1857,0,0,0,0,0,0
-64.0267,-56.1872,1,2015111,-64.0193,-56.1986,0,0,0,0,0,0
-64.0267,-56.1872,1,2015112,-64.035,-56.2095,0,0,0,0,0,0
-64.0493,-56.2244,1,2015113,-64.0459,-56.2171,0,0,0,0,0,0
-63.9625,-56.1298,1,2015114,-64.05,-56.22,1,0,0,0,11,2
-63.9909,-56.2661,1,2015115,-64.0434,-56.22,0,0,0,0,0,0
-63.9909,-56.2661,1,2015116,-64.0262,-56.22,0,0,0,0,0,0
-63.9304,-56.381,1,2015117,-64.0028,-56.22,0,0,0,0,0,0
-63.9304,-56.381,1,2015118,-63.9772,-56.22,0,0,0,0,0,0
-63.9243,-56.3191,1,2015119,-63.9538,-56.22,0,0,0,0,0,0
-63.9487,-56.282,1,2015120,-63.9366,-56.22,0,0,0,0,0,0
-63.9487,-56.282,1,2015121,-63.93,-56.22,1,0,0,0,11,2
-63.9064,-56.2986,1,2015122,-63.93,-56.2336,0,0,0,0,0,0
-63.9064,-56.2986,1,2015123,-63.93,-56.269,0,0,0,0,0,0
-63.9194,-56.3624,1,2015124,-63.93,-56.3184,0,0,0,0,0,0
-63.9194,-56.3624,1,2015125,-63.93,-56.3741,0,0,0,0,0,0
-64.0073,-56.5027,1,2015126,-63.93,-56.4282,0,0,0,0,0,0
-63.9652,-56.6009,1,2015127,-63.93,-56.4727,0,0,0,0,0,0
-63.9652,-56.6009,1,2015128,-63.93,-56.5,1,0,0,0,11,2
-63.9652,-56.6009,1,2015129,-63.93,-56.5143,0,0,0,0,0,0
-63.9279,-56.6331,1,2015130,-63.93,-56.5259,0,0,0,0,0,0
-63.9279,-56.6331,1,2015131,-63.93,-56.5354,0,0,0,0,0,0
-63.9279,-56.6331,1,2015132,-63.93,-56.5438,0,0,0,0,0,0
-63.9279,-56.6331,1,2015133,-63.93,-56.5518,0,0,0,0,0,0
-63.984,-56.5726,1,2015134,-63.93,-56.5602,0,0,0,0,0,0
-63.984,-56.5726,1,2015135,-63.93,-56.57,1,0,0,0,11,2
-63.8908,-56.6176,1,2015136,-63.9261,-56.5823,0,0,0,0,0,0
-63.8812,-56.6439,1,2015137,-63.9156,-56.5967,0,0,0,0,0,0
-63.8799,-56.4567,1,2015138,-63.9,-56.6119,0,0,0,0,0,0
-63.8137,-56.6743,1,2015139,-63.8811,-56.6263,0,0,0,0,0,0
-63.8137,-56.6743,0,2015140,-63.8603,-56.6385,0,0,0,0,0,0
-63.8137,-56.6743,1,2015141,-63.8394,-56.6469,0,0,0,0,0,0
-63.8137,-56.6743,1,2015142,-63.82,-56.65,1,0,0,0,11,2
-63.8137,-56.6743,1,2015143,-63.7984,-56.6452,0,0,0,0,0,0
-63.8137,-56.6743,1,2015144,-63.7718,-56.6325,0,0,0,0,0,0
-63.8137,-56.6743,1,2015145,-63.7432,-56.614,0,0,0,0,0,0
-63.8152,-56.6655,0,2015146,-63.7157,-56.5922,0,0,0,0,0,0
-63.8188,-56.6403,0,2015147,-63.6923,-56.5694,0,0,0,0,0,0
-63.8236,-56.6003,0,2015148,-63.6761,-56.5479,0,0,0,0,0,0
-63.8283,-56.5472,0,2015149,-63.67,-56.53,1,0,0,0,11,2
-63.8319,-56.4827,0,2015150,-63.6717,-56.5134,0,0,0,0,0,0
-63.8334,-56.4083,1,2015151,-63.6759,-56.4952,0,0,0,0,0,0
-63.7535,-56.2577,1,2015152,-63.6818,-56.477,0,0,0,0,0,0
-63.8152,-56.3069,1,2015153,-63.6882,-56.4601,0,0,0,0,0,0
-63.8531,-56.3561,1,2015154,-63.6941,-56.4462,0,0,0,0,0,0
-63.8372,-56.4624,1,2015155,-63.6983,-56.4368,0,0,0,0,0,0
-63.8507,-56.5483,1,2015156,-63.7,-56.4333,1,0,0,0,11,2
-63.8507,-56.5483,1,2015157,-63.6989,-56.4381,0,0,0,0,0,0
-63.8507,-56.5483,1,2015158,-63.6961,-56.4505,0,0,0,0,0,0
-63.8507,-56.5483,1,2015159,-63.6918,-56.4674,0,0,0,0,0,0
-63.8507,-56.5483,1,2015160,-63.6866,-56.4859,0,0,0,0,0,0
-63.8507,-56.5483,1,2015161,-63.6809,-56.5028,0,0,0,0,0,0
-63.8507,-56.5483,1,2015162,-63.6753,-56.5152,0,0,0,0,0,0
-63.9589,-56.8004,1,2015163,-63.67,-56.52,1,0,0,0,11,2
-63.9589,-56.8004,1,2015164,-63.6642,-56.5178,0,0,0,0,0,0
-63.9589,-56.8004,1,2015165,-63.6571,-56.5121,0,0,0,0,0,0
-63.9589,-56.8004,1,2015166,-63.6495,-56.5043,0,0,0,0,0,0
-63.9589,-56.8004,1,2015167,0,0,0,0,0,0,0,0
-63.9589,-56.8004,1,2015168,0,0,0,0,0,0,0,0
-63.9589,-56.8004,1,2015169,0,0,0,0,0,0,0,0
-63.2573,-56.2496,1,2015170,-63.63,-56.48,1,0,0,0,11,2
-63.2573,-56.2496,1,2015172,0,0,0,0,0,0,0,0
-63.2573,-56.2496,1,2015173,-63.6457,-56.4997,0,0,0,0,0,0
0,0,0,2015174,-63.6543,-56.5103,0,0,0,0,0,0
-63.2573,-56.2496,1,2015175,-63.6621,-56.5201,0,0,0,0,0,0
-63.2573,-56.2496,1,2015176,-63.6678,-56.5272,0,0,0,0,0,0
-63.2573,-56.2496,1,2015177,-63.67,-56.53,1,0,0,0,11,2
-63.2573,-56.2496,1,2015178,-63.6681,-56.5245,0,0,0,0,0,0
-63.2573,-56.2496,1,2015179,-63.663,-56.5102,0,0,0,0,0,0
-63.2573,-56.2496,1,2015180,-63.6559,-56.4906,0,0,0,0,0,0
-63.2573,-56.2496,1,2015181,-63.648,-56.4694,0,0,0,0,0,0
-63.2573,-56.2496,1,2015182,-63.6403,-56.4498,0,0,0,0,0,0
-63.1824,-56.1911,1,2015183,-63.6339,-56.4355,0,0,0,0,0,0
-63.1824,-56.1911,1,2015184,-63.63,-56.43,1,0,0,0,11,2
-63.1824,-56.1911,1,2015185,-63.6281,-56.43,0,0,0,0,0,0
-63.1824,-56.1911,1,2015186,-63.6268,-56.43,0,0,0,0,0,0
-63.1244,-56.1158,1,2015187,-63.6259,-56.43,0,0,0,0,0,0
-63.1163,-56.2437,1,2015188,-63.625,-56.43,0,0,0,0,0,0
-63.1163,-56.2437,1,2015189,-63.6239,-56.43,0,0,0,0,0,0
-63.1163,-56.2437,1,2015190,-63.6223,-56.43,0,0,0,0,0,0
-63.1163,-56.2437,1,2015191,-63.62,-56.43,1,0,0,0,11,2
-63.1163,-56.2437,1,2015192,0,0,0,0,0,0,0,0
-63.1163,-56.2437,1,2015193,-63.5403,-56.5532,0,0,0,0,0,0
-63.1163,-56.2437,1,2015194,-63.4643,-56.6752,0,0,0,0,0,0
-63.1163,-56.2437,1,2015195,-63.3813,-56.8092,0,0,0,0,0,0
-63.1163,-56.2437,1,2015196,-63.3043,-56.9338,0,0,0,0,0,0
-63.1163,-56.2437,1,2015197,-63.2463,-57.0279,0,0,0,0,0,0
-63.1163,-56.2437,1,2015198,-63.22,-57.07,1,0,0,0,11,2
-63.0757,-56.303,1,2015199,0,0,0,0,0,0,0,0
-63.0757,-56.303,1,2015200,0,0,0,0,0,0,0,0
-63.0757,-56.303,1,2015201,0,0,0,0,0,0,0,0
-63.0757,-56.303,1,2015202,0,0,0,0,0,0,0,0
-63.0757,-56.303,1,2015203,0,0,0,0,0,0,0,0
-63.0757,-56.303,1,2015204,0,0,0,0,0,0,0,0
-63.0757,-56.303,1,2015205,0,0,0,0,0,0,0,0
-63.0757,-56.303,1,2015206,0,0,0,0,0,0,0,0
-63.0757,-56.303,1,2015207,0,0,0,0,0,0,0,0
-63.0757,-56.303,1,2015208,0,0,0,0,0,0,0,0
-63.0757,-56.303,1,2015209,0,0,0,0,0,0,0,0
-63.0757,-56.303,1,2015210,0,0,0,0,0,0,0,0
-63.0757,-56.303,1,2015211,0,0,0,0,0,0,0,0
-63.0757,-56.303,1,2015212,-63.18,-57.13,1,0,0,0,11,2
-63.0757,-56.303,1,2015213,-63.1839,-57.1228,0,0,0,0,0,0
-63.0757,-56.303,1,2015214,-63.1939,-57.1042,0,0,0,0,0,0
-63.0757,-56.303,1,2015215,-63.2076,-57.0788,0,0,0,0,0,0
-63.0757,-56.303,1,2015216,-63.2224,-57.0512,0,0,0,0,0,0
-63.0757,-56.303,1,2015217,-63.2361,-57.0258,0,0,0,0,0,0
-63.0757,-56.303,1,2015218,-63.2461,-57.0072,0,0,0,0,0,0
-63.0757,-56.303,1,2015219,-63.25,-57,1,0,0,0,11,2
-63.0757,-56.303,1,2015220,-63.2456,-57.0083,0,0,0,0,0,0
-63.0757,-56.303,1,2015221,-63.2341,-57.0297,0,0,0,0,0,0
-63.0757,-56.303,1,2015222,-63.2185,-57.059,0,0,0,0,0,0
-63.0757,-56.303,1,2015223,-63.2015,-57.091,0,0,0,0,0,0
-63.0757,-56.303,1,2015224,-63.1859,-57.1203,0,0,0,0,0,0
-63.0757,-56.303,1,2015225,-63.1744,-57.1417,0,0,0,0,0,0
-63.0757,-56.303,1,2015226,-63.17,-57.15,1,0,0,0,11,2
-63.0535,-56.4621,1,2015227,0,0,0,0,0,0,0,0
-63.0535,-56.4621,1,2015228,0,0,0,0,0,0,0,0
-63.0535,-56.4621,1,2015230,0,0,0,0,0,0,0,0
-63.0535,-56.4621,1,2015231,0,0,0,0,0,0,0,0
-63.0535,-56.4621,1,2015232,0,0,0,0,0,0,0,0
-63.0535,-56.4621,1,2015233,0,0,0,0,0,0,0,0
-63.0535,-56.4621,1,2015234,0,0,0,0,0,0,0,0
-63.0535,-56.4621,1,2015235,0,0,0,0,0,0,0,0
-63.0535,-56.4621,1,2015236,0,0,0,0,0,0,0,0
-63.0535,-56.4621,1,2015237,0,0,0,0,0,0,0,0
-63.0535,-56.4621,1,2015238,0,0,0,0,0,0,0,0
-63.0535,-56.4621,1,2015239,0,0,0,0,0,0,0,0
-63.0535,-56.4621,1,2015240,-63.17,-57.15,1,0,0,0,11,2
-63.0535,-56.4621,1,2015241,-63.1698,-57.15,0,0,0,0,0,0
-63.0535,-56.4621,1,2015242,-63.1693,-57.15,0,0,0,0,0,0
-63.1445,-57.1027,1,2015243,-63.1687,-57.15,0,0,0,0,0,0
-63.1445,-57.1027,1,2015244,-63.168,-57.15,0,0,0,0,0,0
-63.1445,-57.1027,1,2015245,-63.1674,-57.15,0,0,0,0,0,0
-63.1445,-57.1027,1,2015246,-63.1669,-57.15,0,0,0,0,0,0
-63.1445,-57.1027,1,2015247,-63.1667,-57.15,1,0,0,0,11,2
-63.1445,-57.1027,1,2015248,-63.1667,-57.15,0,0,0,0,0,0
-63.1445,-57.1027,1,2015249,-63.1667,-57.15,0,0,0,0,0,0
-63.1445,-57.1027,1,2015250,-63.1667,-57.15,0,0,0,0,0,0
-63.2063,-57.1844,1,2015251,-63.1667,-57.15,0,0,0,0,0,0
-63.2063,-57.1844,1,2015252,-63.1667,-57.15,0,0,0,0,0,0
-63.2063,-57.1844,1,2015253,-63.1667,-57.15,0,0,0,0,0,0
-63.2063,-57.1844,1,2015254,-63.1667,-57.15,1,0,0,0,11,2
-63.2063,-57.1844,1,2015255,-63.1667,-57.15,0,0,0,0,0,0
-63.2063,-57.1844,1,2015256,-63.1667,-57.15,0,0,0,0,0,0
-63.2063,-57.1844,1,2015257,-63.1667,-57.15,0,0,0,0,0,0
-63.2063,-57.1844,1,2015258,-63.1667,-57.15,0,0,0,0,0,0
-63.2063,-57.1844,1,2015259,-63.1667,-57.15,0,0,0,0,0,0
-63.2063,-57.1844,1,2015260,-63.1667,-57.15,0,0,0,0,0,0
-63.2063,-57.1844,1,2015261,-63.1667,-57.15,1,0,0,0,11,2
-63.2063,-57.1844,1,2015262,-63.1667,-57.15,0,0,0,0,0,0
-63.2063,-57.1844,1,2015263,-63.1667,-57.15,0,0,0,0,0,0
-63.2063,-57.1844,1,2015264,-63.1667,-57.15,0,0,0,0,0,0
-63.2063,-57.1844,1,2015265,-63.1667,-57.15,0,0,0,0,0,0
-63.2063,-57.1844,1,2015266,-63.1667,-57.15,0,0,0,0,0,0
-63.2063,-57.1844,1,2015267,-63.1667,-57.15,0,0,0,0,0,0
-63.2063,-57.1844,1,2015268,-63.1667,-57.15,1,0,0,0,11,2
-63.2063,-57.1844,1,2015269,-63.1667,-57.15,0,0,0,0,0,0
-63.2063,-57.1844,1,2015270,-63.1667,-57.15,0,0,0,0,0,0
-63.2063,-57.1844,1,2015271,-63.1667,-57.15,0,0,0,0,0,0
-63.2063,-57.1844,1,2015272,-63.1667,-57.15,0,0,0,0,0,0
-63.2063,-57.1844,1,2015273,-63.1667,-57.15,0,0,0,0,0,0
-63.2063,-57.1844,1,2015274,-63.1667,-57.15,0,0,0,0,0,0
-63.2063,-57.1844,1,2015275,-63.1667,-57.15,1,0,0,0,11,2
-63.2813,-57.283,1,2015276,-63.1667,-57.15,0,0,0,0,0,0
-63.2813,-57.283,1,2015277,-63.1667,-57.15,0,0,0,0,0,0
-63.2813,-57.283,1,2015278,-63.1667,-57.15,0,0,0,0,0,0
-63.2813,-57.283,1,2015279,-63.1667,-57.15,0,0,0,0,0,0
-63.2813,-57.283,1,2015280,-63.1667,-57.15,0,0,0,0,0,0
-63.2813,-57.283,1,2015281,-63.1667,-57.15,0,0,0,0,0,0
-63.2813,-57.283,1,2015282,-63.1667,-57.15,1,0,0,0,11,2
-63.2813,-57.283,1,2015283,-63.1667,-57.15,0,0,0,0,0,0
-63.2813,-57.283,1,2015284,-63.1667,-57.15,0,0,0,0,0,0
-63.2813,-57.283,1,2015285,-63.1667,-57.15,0,0,0,0,0,0
-63.2813,-57.283,1,2015286,-63.1667,-57.15,0,0,0,0,0,0
-63.2813,-57.283,1,2015287,-63.1667,-57.15,0,0,0,0,0,0
-63.2813,-57.283,1,2015288,-63.1667,-57.15,0,0,0,0,0,0
-63.2813,-57.283,1,2015289,-63.1667,-57.15,1,0,0,0,11,2
-63.2366,-57.1599,1,2015290,-63.1667,-57.15,0,0,0,0,0,0
-63.2366,-57.1599,1,2015291,-63.1667,-57.15,0,0,0,0,0,0
-63.2366,-57.1599,1,2015292,-63.1667,-57.15,0,0,0,0,0,0
-63.2366,-57.1599,1,2015293,-63.1667,-57.15,0,0,0,0,0,0
-63.2007,-57.1887,1,2015294,-63.1667,-57.15,0,0,0,0,0,0
-63.2007,-57.1887,1,2015295,-63.1667,-57.15,0,0,0,0,0,0
-63.168,-57.2354,1,2015296,-63.1667,-57.15,1,0,0,0,11,2
-63.168,-57.2354,1,2015297,-63.1667,-57.15,0,0,0,0,0,0
-63.168,-57.2354,1,2015298,-63.1667,-57.15,0,0,0,0,0,0
-63.168,-57.2354,1,2015299,-63.1667,-57.15,0,0,0,0,0,0
-63.2105,-57.1226,1,2015300,-63.1667,-57.15,0,0,0,0,0,0
-63.2105,-57.1226,1,2015301,-63.1667,-57.15,0,0,0,0,0,0
-63.2105,-57.1226,1,2015302,-63.1667,-57.15,0,0,0,0,0,0
-63.2105,-57.1226,1,2015303,-63.1667,-57.15,1,0,0,0,11,2
-63.2105,-57.1226,1,2015304,-63.1667,-57.15,0,0,0,0,0,0
-63.2105,-57.1226,1,2015305,-63.1667,-57.15,0,0,0,0,0,0
-63.2105,-57.1226,1,2015306,-63.1667,-57.15,0,0,0,0,0,0
-63.2105,-57.1226,1,2015307,-63.1667,-57.15,0,0,0,0,0,0
-63.2105,-57.1226,1,2015308,-63.1667,-57.15,0,0,0,0,0,0
-63.2105,-57.1226,1,2015309,-63.1667,-57.15,0,0,0,0,0,0
-63.2105,-57.1226,1,2015310,-63.1667,-57.15,1,0,0,0,11,2
-63.2105,-57.1226,1,2015311,-63.1667,-57.15,0,0,0,0,0,0
-63.2105,-57.1226,1,2015312,-63.1667,-57.15,0,0,0,0,0,0
-63.2105,-57.1226,0,2015313,-63.1667,-57.15,0,0,0,0,0,0
-63.2105,-57.1226,1,2015314,-63.1667,-57.15,0,0,0,0,0,0
-63.2105,-57.1226,1,2015315,-63.1667,-57.15,0,0,0,0,0,0
-63.2546,-56.9561,1,2015316,-63.1667,-57.15,0,0,0,0,0,0
-63.2546,-56.9561,1,2015317,-63.1667,-57.15,1,0,0,0,11,2
-63.2546,-56.9561,1,2015318,0,0,0,0,0,0,0,0
-63.2546,-56.9561,1,2015319,0,0,0,0,0,0,0,0
-63.2546,-56.9561,1,2015320,0,0,0,0,0,0,0,0
-63.2546,-56.9561,1,2015321,0,0,0,0,0,0,0,0
-63.2844,-56.9675,1,2015322,0,0,0,0,0,0,0,0
-63.2844,-56.9675,1,2015323,0,0,0,0,0,0,0,0
-63.2119,-57.1746,1,2015324,0,0,0,0,0,0,0,0
-63.2119,-57.1746,1,2015325,0,0,0,0,0,0,0,0
-63.2388,-57.2128,1,2015326,0,0,0,0,0,0,0,0
-63.2388,-57.2128,1,2015327,0,0,0,0,0,0,0,0
-63.2388,-57.2128,1,2015328,0,0,0,0,0,0,0,0
-63.2388,-57.2128,1,2015329,0,0,0,0,0,0,0,0
-63.2388,-57.2128,1,2015330,0,0,0,0,0,0,0,0
-63.2388,-57.2128,1,2015331,-63.1667,-57.15,1,0,0,0,11,2
-63.2388,-57.2128,1,2015332,-63.1667,-57.15,0,0,0,0,0,0
-63.2388,-57.2128,1,2015333,-63.1667,-57.15,0,0,0,0,0,0
-63.2388,-57.2128,1,2015334,-63.1667,-57.15,0,0,0,0,0,0
-63.2388,-57.2128,1,2015335,-63.1667,-57.15,0,0,0,0,0,0
-63.2388,-57.2128,1,2015336,-63.1667,-57.15,0,0,0,0,0,0
-63.2388,-57.2128,1,2015337,-63.1667,-57.15,0,0,0,0,0,0
-63.2482,-57.276,1,2015338,-63.1667,-57.15,1,0,0,0,11,2
-63.2482,-57.276,1,2015339,-63.1678,-57.1485,0,0,0,0,0,0
-63.2482,-57.276,1,2015340,-63.171,-57.1442,0,0,0,0,0,0
-63.2482,-57.276,1,2015341,-63.1756,-57.1377,0,0,0,0,0,0
-63.3606,-57.1675,1,2015342,-63.1813,-57.1295,0,0,0,0,0,0
-63.3606,-57.1675,1,2015343,-63.1876,-57.1201,0,0,0,0,0,0
-63.3606,-57.1675,1,2015344,-63.194,-57.1101,0,0,0,0,0,0
-63.3606,-57.1675,1,2015345,-63.2,-57.1,1,0,0,0,11,2
-63.3606,-57.1675,1,2015346,-63.2057,-57.0894,0,0,0,0,0,0
-63.3593,-57.1413,1,2015347,-63.2115,-57.0774,0,0,0,0,0,0
-63.2914,-57.2125,1,2015348,-63.2176,-57.0637,0,0,0,0,0,0
-63.2914,-57.2125,1,2015349,-63.2243,-57.0478,0,0,0,0,0,0
-63.2914,-57.2125,1,2015350,-63.2317,-57.0293,0,0,0,0,0,0
-63.2914,-57.2125,1,2015351,-63.2402,-57.008,0,0,0,0,0,0
-63.2914,-57.2125,1,2015352,-63.25,-56.9833,1,0,0,0,11,2
-63.2914,-57.2125,1,2015353,0,0,0,0,0,0,0,0
-63.5447,-56.9538,1,2015354,0,0,0,0,0,0,0,0
-63.5447,-56.9538,1,2015355,0,0,0,0,0,0,0,0
-63.5533,-56.7799,1,2015356,0,0,0,0,0,0,0,0
-63.5878,-56.6243,1,2015357,0,0,0,0,0,0,0,0
-63.5552,-56.4611,1,2015358,0,0,0,0,0,0,0,0
-63.5164,-56.2554,1,2015359,0,0,0,0,0,0,0,0
-63.5164,-56.2554,1,2015360,0,0,0,0,0,0,0,0
-63.499,-55.966,1,2015361,0,0,0,0,0,0,0,0
-63.499,-55.966,1,2015362,0,0,0,0,0,0,0,0
-63.4476,-55.8974,1,2015363,0,0,0,0,0,0,0,0
-63.5192,-55.8873,1,2015364,0,0,0,0,0,0,0,0
-63.5192,-55.8873,1,2015365,0,0,0,0,0,0,0,0
-63.6089,-55.5347,1,2016001,-63.6167,-55.5167,1,0,0,0,11,2
-63.6089,-55.5347,1,2016002,-63.6458,-55.4419,0,0,0,0,0,0
-63.6089,-55.5347,1,2016003,-63.6793,-55.3756,0,0,0,0,0,0
-63.6089,-55.5347,1,2016004,-63.7141,-55.3138,0,0,0,0,0,0
-63.6089,-55.5347,1,2016005,-63.7468,-55.2526,0,0,0,0,0,0
-63.8895,-55.0174,1,2016006,-63.7742,-55.188,0,0,0,0,0,0
-63.8376,-55.0742,1,2016007,-63.793,-55.1163,0,0,0,0,0,0
-63.831,-55.0298,1,2016008,-63.8,-55.0333,1,0,0,0,11,2
-63.831,-55.0298,1,2016009,-63.7972,-54.9267,0,0,0,0,0,0
-63.831,-55.0298,1,2016010,-63.7898,-54.7941,0,0,0,0,0,0
-63.831,-55.0298,1,2016011,-63.7793,-54.6467,0,0,0,0,0,0
-63.831,-55.0298,1,2016012,-63.7669,-54.4957,0,0,0,0,0,0
-63.831,-55.0298,1,2016013,-63.7542,-54.3523,0,0,0,0,0,0
-63.7818,-54.1455,1,2016014,-63.7425,-54.2278,0,0,0,0,0,0
-63.7818,-54.1455,1,2016015,-63.7333,-54.1333,1,0,0,0,11,2
-63.6908,-54.3659,1,2016016,0,0,0,0,0,0,0,0
-63.7059,-54.1463,1,2016017,0,0,0,0,0,0,0,0
-63.7059,-54.1463,0,2016018,0,0,0,0,0,0,0,0
-63.7059,-54.1463,1,2016019,0,0,0,0,0,0,0,0
-63.7059,-54.1463,1,2016020,0,0,0,0,0,0,0,0
-63.7059,-54.1463,1,2016021,0,0,0,0,0,0,0,0
-63.7059,-54.1463,1,2016022,0,0,0,0,0,0,0,0
-63.7059,-54.1463,1,2016023,0,0,0,0,0,0,0,0
-63.6738,-53.677,1,2016024,0,0,0,0,0,0,0,0
-63.5539,-53.4398,1,2016025,0,0,0,0,0,0,0,0
-63.5539,-53.4398,1,2016026,0,0,0,0,0,0,0,0
-63.5539,-53.4398,1,2016027,0,0,0,0,0,0,0,0
-63.6109,-53.4083,1,2016028,0,0,0,0,0,0,0,0
-63.6405,-53.4144,1,2016029,-63.65,-53.4333,1,0,0,0,11,2
-63.6405,-53.4144,1,2016030,0,0,0,0,0,0,0,0
-63.6771,-53.4076,0,2016031,0,0,0,0,0,0,0,0
-63.737,-53.3903,1,2016032,0,0,0,0,0,0,0,0
-63.7827,-53.3395,1,2016033,0,0,0,0,0,0,0,0
-63.9062,-53.3839,1,2016034,0,0,0,0,0,0,0,0
-63.8756,-52.9248,1,2016035,0,0,0,0,0,0,0,0
-63.8756,-52.9248,1,2016036,0,0,0,0,0,0,0,0
-63.8756,-52.9248,1,2016037,0,0,0,0,0,0,0,0
-63.8349,-52.72,1,2016038,0,0,0,0,0,0,0,0
-63.8349,-52.72,1,2016039,0,0,0,0,0,0,0,0
-63.6848,-53.1188,1,2016040,0,0,0,0,0,0,0,0
-63.6848,-53.1188,1,2016041,0,0,0,0,0,0,0,0
-63.4682,-53.26,1,2016042,0,0,0,0,0,0,0,0
-63.4912,-53.5021,1,2016043,0,0,0,0,0,0,0,0
-63.4143,-53.5976,1,2016044,0,0,0,0,0,0,0,0
-63.4143,-53.5976,1,2016045,0,0,0,0,0,0,0,0
-63.4075,-53.416,1,2016046,0,0,0,0,0,0,0,0
-63.42,-53.2166,0,2016047,0,0,0,0,0,0,0,0
-63.4325,-53.1021,1,2016048,0,0,0,0,0,0,0,0
-63.4325,-53.1021,1,2016049,0,0,0,0,0,0,0,0
-63.6711,-52.9598,1,2016050,0,0,0,0,0,0,0,0
-63.6711,-52.9598,1,2016051,0,0,0,0,0,0,0,0
-63.6711,-52.9598,1,2016052,0,0,0,0,0,0,0,0
-63.6711,-52.9598,1,2016053,0,0,0,0,0,0,0,0
-63.6711,-52.9598,1,2016054,0,0,0,0,0,0,0,0
-63.6832,-52.8172,1,2016055,0,0,0,0,0,0,0,0
-63.7591,-52.6889,1,2016056,0,0,0,0,0,0,0,0
-63.7995,-52.7888,1,2016057,0,0,0,0,0,0,0,0
-63.7995,-52.7888,1,2016058,0,0,0,0,0,0,0,0
-63.6981,-53.1842,1,2016059,0,0,0,0,0,0,0,0
-63.6981,-53.1842,1,2016060,0,0,0,0,0,0,0,0
-63.6633,-53.0432,1,2016061,0,0,0,0,0,0,0,0
-63.8449,-52.6783,1,2016062,0,0,0,0,0,0,0,0
-63.8449,-52.6783,1,2016063,0,0,0,0,0,0,0,0
-63.8449,-52.6783,1,2016064,-63.7667,-52.4333,1,0,0,0,10,2
-63.6924,-52.294,1,2016065,-63.7633,-52.3839,0,0,0,0,0,0
-63.6924,-52.294,1,2016066,-63.7539,-52.3203,0,0,0,0,0,0
-63.6924,-52.294,1,2016067,-63.7399,-52.2503,0,0,0,0,0,0
-63.6018,-52.1641,0,2016068,-63.7229,-52.1819,0,0,0,0,0,0
-63.5083,-52.0342,1,2016069,-63.704,-52.1232,0,0,0,0,0,0
-63.5051,-52.1058,1,2016070,-63.6848,-52.0822,0,0,0,0,0,0
-63.5779,-52.1179,1,2016071,-63.6667,-52.0667,1,0,0,0,10,2
-63.5779,-52.1179,1,2016072,-63.6487,-52.0718,0,0,0,0,0,0
-63.4519,-52.0821,1,2016073,-63.6291,-52.0854,0,0,0,0,0,0
-63.4519,-52.0821,1,2016074,-63.6082,-52.1052,0,0,0,0,0,0
-63.4649,-52.1234,0,2016075,-63.5862,-52.1289,0,0,0,0,0,0
-63.4778,-52.2096,1,2016076,-63.5635,-52.1541,0,0,0,0,0,0
-63.4648,-52.3423,1,2016077,-63.5402,-52.1786,0,0,0,0,0,0
-63.4617,-52.3737,1,2016078,-63.5167,-52.2,1,0,0,0,10,2
-63.3543,-52.335,1,2016079,-63.4892,-52.2214,0,0,0,0,0,0
-63.3543,-52.335,1,2016080,-63.4563,-52.2459,0,0,0,0,0,0
-63.3543,-52.335,1,2016081,-63.4214,-52.2711,0,0,0,0,0,0
-63.3025,-52.2327,1,2016082,-63.3882,-52.2948,0,0,0,0,0,0
-63.4085,-52.4431,1,2016083,-63.36,-52.3146,0,0,0,0,0,0
-63.4085,-52.4431,1,2016084,-63.3406,-52.3282,0,0,0,0,0,0
-63.4502,-52.4215,1,2016085,-63.3333,-52.3333,1,0,0,0,10,2
-63.4833,-52.3065,1,2016086,-63.3388,-52.3213,0,0,0,0,0,0
-63.4833,-52.3065,1,2016087,-63.3531,-52.289,0,0,0,0,0,0
-63.4193,-52.2788,1,2016088,-63.3727,-52.2419,0,0,0,0,0,0
-63.4234,-51.9651,1,2016089,-63.3939,-52.1856,0,0,0,0,0,0
-63.4234,-51.9651,1,2016090,-63.4135,-52.1256,0,0,0,0,0,0
-63.4226,-51.7754,1,2016091,-63.4278,-52.0675,0,0,0,0,0,0
-63.4604,-51.9102,1,2016092,-63.4333,-52.0167,1,0,0,0,10,2
-63.3887,-51.9753,1,2016093,-63.4325,-51.9659,0,0,0,0,0,0
-63.3456,-51.9663,1,2016094,-63.4303,-51.9078,0,0,0,0,0,0
-63.3456,-51.9663,1,2016095,-63.4267,-51.8477,0,0,0,0,0,0
-63.3422,-51.8621,1,2016096,-63.4218,-51.7914,0,0,0,0,0,0
-63.3422,-51.8621,1,2016097,-63.4157,-51.7443,0,0,0,0,0,0
-63.4221,-51.7802,1,2016098,-63.4084,-51.712,0,0,0,0,0,0
-63.351,-51.5672,1,2016099,-63.4,-51.7,1,0,0,0,10,2
-63.2862,-51.5187,1,2016100,-63.3754,-51.7057,0,0,0,0,0,0
-63.2862,-51.5187,1,2016101,-63.3242,-51.7218,0,0,0,0,0,0
-63.2862,-51.5187,1,2016102,-63.2535,-51.7473,0,0,0,0,0,0
-63.1148,-51.7092,1,2016103,-63.1703,-51.7807,0,0,0,0,0,0
-62.9731,-51.8736,1,2016104,-63.0817,-51.821,0,0,0,0,0,0
-62.8961,-51.9803,1,2016105,-62.9948,-51.8667,0,0,0,0,0,0
-62.8065,-52.2701,1,2016106,-62.9167,-51.9167,1,0,0,0,10,2
-62.8065,-52.2701,1,2016107,-62.8465,-52.0039,0,0,0,0,0,0
-62.8065,-52.2701,1,2016108,-62.7775,-52.1484,0,0,0,0,0,0
-62.8065,-52.2701,1,2016109,-62.7082,-52.3298,0,0,0,0,0,0
-62.8065,-52.2701,0,2016110,-62.6373,-52.5278,0,0,0,0,0,0
-62.8065,-52.2701,1,2016111,-62.5633,-52.7218,0,0,0,0,0,0
-62.8065,-52.2701,1,2016112,-62.4847,-52.8916,0,0,0,0,0,0
-62.8065,-52.2701,1,2016113,-62.4,-53.0167,1,0,0,0,10,2
-62.8065,-52.2701,1,2016114,-62.305,-53.1052,0,0,0,0,0,0
-62.8065,-52.2701,1,2016115,-62.199,-53.1813,0,0,0,0,0,0
-62.8065,-52.2701,0,2016116,-62.0857,-53.2485,0,0,0,0,0,0
-62.8065,-52.2701,1,2016117,-61.9687,-53.3104,0,0,0,0,0,0
-62.4879,-52.633,0,2016118,-61.8519,-53.3705,0,0,0,0,0,0
-61.8964,-53.307,0,2016119,-61.7388,-53.4326,0,0,0,0,0,0
-61.5778,-53.6699,1,2016120,-61.6333,-53.5,1,0,0,0,10,2
-61.5778,-53.6699,1,2016121,-61.5277,-53.581,0,0,0,0,0,0
-61.1886,-54.093,1,2016122,-61.4161,-53.6752,0,0,0,0,0,0
-61.1886,-54.093,1,2016123,-61.3046,-53.7733,0,0,0,0,0,0
-61.1886,-54.093,1,2016124,-61.1994,-53.8658,0,0,0,0,0,0
-61.1886,-54.093,1,2016125,-61.1067,-53.9434,0,0,0,0,0,0
-61.1886,-54.093,1,2016126,-61.0326,-53.9968,0,0,0,0,0,0
-61.2288,-54.0866,1,2016127,-60.9833,-54.0167,1,0,0,0,10,2
-61.2288,-54.0866,1,2016128,-60.9531,-54.0167,0,0,0,0,0,0
-61.2288,-54.0866,1,2016129,-60.9304,-54.0167,0,0,0,0,0,0
0,0,0,2016130,-60.9125,-54.0167,0,0,0,0,0,0
-61.2288,-54.0866,1,2016131,-60.8965,-54.0167,0,0,0,0,0,0
-61.2479,-54.083,1,2016132,-60.8799,-54.0167,0,0,0,0,0,0
-61.2545,-54.1218,1,2016133,-60.8597,-54.0167,0,0,0,0,0,0
0,0,0,2016134,-60.8333,-54.0167,1,0,0,0,10,2
0,0,0,2016135,-60.7979,-54.0074,0,0,0,0,0,0
0,0,0,2016136,-60.7539,-53.9815,0,0,0,0,0,0
-61.2545,-54.1218,1,2016137,-60.703,-53.9424,0,0,0,0,0,0
-61.2545,-54.1218,1,2016138,-60.647,-53.8931,0,0,0,0,0,0
-61.2545,-54.1218,1,2016139,-60.5877,-53.837,0,0,0,0,0,0
-61.2545,-54.1218,1,2016140,-60.527,-53.7771,0,0,0,0,0,0
-61.2545,-54.1218,1,2016141,-60.4667,-53.7167,1,0,0,0,10,2
-61.2545,-54.1218,1,2016142,-60.4076,-53.6526,0,0,0,0,0,0
-61.2545,-54.1218,1,2016143,-60.3483,-53.5789,0,0,0,0,0,0
-61.2545,-54.1218,1,2016144,-60.2869,-53.4946,0,0,0,0,0,0
-61.2545,-54.1218,1,2016145,-60.2215,-53.3989,0,0,0,0,0,0
-61.2545,-54.1218,1,2016146,-60.1503,-53.2907,0,0,0,0,0,0
-61.2545,-54.1218,1,2016147,-60.0716,-53.1691,0,0,0,0,0,0
-61.2545,-54.1218,1,2016148,-59.9833,-53.0333,1,0,0,0,10,2
-61.2545,-54.1218,1,2016149,-59.8731,-52.8286,0,0,0,0,0,0
-61.2545,-54.1218,1,2016150,-59.7359,-52.5299,0,0,0,0,0,0
-61.2545,-54.1218,1,2016151,-59.5809,-52.1809,0,0,0,0,0,0
-61.2545,-54.1218,1,2016152,-59.4173,-51.8249,0,0,0,0,0,0
-61.2545,-54.1218,1,2016153,-59.2542,-51.5054,0,0,0,0,0,0
-61.2545,-54.1218,1,2016154,-59.101,-51.2659,0,0,0,0,0,0
0,0,0,2016155,-58.9667,-51.15,1,0,0,0,10,2
-61.2545,-54.1218,1,2016156,-58.853,-51.1173,0,0,0,0,0,0
-61.2545,-54.1218,1,2016157,-58.7518,-51.0957,0,0,0,0,0,0
-61.2545,-54.1218,1,2016158,-58.6572,-51.0808,0,0,0,0,0,0
-61.2545,-54.1218,1,2016159,-58.5638,-51.0681,0,0,0,0,0,0
-61.2545,-54.1218,1,2016160,-58.4657,-51.0534,0,0,0,0,0,0
-61.2545,-54.1218,1,2016161,-58.3574,-51.0321,0,0,0,0,0,0
0,0,0,2016162,-58.2333,-51,1,0,0,0,10,2
-61.2545,-54.1218,1,2016163,-58.0863,-50.9172,0,0,0,0,0,0
-61.2545,-54.1218,1,2016164,-57.917,-50.7588,0,0,0,0,0,0
-61.2545,-54.1218,1,2016165,-57.7311,-50.543,0,0,0,0,0,0
0,0,0,2016166,-57.5341,-50.2879,0,0,0,0,0,0
0,0,0,2016167,-57.3317,-50.0114,0,0,0,0,0,0
0,0,0,2016168,-57.1296,-49.7316,0,0,0,0,0,0
0,0,0,2016169,-56.9333,-49.4667,1,0,0,0,10,2
0,0,0,2016170,-56.7225,-49.2068,0,0,0,0,0,0
0,0,0,2016171,-56.4855,-48.9315,0,0,0,0,0,0
0,0,0,2016172,-56.2406,-48.643,0,0,0,0,0,0
0,0,0,2016173,-56.0062,-48.3434,0,0,0,0,0,0
0,0,0,2016174,-55.8007,-48.0349,0,0,0,0,0,0
0,0,0,2016175,-55.6425,-47.7197,0,0,0,0,0,0
0,0,0,2016176,-55.55,-47.4,1,0,0,0,10,2
0,0,0,2016177,-55.505,-47.0678,0,0,0,0,0,0
0,0,0,2016178,-55.4736,-46.7182,0,0,0,0,0,0
0,0,0,2016179,-55.4504,-46.3575,0,0,0,0,0,0
0,0,0,2016180,-55.4301,-45.9923,0,0,0,0,0,0
0,0,0,2016181,-55.4073,-45.6288,0,0,0,0,0,0
-60.3979,-45.4877,1,2016182,-55.3768,-45.2737,0,0,0,0,0,0
-55.6341,-44.4746,1,2016183,-55.3333,-44.9333,1,0,0,0,10,2
-55.3012,-44.943,1,2016184,-55.2334,-44.5692,0,0,0,0,0,0
-55.3012,-44.943,0,2016185,-55.059,-44.1628,0,0,0,0,0,0
-55.3012,-44.943,1,2016186,-54.843,-43.7498,0,0,0,0,0,0
-55.3012,-44.943,0,2016187,-54.6181,-43.3662,0,0,0,0,0,0
-55.3012,-44.943,1,2016188,-54.4169,-43.0478,0,0,0,0,0,0
-55.3012,-44.943,1,2016189,-54.2722,-42.8304,0,0,0,0,0,0
-55.3012,-44.943,1,2016190,-54.2167,-42.75,1,0,0,0,10,2
-54.223,-42.9377,1,2016191,-54.2472,-42.7694,0,0,0,0,0,0
-54.223,-42.9377,1,2016192,-54.3257,-42.8194,0,0,0,0,0,0
-54.223,-42.9377,1,2016193,-54.4332,-42.8878,0,0,0,0,0,0
-54.223,-42.9377,0,2016194,-54.5502,-42.9622,0,0,0,0,0,0
-54.223,-42.9377,0,2016195,-54.6577,-43.0306,0,0,0,0,0,0
-54.223,-42.9377,1,2016196,-54.7362,-43.0806,0,0,0,0,0,0
-54.7815,-43.1232,1,2016197,-54.7667,-43.1,1,0,0,0,10,2
-54.5429,-42.5873,1,2016198,0,0,0,0,0,0,0,0
-54.362,-42.0482,1,2016199,0,0,0,0,0,0,0,0
-54.1972,-41.9879,1,2016200,0,0,0,0,0,0,0,0
-54.0084,-42.4447,1,2016201,0,0,0,0,0,0,0,0
-55.8203,-42.6065,1,2016202,0,0,0,0,0,0,0,0
-55.8623,-42.568,1,2016203,0,0,0,0,0,0,0,0
-55.7753,-42.4831,1,2016204,0,0,0,0,0,0,0,0
-55.3923,-42.0015,1,2016205,0,0,0,0,0,0,0,0
-55.3899,-42.0271,1,2016206,0,0,0,0,0,0,0,0
-55.2141,-41.9189,1,2016207,0,0,0,0,0,0,0,0
-55.071,-42.0806,1,2016208,0,0,0,0,0,0,0,0
-54.9334,-42.1739,1,2016209,0,0,0,0,0,0,0,0
-54.7235,-42.1115,1,2016210,0,0,0,0,0,0,0,0
-54.1965,-43.1017,1,2016211,-54.1833,-43.0667,1,0,0,0,5,2
-54.2443,-43.1569,1,2016212,0,0,0,0,0,0,0,0
-54.2312,-42.9654,1,2016213,0,0,0,0,0,0,0,0
