date,nic_1,nic_2,nic_3,qscat_1,qscat_2,qscat_3,seawinds_1,seawinds_2,seawinds_3,size_1,size_2
2000310,-67.7,147.6,1,0,0,0,0,0,0,7,7
2000311,-67.7,147.6,0,0,0,0,0,0,0,0,0
2000312,-67.7,147.6,0,0,0,0,0,0,0,0,0
2000313,-67.7,147.6,0,0,0,0,0,0,0,0,0
2000314,-67.7,147.6,0,0,0,0,0,0,0,0,0
2000315,-67.7,147.6,0,0,0,0,0,0,0,0,0
2000316,-67.7,147.6,0,0,0,0,0,0,0,0,0
2000317,-67.7,147.6,1,0,0,0,0,0,0,7,7
2000318,-67.7,147.6,0,0,0,0,0,0,0,0,0
2000319,-67.7,147.6,0,0,0,0,0,0,0,0,0
2000320,-67.7,147.6,0,0,0,0,0,0,0,0,0
2000321,-67.7,147.6,0,0,0,0,0,0,0,0,0
2000322,-67.7,147.6,0,0,0,0,0,0,0,0,0
2000323,-67.7,147.6,0,0,0,0,0,0,0,0,0
2000324,-67.7,147.6,1,0,0,0,0,0,0,7,7
2000331,0,0,0,-67.7,147.6,1,0,0,0,0,0
2000332,0,0,0,-67.7,147.6,1,0,0,0,0,0
2000333,0,0,0,-67.7,147.6,1,0,0,0,0,0
2000334,0,0,0,-67.7,147.6,1,0,0,0,0,0
2000335,0,0,0,-67.7,147.6,1,0,0,0,0,0
2000336,0,0,0,-67.7,147.6,1,0,0,0,0,0
2000337,0,0,0,-67.7,147.6,1,0,0,0,0,0
2000338,0,0,0,-67.7,147.6,1,0,0,0,0,0
2000339,0,0,0,-67.7,147.6,1,0,0,0,0,0
2000340,0,0,0,-67.7,147.6,1,0,0,0,0,0
2000341,0,0,0,-67.7,147.6,1,0,0,0,0,0
2000342,0,0,0,-67.7,147.6,1,0,0,0,0,0
2000343,0,0,0,-67.7,147.6,1,0,0,0,0,0
2000344,0,0,0,-67.7,147.6,1,0,0,0,0,0
2000345,0,0,0,-67.7,147.6,1,0,0,0,0,0
2000346,0,0,0,-67.7,147.6,1,0,0,0,0,0
2000347,0,0,0,-67.7,147.6,1,0,0,0,0,0
2000348,0,0,0,-67.7,147.6,1,0,0,0,0,0
2000349,0,0,0,-67.7,147.6,1,0,0,0,0,0
2000350,0,0,0,-67.7,147.6,1,0,0,0,0,0
2000351,0,0,0,-67.7,147.6,1,0,0,0,0,0
2000352,0,0,0,-67.7,147.6,1,0,0,0,0,0
2000353,0,0,0,-67.7,147.6,1,0,0,0,0,0
2000354,0,0,0,-67.7,147.6,1,0,0,0,0,0
2000355,0,0,0,-67.7,147.6,1,0,0,0,0,0
2000356,0,0,0,-67.7,147.6,1,0,0,0,0,0
2000357,0,0,0,-67.7,147.6,1,0,0,0,0,0
2000358,0,0,0,-67.7,147.6,1,0,0,0,0,0
2000359,0,0,0,-67.7,147.6,1,0,0,0,0,0
2000360,0,0,0,-67.7,147.6,1,0,0,0,0,0
2000361,0,0,0,-67.7,147.6,1,0,0,0,0,0
2000362,0,0,0,-67.7,147.6,1,0,0,0,0,0
2000363,0,0,0,-67.7,147.6,1,0,0,0,0,0
2000364,0,0,0,-67.7,147.6,1,0,0,0,0,0
2000365,0,0,0,-67.7,147.6,1,0,0,0,0,0
2000366,0,0,0,-67.7,147.6,1,0,0,0,0,0
2001001,0,0,0,-67.7,147.6,1,0,0,0,0,0
2001002,0,0,0,-67.7,147.6,1,0,0,0,0,0
2001003,0,0,0,-67.7,147.6,1,0,0,0,0,0
2001004,0,0,0,-67.7,147.6,1,0,0,0,0,0
2001005,0,0,0,-67.7,147.6,1,0,0,0,0,0
2001006,0,0,0,-67.7,147.6,1,0,0,0,0,0
2001007,0,0,0,-67.7,147.6,1,0,0,0,0,0
2001008,0,0,0,-67.7,147.6,1,0,0,0,0,0
2001009,0,0,0,-67.7,147.6,1,0,0,0,0,0
2001010,0,0,0,-67.7,147.6,1,0,0,0,0,0
2001011,0,0,0,-67.7,147.6,1,0,0,0,0,0
2001012,0,0,0,-67.7,147.6,1,0,0,0,0,0
2001013,0,0,0,-67.7,147.6,1,0,0,0,0,0
2001014,0,0,0,-67.7,147.6,1,0,0,0,0,0
2001015,0,0,0,-67.7,147.6,1,0,0,0,0,0
2001016,0,0,0,-67.7,147.6,1,0,0,0,0,0
2001017,0,0,0,-67.7,147.6,1,0,0,0,0,0
2001018,0,0,0,-67.7,147.6,1,0,0,0,0,0
2001019,0,0,0,-67.7,147.6,1,0,0,0,0,0
2001020,0,0,0,-67.7,147.6,1,0,0,0,0,0
2001021,-67.7,147.6,1,-67.7,147.6,1,0,0,0,7,7
2001022,0,0,0,-67.7,147.6,1,0,0,0,0,0
2001023,0,0,0,-67.7,147.6,1,0,0,0,0,0
2001024,0,0,0,-67.7,147.6,1,0,0,0,0,0
2001025,0,0,0,-67.7,147.6,1,0,0,0,0,0
2001026,0,0,0,-67.7,147.6,1,0,0,0,0,0
2001027,0,0,0,-67.7,147.6,1,0,0,0,0,0
2001028,0,0,0,-67.7,147.6,1,0,0,0,0,0
2001029,0,0,0,-67.7,147.6,1,0,0,0,0,0
2001030,0,0,0,-67.7,147.6,1,0,0,0,0,0
2001031,0,0,0,-67.7,147.6,1,0,0,0,0,0
2001032,0,0,0,-67.7,147.6,1,0,0,0,0,0
2001033,0,0,0,-67.7,147.6,1,0,0,0,0,0
2001034,0,0,0,-67.7,147.6,1,0,0,0,0,0
2001035,0,0,0,-67.7,147.6,1,0,0,0,0,0
2001036,0,0,0,-67.7,147.6,1,0,0,0,0,0
2001037,0,0,0,-67.7,147.6,1,0,0,0,0,0
2001038,0,0,0,-67.7,147.6,1,0,0,0,0,0
2001039,0,0,0,-67.7,147.6,1,0,0,0,0,0
2001040,0,0,0,-67.7,147.6,1,0,0,0,0,0
2001041,0,0,0,-67.7,147.6,1,0,0,0,0,0
2001042,0,0,0,-67.7,147.6,1,0,0,0,0,0
2001043,0,0,0,-67.7,147.6,1,0,0,0,0,0
2001044,0,0,0,-67.7,147.6,1,0,0,0,0,0
2001045,0,0,0,-67.7,147.6,1,0,0,0,0,0
2001046,0,0,0,-67.7,147.6,1,0,0,0,0,0
2001047,0,0,0,-67.7,147.6,1,0,0,0,0,0
2001048,0,0,0,-67.7,147.6,1,0,0,0,0,0
2001049,-67.7,147.6,1,-67.7,147.6,1,0,0,0,7,7
2001050,0,0,0,-67.7,147.6,1,0,0,0,0,0
2001051,0,0,0,-67.7,147.6,1,0,0,0,0,0
2001052,0,0,0,-67.7,147.6,1,0,0,0,0,0
2001053,0,0,0,-67.7,147.6,1,0,0,0,0,0
2001054,0,0,0,-67.7,147.6,1,0,0,0,0,0
2001055,0,0,0,-67.7,147.6,1,0,0,0,0,0
2001056,0,0,0,-67.7,147.6,1,0,0,0,0,0
2001057,0,0,0,-67.7,147.6,1,0,0,0,0,0
2001058,0,0,0,-67.7,147.6,1,0,0,0,0,0
2001059,0,0,0,-67.7,147.6,1,0,0,0,0,0
2001060,0,0,0,-67.7,147.6,1,0,0,0,0,0
2001061,0,0,0,-67.7,147.6,1,0,0,0,0,0
2001062,0,0,0,-67.7,147.6,1,0,0,0,0,0
2001063,0,0,0,-67.7,147.6,1,0,0,0,0,0
2001064,0,0,0,-67.7,147.6,1,0,0,0,0,0
2001065,0,0,0,-67.7,147.6,1,0,0,0,0,0
2001066,0,0,0,-67.7,147.6,1,0,0,0,0,0
2001067,0,0,0,-67.7,147.6,1,0,0,0,0,0
2001068,0,0,0,-67.7,147.6,1,0,0,0,0,0
2001069,0,0,0,-67.7,147.6,1,0,0,0,0,0
2001070,0,0,0,-67.7,147.6,1,0,0,0,0,0
2001071,0,0,0,-67.7,147.6,1,0,0,0,0,0
2001072,0,0,0,-67.7,147.6,1,0,0,0,0,0
2001073,0,0,0,-67.7,147.6,1,0,0,0,0,0
2001074,0,0,0,-67.7,147.6,1,0,0,0,0,0
2001075,0,0,0,-67.7,147.6,1,0,0,0,0,0
2001076,0,0,0,-67.7,147.6,1,0,0,0,0,0
2001077,0,0,0,-67.7,147.6,1,0,0,0,0,0
2001078,0,0,0,-67.7,147.6,1,0,0,0,0,0
2001079,0,0,0,-67.7,147.6,1,0,0,0,0,0
2001080,0,0,0,-67.7,147.6,1,0,0,0,0,0
2001081,0,0,0,-67.7,147.6,1,0,0,0,0,0
2001082,0,0,0,-67.7,147.6,1,0,0,0,0,0
2001083,0,0,0,-67.7,147.6,1,0,0,0,0,0
2001084,0,0,0,-67.7,147.6,1,0,0,0,0,0
2001085,0,0,0,-67.7,147.6,1,0,0,0,0,0
2001086,0,0,0,-67.7,147.6,1,0,0,0,0,0
2001087,0,0,0,-67.7,147.6,1,0,0,0,0,0
2001088,0,0,0,-67.7,147.6,1,0,0,0,0,0
2001089,0,0,0,-67.7,147.6,1,0,0,0,0,0
2001090,0,0,0,-67.7,147.6,1,0,0,0,0,0
2001091,0,0,0,-67.7,147.6,1,0,0,0,0,0
2001092,0,0,0,-67.7,147.6,1,0,0,0,0,0
2001093,0,0,0,-67.7,147.6,1,0,0,0,0,0
2001094,0,0,0,-67.7,147.6,1,0,0,0,0,0
2001095,0,0,0,-67.7,147.6,1,0,0,0,0,0
2001096,0,0,0,-67.7,147.6,1,0,0,0,0,0
2001097,0,0,0,-67.7,147.6,1,0,0,0,0,0
2001098,0,0,0,-67.7,147.6,1,0,0,0,0,0
2001099,0,0,0,-67.7,147.6,1,0,0,0,0,0
2001100,0,0,0,-67.7,147.6,1,0,0,0,0,0
2001101,0,0,0,-67.7,147.6,1,0,0,0,0,0
2001102,0,0,0,-67.7,147.6,1,0,0,0,0,0
2001103,0,0,0,-67.7,147.6,1,0,0,0,0,0
2001104,0,0,0,-67.7,147.6,1,0,0,0,0,0
2001105,0,0,0,-67.7,147.6,1,0,0,0,0,0
2001106,0,0,0,-67.7,147.6,1,0,0,0,0,0
2001107,0,0,0,-67.7,147.6,1,0,0,0,0,0
2001108,0,0,0,-67.7,147.6,1,0,0,0,0,0
2001109,0,0,0,-67.7,147.6,1,0,0,0,0,0
2001110,0,0,0,-67.7,147.6,1,0,0,0,0,0
2001111,0,0,0,-67.7,147.6,1,0,0,0,0,0
2001112,0,0,0,-67.7,147.6,1,0,0,0,0,0
2001113,0,0,0,-67.7,147.6,1,0,0,0,0,0
2001114,0,0,0,-67.7,147.6,1,0,0,0,0,0
2001115,0,0,0,-67.7,147.6,1,0,0,0,0,0
2001116,0,0,0,-67.7,147.6,1,0,0,0,0,0
2001117,0,0,0,-67.7,147.6,1,0,0,0,0,0
2001118,0,0,0,-67.7,147.6,1,0,0,0,0,0
2001119,0,0,0,-67.7,147.6,1,0,0,0,0,0
2001120,0,0,0,-67.7,147.6,1,0,0,0,0,0
2001121,0,0,0,-67.7,147.6,1,0,0,0,0,0
2001122,0,0,0,-67.7,147.6,1,0,0,0,0,0
2001123,0,0,0,-67.7,147.6,1,0,0,0,0,0
2001124,0,0,0,-67.7,147.6,1,0,0,0,0,0
2001125,0,0,0,-67.7,147.6,1,0,0,0,0,0
2001126,0,0,0,-67.7,147.6,1,0,0,0,0,0
2001127,0,0,0,-67.7,147.6,1,0,0,0,0,0
2001128,0,0,0,-67.7,147.6,1,0,0,0,0,0
2001129,0,0,0,-67.7,147.6,1,0,0,0,0,0
2001130,0,0,0,-67.7,147.6,1,0,0,0,0,0
2001131,0,0,0,-67.7,147.6,1,0,0,0,0,0
2001132,0,0,0,-67.7,147.6,0,0,0,0,0,0
2001133,0,0,0,-67.7,147.6,0,0,0,0,0,0
2001134,0,0,0,-67.7,147.6,1,0,0,0,0,0
2001135,0,0,0,-67.7,147.6,1,0,0,0,0,0
2001136,0,0,0,-67.7,147.6,1,0,0,0,0,0
2001137,0,0,0,-67.7,147.6,1,0,0,0,0,0
2001138,0,0,0,-67.7,147.6,1,0,0,0,0,0
2001139,0,0,0,-67.7,147.6,1,0,0,0,0,0
2001140,0,0,0,-67.7,147.6,1,0,0,0,0,0
2001141,0,0,0,-67.7,147.6,1,0,0,0,0,0
2001142,0,0,0,-67.7,147.6,1,0,0,0,0,0
2001143,0,0,0,-67.7,147.6,1,0,0,0,0,0
2001144,0,0,0,-67.7,147.6,1,0,0,0,0,0
2001145,0,0,0,-67.7,147.6,1,0,0,0,0,0
2001146,0,0,0,-67.7,147.6,1,0,0,0,0,0
2001147,0,0,0,-67.7,147.6,1,0,0,0,0,0
2001148,0,0,0,-67.7,147.6,1,0,0,0,0,0
2001149,0,0,0,-67.7,147.6,1,0,0,0,0,0
2001150,0,0,0,-67.7,147.6,1,0,0,0,0,0
2001151,0,0,0,-67.7,147.6,1,0,0,0,0,0
2001152,0,0,0,-67.7,147.6,1,0,0,0,0,0
2001153,0,0,0,-67.7,147.6,1,0,0,0,0,0
2001154,0,0,0,-67.7,147.6,1,0,0,0,0,0
2001155,0,0,0,-67.7,147.6,1,0,0,0,0,0
2001156,0,0,0,-67.7,147.6,1,0,0,0,0,0
2001157,0,0,0,-67.7,147.6,1,0,0,0,0,0
2001158,0,0,0,-67.7,147.6,1,0,0,0,0,0
2001159,0,0,0,-67.7,147.6,1,0,0,0,0,0
2001160,0,0,0,-67.7,147.6,1,0,0,0,0,0
2001161,0,0,0,-67.7,147.6,1,0,0,0,0,0
2001162,0,0,0,-67.7,147.6,1,0,0,0,0,0
2001163,0,0,0,-67.7,147.6,1,0,0,0,0,0
2001164,0,0,0,-67.7,147.6,1,0,0,0,0,0
2001165,0,0,0,-67.7,147.6,1,0,0,0,0,0
2001166,0,0,0,-67.7,147.6,1,0,0,0,0,0
2001167,0,0,0,-67.7,147.6,1,0,0,0,0,0
2001168,0,0,0,-67.7,147.6,1,0,0,0,0,0
2001169,0,0,0,-67.7,147.6,1,0,0,0,0,0
2001170,0,0,0,-67.7,147.6,1,0,0,0,0,0
2001171,0,0,0,-67.7,147.6,1,0,0,0,0,0
2001172,0,0,0,-67.7,147.6,1,0,0,0,0,0
2001173,0,0,0,-67.7,147.6,1,0,0,0,0,0
2001174,0,0,0,-67.7,147.6,1,0,0,0,0,0
2001175,0,0,0,-67.7,147.6,1,0,0,0,0,0
2001176,0,0,0,-67.7,147.6,1,0,0,0,0,0
2001177,0,0,0,-67.7,147.6,1,0,0,0,0,0
2001178,0,0,0,-67.7,147.6,1,0,0,0,0,0
2001179,0,0,0,-67.7,147.6,1,0,0,0,0,0
2001180,0,0,0,-67.7,147.6,1,0,0,0,0,0
2001181,0,0,0,-67.7,147.6,1,0,0,0,0,0
2001182,0,0,0,-67.7,147.6,1,0,0,0,0,0
2001183,0,0,0,-67.7,147.6,1,0,0,0,0,0
2001184,0,0,0,-67.7,147.6,1,0,0,0,0,0
2001185,0,0,0,-67.7,147.6,1,0,0,0,0,0
2001186,0,0,0,-67.7,147.6,1,0,0,0,0,0
2001187,0,0,0,-67.7,147.6,1,0,0,0,0,0
2001188,0,0,0,-67.7,147.6,0,0,0,0,0,0
2001189,0,0,0,-67.7,147.6,0,0,0,0,0,0
2001190,0,0,0,-67.7,147.6,1,0,0,0,0,0
2001191,0,0,0,-67.7,147.6,1,0,0,0,0,0
2001192,0,0,0,-67.7,147.6,1,0,0,0,0,0
2001193,0,0,0,-67.7,147.6,1,0,0,0,0,0
2001194,0,0,0,-67.7,147.6,1,0,0,0,0,0
2001195,0,0,0,-67.7,147.6,1,0,0,0,0,0
2001196,0,0,0,-67.7,147.6,1,0,0,0,0,0
2001197,0,0,0,-67.7,147.6,1,0,0,0,0,0
2001198,0,0,0,-67.7,147.6,1,0,0,0,0,0
2001199,0,0,0,-67.7,147.6,1,0,0,0,0,0
2001200,0,0,0,-67.7,147.6,1,0,0,0,0,0
2001201,0,0,0,-67.7,147.6,1,0,0,0,0,0
2001202,0,0,0,-67.7,147.6,1,0,0,0,0,0
2001203,0,0,0,-67.7,147.6,1,0,0,0,0,0
2001204,0,0,0,-67.7,147.6,1,0,0,0,0,0
2001205,0,0,0,-67.7,147.6,1,0,0,0,0,0
2001206,0,0,0,-67.7,147.6,1,0,0,0,0,0
2001207,0,0,0,-67.7,147.6,1,0,0,0,0,0
2001208,0,0,0,-67.7,147.6,1,0,0,0,0,0
2001209,0,0,0,-67.7,147.6,1,0,0,0,0,0
2001210,0,0,0,-67.7,147.6,1,0,0,0,0,0
2001211,0,0,0,-67.7,147.6,1,0,0,0,0,0
2001212,0,0,0,-67.7,147.6,1,0,0,0,0,0
2001213,0,0,0,-67.7,147.6,1,0,0,0,0,0
2001214,0,0,0,-67.7,147.6,1,0,0,0,0,0
2001215,0,0,0,-67.7,147.6,1,0,0,0,0,0
2001216,0,0,0,-67.7,147.6,1,0,0,0,0,0
2001217,0,0,0,-67.7,147.6,1,0,0,0,0,0
2001218,0,0,0,-67.7,147.6,1,0,0,0,0,0
2001219,0,0,0,-67.7,147.6,1,0,0,0,0,0
2001220,0,0,0,-67.7,147.6,1,0,0,0,0,0
2001221,0,0,0,-67.7,147.6,1,0,0,0,0,0
2001222,0,0,0,-67.7,147.6,1,0,0,0,0,0
2001223,0,0,0,-67.7,147.6,1,0,0,0,0,0
2001224,0,0,0,-67.7,147.6,1,0,0,0,0,0
2001225,0,0,0,-67.7,147.6,1,0,0,0,0,0
2001226,0,0,0,-67.7,147.6,1,0,0,0,0,0
2001227,0,0,0,-67.7,147.6,1,0,0,0,0,0
2001228,0,0,0,-67.7,147.6,1,0,0,0,0,0
2001229,0,0,0,-67.7,147.6,1,0,0,0,0,0
2001230,0,0,0,-67.7,147.6,1,0,0,0,0,0
2001231,0,0,0,-67.7,147.6,1,0,0,0,0,0
2001232,0,0,0,-67.7,147.6,1,0,0,0,0,0
2001233,0,0,0,-67.7,147.6,1,0,0,0,0,0
2001234,0,0,0,-67.7,147.6,1,0,0,0,0,0
2001235,0,0,0,-67.7,147.6,1,0,0,0,0,0
2001236,0,0,0,-67.7,147.6,1,0,0,0,0,0
2001237,0,0,0,-67.7,147.6,1,0,0,0,0,0
2001238,0,0,0,-67.7,147.6,1,0,0,0,0,0
2001239,0,0,0,-67.7,147.6,1,0,0,0,0,0
2001240,0,0,0,-67.7,147.6,1,0,0,0,0,0
2001241,0,0,0,-67.7,147.6,1,0,0,0,0,0
2001242,0,0,0,-67.7,147.6,1,0,0,0,0,0
2001243,0,0,0,-67.7,147.6,1,0,0,0,0,0
2001244,0,0,0,-67.7,147.6,1,0,0,0,0,0
2001245,0,0,0,-67.7,147.6,1,0,0,0,0,0
2001246,0,0,0,-67.7,147.6,1,0,0,0,0,0
2001247,0,0,0,-67.7,147.6,1,0,0,0,0,0
2001248,0,0,0,-67.7,147.6,1,0,0,0,0,0
2001249,0,0,0,-67.7,147.6,1,0,0,0,0,0
2001250,0,0,0,-67.7,147.6,1,0,0,0,0,0
2001251,0,0,0,-67.7,147.6,1,0,0,0,0,0
2001252,0,0,0,-67.7,147.6,1,0,0,0,0,0
2001253,0,0,0,-67.7,147.6,1,0,0,0,0,0
2001254,0,0,0,-67.7,147.6,1,0,0,0,0,0
2001255,0,0,0,-67.7,147.6,1,0,0,0,0,0
2001256,0,0,0,-67.7,147.6,1,0,0,0,0,0
2001257,0,0,0,-67.7,147.6,1,0,0,0,0,0
2001258,0,0,0,-67.7,147.6,1,0,0,0,0,0
2001259,0,0,0,-67.7,147.6,1,0,0,0,0,0
2001260,0,0,0,-67.7,147.6,1,0,0,0,0,0
2001261,0,0,0,-67.7,147.6,1,0,0,0,0,0
2001262,0,0,0,-67.7,147.6,1,0,0,0,0,0
2001263,0,0,0,-67.7,147.6,1,0,0,0,0,0
2001264,0,0,0,-67.7,147.6,1,0,0,0,0,0
2001265,0,0,0,-67.7,147.6,1,0,0,0,0,0
2001266,0,0,0,-67.7,147.6,1,0,0,0,0,0
2001267,0,0,0,-67.7,147.6,1,0,0,0,0,0
2001268,0,0,0,-67.7,147.6,1,0,0,0,0,0
2001269,0,0,0,-67.7,147.6,1,0,0,0,0,0
2001270,0,0,0,-67.7,147.6,1,0,0,0,0,0
2001271,0,0,0,-67.7,147.6,1,0,0,0,0,0
2001272,0,0,0,-67.7,147.6,1,0,0,0,0,0
2001273,0,0,0,-67.7,147.6,1,0,0,0,0,0
2001274,0,0,0,-67.7,147.6,1,0,0,0,0,0
2001275,0,0,0,-67.7,147.6,1,0,0,0,0,0
2001276,0,0,0,-67.7,147.6,1,0,0,0,0,0
2001277,0,0,0,-67.7,147.6,1,0,0,0,0,0
2001278,0,0,0,-67.7,147.6,1,0,0,0,0,0
2001279,0,0,0,-67.7,147.6,1,0,0,0,0,0
2001280,0,0,0,-67.7,147.6,1,0,0,0,0,0
2001281,0,0,0,-67.7,147.6,1,0,0,0,0,0
2001282,0,0,0,-67.7,147.6,1,0,0,0,0,0
2001283,0,0,0,-67.7,147.6,1,0,0,0,0,0
2001284,0,0,0,-67.7,147.6,1,0,0,0,0,0
2001285,0,0,0,-67.7,147.6,1,0,0,0,0,0
2001286,0,0,0,-67.7,147.6,1,0,0,0,0,0
2001287,0,0,0,-67.7,147.6,1,0,0,0,0,0
2001288,0,0,0,-67.7,147.6,1,0,0,0,0,0
2001289,0,0,0,-67.7,147.6,1,0,0,0,0,0
2001290,0,0,0,-67.7,147.6,1,0,0,0,0,0
2001291,0,0,0,-67.7,147.6,1,0,0,0,0,0
2001292,0,0,0,-67.7,147.6,1,0,0,0,0,0
2001293,0,0,0,-67.7,147.6,1,0,0,0,0,0
2001294,0,0,0,-67.7,147.6,1,0,0,0,0,0
2001295,0,0,0,-67.7,147.6,1,0,0,0,0,0
2001296,0,0,0,-67.7,147.6,1,0,0,0,0,0
2001297,0,0,0,-67.7,147.6,1,0,0,0,0,0
2001298,0,0,0,-67.7,147.6,1,0,0,0,0,0
2001299,0,0,0,-67.7,147.6,1,0,0,0,0,0
2001300,0,0,0,-67.7,147.6,1,0,0,0,0,0
2001301,0,0,0,-67.7,147.6,1,0,0,0,0,0
2001302,0,0,0,-67.7,147.6,1,0,0,0,0,0
2001303,0,0,0,-67.7,147.6,1,0,0,0,0,0
2001304,0,0,0,-67.7,147.6,1,0,0,0,0,0
2001305,0,0,0,-67.7,147.6,1,0,0,0,0,0
2001306,0,0,0,-67.7,147.6,1,0,0,0,0,0
2001307,0,0,0,-67.7,147.6,1,0,0,0,0,0
2001308,0,0,0,-67.7,147.6,1,0,0,0,0,0
2001309,0,0,0,-67.7,147.6,1,0,0,0,0,0
2001310,0,0,0,-67.7,147.6,1,0,0,0,0,0
2001311,0,0,0,-67.7,147.6,1,0,0,0,0,0
2001312,0,0,0,-67.7,147.6,1,0,0,0,0,0
2001313,0,0,0,-67.7,147.6,1,0,0,0,0,0
2001314,0,0,0,-67.7,147.6,1,0,0,0,0,0
2001315,-67.7,147.5,1,-67.7,147.6,1,0,0,0,7,7
2001316,0,0,0,-67.7,147.6,1,0,0,0,0,0
2001317,0,0,0,-67.7,147.6,1,0,0,0,0,0
2001318,0,0,0,-67.7,147.6,1,0,0,0,0,0
2001319,0,0,0,-67.7,147.6,1,0,0,0,0,0
2001320,0,0,0,-67.7,147.6,1,0,0,0,0,0
2001321,0,0,0,-67.7,147.6,1,0,0,0,0,0
2001322,0,0,0,-67.7,147.6,0,0,0,0,0,0
2001323,0,0,0,-67.7,147.6,1,0,0,0,0,0
2001324,0,0,0,-67.7,147.6,1,0,0,0,0,0
2001325,0,0,0,-67.7,147.6,1,0,0,0,0,0
2001326,0,0,0,-67.7,147.6,1,0,0,0,0,0
2001327,0,0,0,-67.7,147.6,1,0,0,0,0,0
2001328,0,0,0,-67.7,147.6,1,0,0,0,0,0
2001329,0,0,0,-67.7,147.6,1,0,0,0,0,0
2001330,0,0,0,-67.7,147.6,1,0,0,0,0,0
2001331,0,0,0,-67.7,147.6,1,0,0,0,0,0
2001332,0,0,0,-67.7,147.6,1,0,0,0,0,0
2001333,0,0,0,-67.7,147.6,1,0,0,0,0,0
2001334,0,0,0,-67.7,147.6,1,0,0,0,0,0
2001335,0,0,0,-67.7,147.6,1,0,0,0,0,0
2001336,-67.7,147.5,1,-67.7,147.6,1,0,0,0,7,7
2001337,-67.7,147.5055,0,-67.7,147.6,1,0,0,0,0,0
2001338,-67.7,147.5198,0,-67.7,147.6,1,0,0,0,0,0
2001339,-67.7,147.5394,0,-67.7,147.6,1,0,0,0,0,0
2001340,-67.7,147.5606,0,-67.7,147.6,1,0,0,0,0,0
2001341,-67.7,147.5802,0,-67.7,147.6,1,0,0,0,0,0
2001342,-67.7,147.5945,0,-67.7,147.6,1,0,0,0,0,0
2001343,-67.7,147.6,1,-67.7,147.6,1,0,0,0,7,7
2001344,0,0,0,-67.7,147.6,1,0,0,0,0,0
2001345,0,0,0,-67.7,147.6,1,0,0,0,0,0
2001346,0,0,0,-67.7,147.6,1,0,0,0,0,0
2001347,0,0,0,-67.7,147.6,1,0,0,0,0,0
2001348,0,0,0,-67.7,147.6,1,0,0,0,0,0
2001349,0,0,0,-67.7,147.6,1,0,0,0,0,0
2001350,0,0,0,-67.7,147.6,1,0,0,0,0,0
2001351,0,0,0,-67.7,147.6,1,0,0,0,0,0
2001352,0,0,0,-67.7,147.6,1,0,0,0,0,0
2001353,0,0,0,-67.7,147.6,1,0,0,0,0,0
2001354,0,0,0,-67.7,147.6,1,0,0,0,0,0
2001355,0,0,0,-67.7,147.6,1,0,0,0,0,0
2001356,0,0,0,-67.7,147.6,1,0,0,0,0,0
2001357,0,0,0,-67.7,147.6,1,0,0,0,0,0
2001358,0,0,0,-67.7,147.6,1,0,0,0,0,0
2001359,0,0,0,-67.7,147.6,1,0,0,0,0,0
2001360,0,0,0,-67.7,147.6,1,0,0,0,0,0
2001361,0,0,0,-67.7,147.6,1,0,0,0,0,0
2001362,0,0,0,-67.7,147.6,1,0,0,0,0,0
2001363,0,0,0,-67.7,147.6,1,0,0,0,0,0
2001364,0,0,0,-67.7,147.6,1,0,0,0,0,0
2001365,0,0,0,-67.7,147.6,1,0,0,0,0,0
2002001,0,0,0,-67.7,147.6,1,0,0,0,0,0
2002002,0,0,0,-67.7,147.6,1,0,0,0,0,0
2002003,0,0,0,-67.7,147.6,1,0,0,0,0,0
2002004,0,0,0,-67.7,147.6,1,0,0,0,0,0
2002005,0,0,0,-67.7,147.6,1,0,0,0,0,0
2002006,0,0,0,-67.7,147.6,1,0,0,0,0,0
2002007,0,0,0,-67.7,147.6,1,0,0,0,0,0
2002008,0,0,0,-67.7,147.6,1,0,0,0,0,0
2002009,0,0,0,-67.7,147.6,1,0,0,0,0,0
2002010,0,0,0,-67.7,147.6,1,0,0,0,0,0
2002011,0,0,0,-67.7,147.6,1,0,0,0,0,0
2002012,0,0,0,-67.7,147.6,1,0,0,0,0,0
2002013,0,0,0,-67.7,147.6,1,0,0,0,0,0
2002014,0,0,0,-67.7,147.6,1,0,0,0,0,0
2002015,0,0,0,-67.7,147.6,1,0,0,0,0,0
2002016,0,0,0,-67.7,147.6,1,0,0,0,0,0
2002017,0,0,0,-67.7,147.6,1,0,0,0,0,0
2002018,0,0,0,-67.7,147.6,1,0,0,0,0,0
2002019,0,0,0,-67.7,147.6,1,0,0,0,0,0
2002020,-67.7,147.6,1,-67.7,147.6,1,0,0,0,7,7
2002021,-67.7,147.6,0,-67.7,147.6,1,0,0,0,0,0
2002022,-67.7,147.6,0,-67.7,147.6,1,0,0,0,0,0
2002023,-67.7,147.6,0,-67.7,147.6,1,0,0,0,0,0
2002024,-67.7,147.6,0,-67.7,147.6,1,0,0,0,0,0
2002025,-67.7,147.6,0,-67.7,147.6,1,0,0,0,0,0
2002026,-67.7,147.6,0,-67.7,147.6,1,0,0,0,0,0
2002027,-67.7,147.6,1,-67.7,147.6,1,0,0,0,7,7
2002028,0,0,0,-67.7,147.6,1,0,0,0,0,0
2002029,0,0,0,-67.7,147.6,1,0,0,0,0,0
2002030,0,0,0,-67.7,147.6,1,0,0,0,0,0
2002031,0,0,0,-67.7,147.6,1,0,0,0,0,0
2002032,0,0,0,-67.7,147.6,1,0,0,0,0,0
2002033,0,0,0,-67.7,147.6,1,0,0,0,0,0
2002034,0,0,0,-67.7,147.6,1,0,0,0,0,0
2002035,0,0,0,-67.7,147.6,1,0,0,0,0,0
2002036,0,0,0,-67.7,147.6,1,0,0,0,0,0
2002037,0,0,0,-67.7,147.6,1,0,0,0,0,0
2002038,0,0,0,-67.7,147.6,1,0,0,0,0,0
2002039,0,0,0,-67.7,147.6,1,0,0,0,0,0
2002040,0,0,0,-67.7,147.6,1,0,0,0,0,0
2002041,0,0,0,-67.7,147.6,1,0,0,0,0,0
2002042,0,0,0,-67.7,147.6,1,0,0,0,0,0
2002043,0,0,0,-67.7,147.6,1,0,0,0,0,0
2002044,0,0,0,-67.7,147.6,1,0,0,0,0,0
2002045,0,0,0,-67.7,147.6,1,0,0,0,0,0
2002046,0,0,0,-67.7,147.6,1,0,0,0,0,0
2002047,0,0,0,-67.7,147.6,1,0,0,0,0,0
2002048,0,0,0,-67.7,147.6,1,0,0,0,0,0
2002049,0,0,0,-67.7,147.6,1,0,0,0,0,0
2002050,0,0,0,-67.7,147.6,1,0,0,0,0,0
2002051,0,0,0,-67.7,147.6,1,0,0,0,0,0
2002052,0,0,0,-67.7,147.6,1,0,0,0,0,0
2002053,0,0,0,-67.7,147.6,1,0,0,0,0,0
2002054,0,0,0,-67.7,147.6,1,0,0,0,0,0
2002055,0,0,0,-67.7,147.6,1,0,0,0,0,0
2002056,0,0,0,-67.7,147.6,1,0,0,0,0,0
2002057,0,0,0,-67.7,147.6,1,0,0,0,0,0
2002058,0,0,0,-67.7,147.6,1,0,0,0,0,0
2002059,0,0,0,-67.7,147.6,1,0,0,0,0,0
2002060,0,0,0,-67.7,147.6,1,0,0,0,0,0
2002061,0,0,0,-67.7,147.6,1,0,0,0,0,0
2002062,-67.7,147.1,1,-67.7,147.6,1,0,0,0,7,7
2002063,-67.7007,147.12,0,-67.7,147.6,1,0,0,0,0,0
2002064,-67.7026,147.1746,0,-67.7,147.6,1,0,0,0,0,0
2002065,-67.7054,147.2555,0,-67.7,147.6,1,0,0,0,0,0
2002066,-67.7089,147.3547,0,-67.7,147.6,1,0,0,0,0,0
2002067,-67.7126,147.4639,0,-67.7,147.6,1,0,0,0,0,0
2002068,-67.7164,147.5751,0,-67.7,147.6,1,0,0,0,0,0
2002069,-67.72,147.68,1,-67.7,147.6,1,0,0,0,7,7
2002070,0,0,0,-67.7,147.6,1,0,0,0,0,0
2002071,0,0,0,-67.7,147.6,1,0,0,0,0,0
2002072,0,0,0,-67.7,147.6,1,0,0,0,0,0
2002073,0,0,0,-67.7,147.6,1,0,0,0,0,0
2002074,0,0,0,-67.7,147.6,1,0,0,0,0,0
2002075,0,0,0,-67.7,147.6,1,0,0,0,0,0
2002076,0,0,0,-67.7,147.6,1,0,0,0,0,0
2002077,0,0,0,-67.7,147.6,1,0,0,0,0,0
2002078,0,0,0,-67.7,147.6,1,0,0,0,0,0
2002079,0,0,0,-67.7,147.6,0,0,0,0,0,0
2002080,0,0,0,-67.7,147.6,1,0,0,0,0,0
2002081,0,0,0,-67.7,147.6,1,0,0,0,0,0
2002082,0,0,0,-67.7,147.6,1,0,0,0,0,0
2002083,0,0,0,-67.7,147.6,1,0,0,0,0,0
2002084,0,0,0,-67.7,147.6,1,0,0,0,0,0
2002085,0,0,0,-67.7,147.6,1,0,0,0,0,0
2002086,0,0,0,-67.7,147.6,1,0,0,0,0,0
2002087,0,0,0,-67.7,147.6,1,0,0,0,0,0
2002088,0,0,0,-67.7,147.6,1,0,0,0,0,0
2002089,0,0,0,-67.7,147.6,1,0,0,0,0,0
2002090,0,0,0,-67.7,147.6,1,0,0,0,0,0
2002091,0,0,0,-67.7,147.6,1,0,0,0,0,0
2002092,0,0,0,-67.7,147.6,1,0,0,0,0,0
2002093,0,0,0,-67.7,147.6,1,0,0,0,0,0
2002094,0,0,0,-67.7,147.6,1,0,0,0,0,0
2002095,0,0,0,-67.7,147.6,1,0,0,0,0,0
2002096,0,0,0,-67.7,147.6,1,0,0,0,0,0
2002097,0,0,0,-67.7,147.6,0,0,0,0,0,0
2002098,0,0,0,-67.7,147.6,0,0,0,0,0,0
2002099,0,0,0,-67.7,147.6,0,0,0,0,0,0
2002100,0,0,0,-67.7,147.6,1,0,0,0,0,0
2002101,0,0,0,-67.7,147.6,1,0,0,0,0,0
2002102,0,0,0,-67.7,147.6,1,0,0,0,0,0
2002103,0,0,0,-67.7,147.6,1,0,0,0,0,0
2002104,0,0,0,-67.7,147.6,1,0,0,0,0,0
2002105,0,0,0,-67.7,147.6,1,0,0,0,0,0
2002106,0,0,0,-67.7,147.6,1,0,0,0,0,0
2002107,0,0,0,-67.7,147.6,1,0,0,0,0,0
2002108,0,0,0,-67.7,147.6,1,0,0,0,0,0
2002109,0,0,0,-67.7,147.6,1,0,0,0,0,0
2002110,0,0,0,-67.7,147.6,1,0,0,0,0,0
2002111,0,0,0,-67.7,147.6,1,0,0,0,0,0
2002112,0,0,0,-67.7,147.6,1,0,0,0,0,0
2002113,0,0,0,-67.7,147.6,1,0,0,0,0,0
2002114,0,0,0,-67.7,147.6,1,0,0,0,0,0
2002115,0,0,0,-67.7,147.6,1,0,0,0,0,0
2002116,0,0,0,-67.7,147.6,1,0,0,0,0,0
2002117,0,0,0,-67.7,147.6,1,0,0,0,0,0
2002118,0,0,0,-67.7,147.6,1,0,0,0,0,0
2002119,0,0,0,-67.7,147.6,1,0,0,0,0,0
2002120,0,0,0,-67.7,147.6,1,0,0,0,0,0
2002121,0,0,0,-67.7,147.6,1,0,0,0,0,0
2002122,0,0,0,-67.7,147.6,1,0,0,0,0,0
2002123,0,0,0,-67.7,147.6,1,0,0,0,0,0
2002124,0,0,0,-67.7,147.6,1,0,0,0,0,0
2002125,0,0,0,-67.7,147.6,1,0,0,0,0,0
2002126,0,0,0,-67.7,147.6,1,0,0,0,0,0
2002127,0,0,0,-67.7,147.6,1,0,0,0,0,0
2002128,0,0,0,-67.7,147.6,1,0,0,0,0,0
2002129,0,0,0,-67.7,147.6,1,0,0,0,0,0
2002130,0,0,0,-67.6,147.2,1,0,0,0,0,0
2002131,0,0,0,-67.7979,147.2364,1,0,0,0,0,0
2002132,0,0,0,-67.7979,147.2364,1,0,0,0,0,0
2002133,0,0,0,-67.7979,147.2364,1,0,0,0,0,0
2002134,0,0,0,-67.8228,147.3325,1,0,0,0,0,0
2002135,0,0,0,-67.8228,147.3325,1,0,0,0,0,0
2002136,0,0,0,-67.8228,147.3325,1,0,0,0,0,0
2002137,0,0,0,-67.8228,147.3325,1,0,0,0,0,0
2002138,0,0,0,-67.8228,147.3325,1,0,0,0,0,0
2002139,0,0,0,-67.8388,147.2886,1,0,0,0,0,0
2002140,0,0,0,-67.8388,147.2886,1,0,0,0,0,0
2002141,0,0,0,-67.8388,147.2886,1,0,0,0,0,0
2002142,0,0,0,-67.8388,147.2886,1,0,0,0,0,0
2002143,0,0,0,-67.8388,147.2886,1,0,0,0,0,0
2002144,0,0,0,-67.8388,147.2886,1,0,0,0,0,0
2002145,0,0,0,-67.7997,147.2139,1,0,0,0,0,0
2002146,0,0,0,-67.7997,147.2139,1,0,0,0,0,0
2002147,0,0,0,-67.7997,147.2139,1,0,0,0,0,0
2002148,0,0,0,-67.7997,147.2139,1,0,0,0,0,0
2002149,0,0,0,-67.8039,147.2428,0,0,0,0,0,0
2002150,0,0,0,-67.808,147.2717,1,0,0,0,0,0
2002151,0,0,0,-67.808,147.2717,1,0,0,0,0,0
2002152,0,0,0,-67.808,147.2717,1,0,0,0,0,0
2002153,0,0,0,-67.808,147.2717,1,0,0,0,0,0
2002154,0,0,0,-67.808,147.2717,1,0,0,0,0,0
2002155,0,0,0,-67.808,147.2717,1,0,0,0,0,0
2002156,0,0,0,-67.808,147.2717,1,0,0,0,0,0
2002157,0,0,0,-67.808,147.2717,1,0,0,0,0,0
2002158,0,0,0,-67.808,147.2717,1,0,0,0,0,0
2002159,0,0,0,-67.808,147.2717,1,0,0,0,0,0
2002160,0,0,0,-67.808,147.2717,1,0,0,0,0,0
2002161,0,0,0,-67.808,147.2717,1,0,0,0,0,0
2002162,0,0,0,-67.808,147.2717,1,0,0,0,0,0
2002163,0,0,0,-67.808,147.2717,1,0,0,0,0,0
2002164,0,0,0,-67.808,147.2717,1,0,0,0,0,0
2002165,0,0,0,-67.808,147.2717,1,0,0,0,0,0
2002166,0,0,0,-67.808,147.2717,1,0,0,0,0,0
2002167,0,0,0,-67.808,147.2717,1,0,0,0,0,0
2002168,0,0,0,-67.808,147.2717,1,0,0,0,0,0
2002169,0,0,0,-67.808,147.2717,1,0,0,0,0,0
2002170,0,0,0,-67.808,147.2717,1,0,0,0,0,0
2002171,0,0,0,-67.808,147.2717,1,0,0,0,0,0
2002172,0,0,0,-67.808,147.2717,1,0,0,0,0,0
2002173,0,0,0,-67.808,147.2717,1,0,0,0,0,0
2002174,0,0,0,-67.808,147.2717,1,0,0,0,0,0
2002175,0,0,0,-67.808,147.2717,1,0,0,0,0,0
2002176,0,0,0,-67.808,147.2717,1,0,0,0,0,0
2002177,0,0,0,-67.808,147.2717,1,0,0,0,0,0
2002178,0,0,0,-67.808,147.2717,1,0,0,0,0,0
2002179,0,0,0,-67.808,147.2717,1,0,0,0,0,0
2002180,0,0,0,-67.808,147.2717,1,0,0,0,0,0
2002181,0,0,0,-67.808,147.2717,1,0,0,0,0,0
2002182,0,0,0,-67.808,147.2717,1,0,0,0,0,0
2002183,0,0,0,-67.808,147.2717,1,0,0,0,0,0
2002184,0,0,0,-67.808,147.2717,1,0,0,0,0,0
2002185,0,0,0,-67.808,147.2717,1,0,0,0,0,0
2002186,0,0,0,-67.808,147.2717,1,0,0,0,0,0
2002187,0,0,0,-67.808,147.2717,1,0,0,0,0,0
2002188,0,0,0,-67.808,147.2717,1,0,0,0,0,0
2002189,0,0,0,-67.808,147.2717,1,0,0,0,0,0
2002190,0,0,0,-67.808,147.2717,1,0,0,0,0,0
2002191,0,0,0,-67.808,147.2717,1,0,0,0,0,0
2002192,0,0,0,-67.808,147.2717,1,0,0,0,0,0
2002193,0,0,0,-67.808,147.2717,1,0,0,0,0,0
2002194,0,0,0,-67.808,147.2717,1,0,0,0,0,0
2002195,0,0,0,-67.808,147.2717,1,0,0,0,0,0
2002196,0,0,0,-67.808,147.2717,1,0,0,0,0,0
2002197,0,0,0,-67.808,147.2717,1,0,0,0,0,0
2002198,0,0,0,-67.808,147.2717,1,0,0,0,0,0
2002199,0,0,0,-67.808,147.2717,1,0,0,0,0,0
2002200,0,0,0,-67.808,147.2717,1,0,0,0,0,0
2002201,0,0,0,-67.808,147.2717,1,0,0,0,0,0
2002202,0,0,0,-67.808,147.2717,1,0,0,0,0,0
2002203,0,0,0,-67.808,147.2717,1,0,0,0,0,0
2002204,0,0,0,-67.808,147.2717,1,0,0,0,0,0
2002205,0,0,0,-67.808,147.2717,1,0,0,0,0,0
2002206,0,0,0,-67.808,147.2717,1,0,0,0,0,0
2002207,0,0,0,-67.808,147.2717,1,0,0,0,0,0
2002208,0,0,0,-67.808,147.2717,1,0,0,0,0,0
2002209,0,0,0,-67.8045,147.2023,1,0,0,0,0,0
2002210,0,0,0,-67.8045,147.2023,1,0,0,0,0,0
2002211,0,0,0,-67.8045,147.2023,1,0,0,0,0,0
2002212,0,0,0,-67.8045,147.2023,1,0,0,0,0,0
2002213,0,0,0,-67.8045,147.2023,1,0,0,0,0,0
2002214,0,0,0,-67.8045,147.2023,1,0,0,0,0,0
2002215,0,0,0,-67.8045,147.2023,1,0,0,0,0,0
2002216,0,0,0,-67.8184,147.2541,1,0,0,0,0,0
2002217,0,0,0,-67.8184,147.2541,1,0,0,0,0,0
2002218,0,0,0,-67.8074,147.209,1,0,0,0,0,0
2002219,0,0,0,-67.8074,147.209,1,0,0,0,0,0
2002220,0,0,0,-67.8074,147.209,1,0,0,0,0,0
2002221,0,0,0,-67.8074,147.209,1,0,0,0,0,0
2002222,0,0,0,-67.8074,147.209,1,0,0,0,0,0
2002223,0,0,0,-67.8074,147.209,1,0,0,0,0,0
2002224,0,0,0,-67.8074,147.209,1,0,0,0,0,0
2002225,0,0,0,-67.8074,147.209,1,0,0,0,0,0
2002226,0,0,0,-67.8074,147.209,1,0,0,0,0,0
2002227,0,0,0,-67.8074,147.209,1,0,0,0,0,0
2002228,0,0,0,-67.8074,147.209,1,0,0,0,0,0
2002229,0,0,0,-67.8074,147.209,1,0,0,0,0,0
2002230,0,0,0,-67.8074,147.209,1,0,0,0,0,0
2002231,0,0,0,-67.8074,147.209,1,0,0,0,0,0
2002232,0,0,0,-67.8074,147.209,1,0,0,0,0,0
2002233,0,0,0,-67.8074,147.209,1,0,0,0,0,0
2002234,0,0,0,-67.8074,147.209,1,0,0,0,0,0
2002235,0,0,0,-67.8074,147.209,1,0,0,0,0,0
2002236,0,0,0,-67.8074,147.209,1,0,0,0,0,0
2002237,0,0,0,-67.8074,147.209,1,0,0,0,0,0
2002238,0,0,0,-67.8074,147.209,1,0,0,0,0,0
2002239,0,0,0,-67.8074,147.209,1,0,0,0,0,0
2002240,0,0,0,-67.8074,147.209,1,0,0,0,0,0
2002241,0,0,0,-67.8074,147.209,1,0,0,0,0,0
2002242,0,0,0,-67.8074,147.209,1,0,0,0,0,0
2002243,0,0,0,-67.8074,147.209,1,0,0,0,0,0
2002244,0,0,0,-67.8074,147.209,1,0,0,0,0,0
2002245,0,0,0,-67.8074,147.209,1,0,0,0,0,0
2002246,0,0,0,-67.8074,147.209,1,0,0,0,0,0
2002247,0,0,0,-67.8074,147.209,1,0,0,0,0,0
2002248,0,0,0,-67.8074,147.209,1,0,0,0,0,0
2002249,0,0,0,-67.8074,147.209,1,0,0,0,0,0
2002250,0,0,0,-67.8074,147.209,1,0,0,0,0,0
2002251,0,0,0,-67.8074,147.209,1,0,0,0,0,0
2002252,0,0,0,-67.8074,147.209,1,0,0,0,0,0
2002253,0,0,0,-67.8074,147.209,1,0,0,0,0,0
2002254,0,0,0,-67.8074,147.209,1,0,0,0,0,0
2002255,0,0,0,-67.8074,147.209,1,0,0,0,0,0
2002256,0,0,0,-67.8074,147.209,1,0,0,0,0,0
2002257,0,0,0,-67.8074,147.209,1,0,0,0,0,0
2002258,0,0,0,-67.8074,147.209,1,0,0,0,0,0
2002259,0,0,0,-67.8074,147.209,1,0,0,0,0,0
2002260,0,0,0,-67.8074,147.209,1,0,0,0,0,0
2002261,0,0,0,-67.8074,147.209,1,0,0,0,0,0
2002262,0,0,0,-67.8074,147.209,1,0,0,0,0,0
2002263,0,0,0,-67.8074,147.209,1,0,0,0,0,0
2002264,0,0,0,-67.8074,147.209,1,0,0,0,0,0
2002265,0,0,0,-67.8074,147.209,1,0,0,0,0,0
2002266,0,0,0,-67.8074,147.209,1,0,0,0,0,0
2002267,0,0,0,-67.8074,147.209,1,0,0,0,0,0
2002268,0,0,0,-67.8074,147.209,1,0,0,0,0,0
2002269,0,0,0,-67.8074,147.209,1,0,0,0,0,0
2002270,0,0,0,-67.8074,147.209,1,0,0,0,0,0
2002271,0,0,0,-67.8074,147.209,1,0,0,0,0,0
2002272,0,0,0,-67.8074,147.209,1,0,0,0,0,0
2002273,0,0,0,-67.8074,147.209,1,0,0,0,0,0
2002274,0,0,0,-67.8074,147.209,1,0,0,0,0,0
2002275,0,0,0,-67.8074,147.209,1,0,0,0,0,0
2002276,0,0,0,-67.8074,147.209,1,0,0,0,0,0
2002277,0,0,0,-67.8074,147.209,1,0,0,0,0,0
2002278,0,0,0,-67.8074,147.209,1,0,0,0,0,0
2002279,0,0,0,-67.8074,147.209,1,0,0,0,0,0
2002280,0,0,0,-67.8074,147.209,1,0,0,0,0,0
2002281,0,0,0,-67.8074,147.209,1,0,0,0,0,0
2002282,0,0,0,-67.8074,147.209,1,0,0,0,0,0
2002283,0,0,0,-67.8074,147.209,1,0,0,0,0,0
2002284,0,0,0,-67.8074,147.209,1,0,0,0,0,0
2002285,0,0,0,-67.8074,147.209,1,0,0,0,0,0
2002286,0,0,0,-67.8074,147.209,1,0,0,0,0,0
2002287,0,0,0,-67.8074,147.209,1,0,0,0,0,0
2002288,0,0,0,-67.8074,147.209,1,0,0,0,0,0
2002289,0,0,0,-67.8074,147.209,1,0,0,0,0,0
2002290,0,0,0,-67.8074,147.209,1,0,0,0,0,0
2002291,0,0,0,-67.8074,147.209,1,0,0,0,0,0
2002292,0,0,0,-67.8074,147.209,1,0,0,0,0,0
2002293,0,0,0,-67.8074,147.209,1,0,0,0,0,0
2002294,0,0,0,-67.8074,147.209,1,0,0,0,0,0
2002295,0,0,0,-67.8074,147.209,1,0,0,0,0,0
2002296,0,0,0,-67.8074,147.209,1,0,0,0,0,0
2002297,0,0,0,-67.8074,147.209,1,0,0,0,0,0
2002298,0,0,0,-67.8074,147.209,1,0,0,0,0,0
2002299,0,0,0,-67.8074,147.209,1,0,0,0,0,0
2002300,0,0,0,-67.8074,147.209,1,0,0,0,0,0
2002301,0,0,0,-67.8074,147.209,1,0,0,0,0,0
2002302,0,0,0,-67.8074,147.209,1,0,0,0,0,0
2002303,0,0,0,-67.8074,147.209,1,0,0,0,0,0
2002304,0,0,0,-67.8074,147.209,1,0,0,0,0,0
2002305,0,0,0,-67.8074,147.209,1,0,0,0,0,0
2002306,0,0,0,-67.8074,147.209,1,0,0,0,0,0
2002307,0,0,0,-67.8074,147.209,1,0,0,0,0,0
2002308,0,0,0,-67.8074,147.209,1,0,0,0,0,0
2002309,0,0,0,-67.8074,147.209,1,0,0,0,0,0
2002310,0,0,0,-67.8074,147.209,1,0,0,0,0,0
2002311,0,0,0,-67.8074,147.209,1,0,0,0,0,0
2002312,0,0,0,-67.8074,147.209,1,0,0,0,0,0
2002313,0,0,0,-67.8074,147.209,1,0,0,0,0,0
2002314,0,0,0,-67.8074,147.209,1,0,0,0,0,0
2002315,0,0,0,-67.8074,147.209,1,0,0,0,0,0
2002316,0,0,0,-67.8074,147.209,1,0,0,0,0,0
2002317,0,0,0,-67.8074,147.209,1,0,0,0,0,0
2002318,0,0,0,-67.8074,147.209,1,0,0,0,0,0
2002319,0,0,0,-67.8074,147.209,1,0,0,0,0,0
2002320,0,0,0,-67.8074,147.209,1,0,0,0,0,0
2002321,0,0,0,-67.8074,147.209,1,0,0,0,0,0
2002322,0,0,0,-67.8074,147.209,1,0,0,0,0,0
2002323,0,0,0,-67.7935,147.2251,0,0,0,0,0,0
2002324,0,0,0,-67.7796,147.2411,1,0,0,0,0,0
2002325,0,0,0,-67.7796,147.2411,1,0,0,0,0,0
2002326,0,0,0,-67.7796,147.2411,1,0,0,0,0,0
2002327,0,0,0,-67.7796,147.2411,1,0,0,0,0,0
2002328,0,0,0,-67.7796,147.2411,1,0,0,0,0,0
2002329,0,0,0,-67.7796,147.2411,1,0,0,0,0,0
2002330,0,0,0,-67.7796,147.2411,1,0,0,0,0,0
2002331,0,0,0,-67.7796,147.2411,1,0,0,0,0,0
2002332,0,0,0,-67.7796,147.2411,1,0,0,0,0,0
2002333,0,0,0,-67.7796,147.2411,1,0,0,0,0,0
2002334,0,0,0,-67.7796,147.2411,1,0,0,0,0,0
2002335,0,0,0,-67.7796,147.2411,1,0,0,0,0,0
2002336,0,0,0,-67.7796,147.2411,1,0,0,0,0,0
2002337,0,0,0,-67.7796,147.2411,1,0,0,0,0,0
2002338,0,0,0,-67.7796,147.2411,1,0,0,0,0,0
2002339,0,0,0,-67.7796,147.2411,1,0,0,0,0,0
2002340,0,0,0,-67.7796,147.2411,1,0,0,0,0,0
2002341,0,0,0,-67.7796,147.2411,1,0,0,0,0,0
2002342,0,0,0,-67.7796,147.2411,1,0,0,0,0,0
2002343,0,0,0,-67.7796,147.2411,1,0,0,0,0,0
2002344,0,0,0,-67.7796,147.2411,1,0,0,0,0,0
2002345,0,0,0,-67.7796,147.2411,1,0,0,0,0,0
2002346,0,0,0,-67.7796,147.2411,1,0,0,0,0,0
2002347,0,0,0,-67.7796,147.2411,1,0,0,0,0,0
2002348,0,0,0,-67.7796,147.2411,1,0,0,0,0,0
2002349,0,0,0,-67.7796,147.2411,1,0,0,0,0,0
2002350,0,0,0,-67.7796,147.2411,1,0,0,0,0,0
2002351,0,0,0,-67.7796,147.2411,1,0,0,0,0,0
2002352,0,0,0,-67.7796,147.2411,1,0,0,0,0,0
2002353,0,0,0,-67.7796,147.2411,1,0,0,0,0,0
2002354,0,0,0,-67.7796,147.2411,1,0,0,0,0,0
2002355,0,0,0,-67.7796,147.2411,1,0,0,0,0,0
2002356,0,0,0,-67.7796,147.2411,1,0,0,0,0,0
2002357,0,0,0,-67.7796,147.2411,1,0,0,0,0,0
2002358,0,0,0,-67.7796,147.2411,1,0,0,0,0,0
2002359,0,0,0,-67.8143,147.2846,1,0,0,0,0,0
2002360,0,0,0,-67.8143,147.2846,1,0,0,0,0,0
2002361,0,0,0,-67.8143,147.2846,1,0,0,0,0,0
2002362,0,0,0,-67.8143,147.2846,1,0,0,0,0,0
2002363,0,0,0,-67.8143,147.2846,1,0,0,0,0,0
2002364,0,0,0,-67.8143,147.2846,1,0,0,0,0,0
2002365,0,0,0,-67.8143,147.2846,1,0,0,0,0,0
2003001,0,0,0,-67.8143,147.2846,1,0,0,0,0,0
2003002,0,0,0,-67.8143,147.2846,1,0,0,0,0,0
2003003,0,0,0,-67.8143,147.2846,1,0,0,0,0,0
2003004,0,0,0,-67.8143,147.2846,1,0,0,0,0,0
2003005,0,0,0,-67.8143,147.2846,1,0,0,0,0,0
2003006,0,0,0,-67.8143,147.2846,1,0,0,0,0,0
2003007,0,0,0,-67.8143,147.2846,1,0,0,0,0,0
2003008,0,0,0,-67.8143,147.2846,1,0,0,0,0,0
2003009,0,0,0,-67.8143,147.2846,1,0,0,0,0,0
2003010,0,0,0,-67.8143,147.2846,1,0,0,0,0,0
2003011,0,0,0,-67.8143,147.2846,1,0,0,0,0,0
2003012,0,0,0,-67.8143,147.2846,1,0,0,0,0,0
2003013,0,0,0,-67.8143,147.2846,1,0,0,0,0,0
2003014,0,0,0,-67.8143,147.2846,1,0,0,0,0,0
2003015,0,0,0,-67.8143,147.2846,1,0,0,0,0,0
2003016,0,0,0,-67.8143,147.2846,1,0,0,0,0,0
2003017,0,0,0,-67.8143,147.2846,1,0,0,0,0,0
2003018,0,0,0,-67.8143,147.2846,1,0,0,0,0,0
2003019,0,0,0,-67.8143,147.2846,1,0,0,0,0,0
2003020,0,0,0,-67.8143,147.2846,1,0,0,0,0,0
2003021,0,0,0,-67.8143,147.2846,1,0,0,0,0,0
2003022,0,0,0,-67.8143,147.2846,1,0,0,0,0,0
2003023,0,0,0,-67.8143,147.2846,1,0,0,0,0,0
2003024,0,0,0,-67.8143,147.2846,1,0,0,0,0,0
2003025,0,0,0,-67.8143,147.2846,1,0,0,0,0,0
2003026,0,0,0,-67.8143,147.2846,1,0,0,0,0,0
2003027,0,0,0,-67.8143,147.2846,1,0,0,0,0,0
2003028,0,0,0,-67.8143,147.2846,1,0,0,0,0,0
2003029,0,0,0,-67.8143,147.2846,1,0,0,0,0,0
2003030,0,0,0,-67.8143,147.2846,1,0,0,0,0,0
2003031,0,0,0,-67.8143,147.2846,1,0,0,0,0,0
2003032,0,0,0,-67.7498,147.1425,1,0,0,0,0,0
2003033,0,0,0,-67.7441,146.9974,1,0,0,0,0,0
2003034,0,0,0,-67.7441,146.9974,1,0,0,0,0,0
2003035,0,0,0,-67.7441,146.9974,1,0,0,0,0,0
2003036,0,0,0,-67.7441,146.9974,1,0,0,0,0,0
2003037,0,0,0,-67.7441,146.9974,1,0,0,0,0,0
2003038,0,0,0,-67.7441,146.9974,1,0,0,0,0,0
2003039,0,0,0,-67.7441,146.9974,1,0,0,0,0,0
2003040,0,0,0,-67.7441,146.9974,1,0,0,0,0,0
2003041,0,0,0,-67.7441,146.9974,1,0,0,0,0,0
2003042,0,0,0,-67.7441,146.9974,1,0,0,0,0,0
2003043,0,0,0,-67.7441,146.9974,1,0,0,0,0,0
2003044,0,0,0,-67.7441,146.9974,1,0,0,0,0,0
2003045,0,0,0,-67.7441,146.9974,1,0,0,0,0,0
2003046,0,0,0,-67.7441,146.9974,1,0,0,0,0,0
2003047,0,0,0,-67.7441,146.9974,1,0,0,0,0,0
2003048,0,0,0,-67.7441,146.9974,1,0,0,0,0,0
2003049,0,0,0,-67.7441,146.9974,1,0,0,0,0,0
2003050,0,0,0,-67.7441,146.9974,1,0,0,0,0,0
2003051,0,0,0,-67.7441,146.9974,1,0,0,0,0,0
2003052,0,0,0,-67.7441,146.9974,1,0,0,0,0,0
2003053,0,0,0,-67.7441,146.9974,1,0,0,0,0,0
2003054,0,0,0,-67.7441,146.9974,1,0,0,0,0,0
2003055,0,0,0,-67.7441,146.9974,1,0,0,0,0,0
2003056,0,0,0,-67.7441,146.9974,1,0,0,0,0,0
2003057,0,0,0,-67.7441,146.9974,1,0,0,0,0,0
2003058,0,0,0,-67.7441,146.9974,1,0,0,0,0,0
2003059,0,0,0,-67.7441,146.9974,1,0,0,0,0,0
2003060,0,0,0,-67.7441,146.9974,1,0,0,0,0,0
2003061,0,0,0,-67.7441,146.9974,1,0,0,0,0,0
2003062,0,0,0,-67.7255,147.0072,1,0,0,0,0,0
2003063,0,0,0,-67.7255,147.0072,1,0,0,0,0,0
2003064,0,0,0,-67.7255,147.0072,1,0,0,0,0,0
2003065,0,0,0,-67.7255,147.0072,1,0,0,0,0,0
2003066,0,0,0,-67.7255,147.0072,1,0,0,0,0,0
2003067,0,0,0,-67.7255,147.0072,1,0,0,0,0,0
2003068,0,0,0,-67.7255,147.0072,1,0,0,0,0,0
2003069,0,0,0,-67.7255,147.0072,1,0,0,0,0,0
2003070,0,0,0,-67.7255,147.0072,1,0,0,0,0,0
2003071,0,0,0,-67.7255,147.0072,1,0,0,0,0,0
2003072,0,0,0,-67.7949,147.2415,1,0,0,0,0,0
2003073,0,0,0,-67.7949,147.2415,1,0,0,0,0,0
2003074,0,0,0,-67.7949,147.2415,1,0,0,0,0,0
2003075,0,0,0,-67.7949,147.2415,1,0,0,0,0,0
2003076,0,0,0,-67.7949,147.2415,1,0,0,0,0,0
2003077,0,0,0,-67.7949,147.2415,1,0,0,0,0,0
2003078,0,0,0,-67.7949,147.2415,1,0,0,0,0,0
2003079,0,0,0,-67.7949,147.2415,1,0,0,0,0,0
2003080,0,0,0,-67.7949,147.2415,1,0,0,0,0,0
2003081,0,0,0,-67.7949,147.2415,1,0,0,0,0,0
2003082,0,0,0,-67.7949,147.2415,1,0,0,0,0,0
2003083,0,0,0,-67.7949,147.2415,1,0,0,0,0,0
2003084,0,0,0,-67.7949,147.2415,1,0,0,0,0,0
2003085,0,0,0,-67.7949,147.2415,1,0,0,0,0,0
2003086,0,0,0,-67.7949,147.2415,1,0,0,0,0,0
2003087,0,0,0,-67.7949,147.2415,1,0,0,0,0,0
2003088,0,0,0,-67.7949,147.2415,1,0,0,0,0,0
2003089,0,0,0,-67.8331,147.3385,1,0,0,0,0,0
2003090,0,0,0,-67.8331,147.3385,1,0,0,0,0,0
2003091,0,0,0,-67.8331,147.3385,1,0,0,0,0,0
2003092,0,0,0,-67.8331,147.3385,1,0,0,0,0,0
2003093,0,0,0,-67.8331,147.3385,1,0,0,0,0,0
2003094,0,0,0,-67.8331,147.3385,1,0,0,0,0,0
2003095,0,0,0,-67.8331,147.3385,1,0,0,0,0,0
2003096,0,0,0,-67.8331,147.3385,1,0,0,0,0,0
2003097,0,0,0,-67.8331,147.3385,1,0,0,0,0,0
2003098,0,0,0,-67.8331,147.3385,1,0,0,0,0,0
2003099,0,0,0,-67.8331,147.3385,1,0,0,0,0,0
2003100,0,0,0,-67.7826,147.3135,1,0,0,0,0,0
2003101,0,0,0,-67.7826,147.3135,1,0,0,0,0,0
2003102,0,0,0,-67.7826,147.3135,1,0,0,0,0,0
2003103,0,0,0,-67.7826,147.3135,1,0,0,0,0,0
2003104,0,0,0,-67.7826,147.3135,1,0,0,0,0,0
2003105,0,0,0,-67.7826,147.3135,1,0,0,0,0,0
2003106,0,0,0,-67.7826,147.3135,1,0,0,0,0,0
2003107,0,0,0,-67.7826,147.3135,1,0,0,0,0,0
2003108,0,0,0,-67.7053,147.3118,1,0,0,0,0,0
2003109,0,0,0,-67.7053,147.3118,1,0,0,0,0,0
2003110,0,0,0,-67.7053,147.3118,1,0,0,0,0,0
2003111,0,0,0,-67.7053,147.3118,1,0,0,0,0,0
2003112,0,0,0,-67.7053,147.3118,1,0,0,0,0,0
2003113,0,0,0,-67.7053,147.3118,1,0,0,0,0,0
2003114,0,0,0,-67.7053,147.3118,1,-67.7053,147.3118,1,0,0
2003115,0,0,0,-67.7053,147.3118,1,-67.7053,147.3118,1,0,0
2003116,0,0,0,-67.7053,147.3118,1,-67.7053,147.3118,1,0,0
2003117,0,0,0,-67.7053,147.3118,1,-67.7053,147.3118,1,0,0
2003118,0,0,0,-67.7477,147.2884,1,-67.7477,147.2884,1,0,0
2003119,0,0,0,-67.7477,147.2884,1,-67.7477,147.2884,1,0,0
2003120,0,0,0,-67.7477,147.2884,1,-67.7477,147.2884,1,0,0
2003121,0,0,0,-67.7477,147.2884,1,-67.7477,147.2884,1,0,0
2003122,0,0,0,-67.7477,147.2884,1,-67.7477,147.2884,1,0,0
2003123,0,0,0,-67.7477,147.2884,1,-67.7477,147.2884,1,0,0
2003124,0,0,0,-67.7477,147.2884,1,-67.7477,147.2884,1,0,0
2003125,0,0,0,-67.7477,147.2884,1,-67.7477,147.2884,1,0,0
2003126,0,0,0,-67.7477,147.2884,1,-67.7477,147.2884,1,0,0
2003127,0,0,0,-67.7477,147.2884,1,-67.7477,147.2884,1,0,0
2003128,0,0,0,-67.8025,147.2104,1,-67.8025,147.2104,1,0,0
2003129,0,0,0,-67.8025,147.2104,1,-67.8025,147.2104,1,0,0
2003130,0,0,0,-67.8025,147.2104,1,-67.8025,147.2104,1,0,0
2003131,0,0,0,-67.8025,147.2104,1,-67.8025,147.2104,1,0,0
2003132,0,0,0,-67.8025,147.2104,1,-67.8025,147.2104,1,0,0
2003133,0,0,0,-67.8025,147.2104,1,-67.8025,147.2104,1,0,0
2003134,0,0,0,-67.8025,147.2104,1,-67.8025,147.2104,1,0,0
2003135,0,0,0,-67.8025,147.2104,1,-67.8025,147.2104,1,0,0
2003136,0,0,0,-67.8025,147.2104,1,-67.8025,147.2104,1,0,0
2003137,0,0,0,-67.8025,147.2104,1,-67.8025,147.2104,1,0,0
2003138,0,0,0,-67.8025,147.2104,1,-67.8025,147.2104,1,0,0
2003139,0,0,0,-67.8025,147.2104,1,-67.8025,147.2104,1,0,0
2003140,0,0,0,-67.8025,147.2104,1,-67.8025,147.2104,1,0,0
2003141,0,0,0,-67.8025,147.2104,1,-67.8025,147.2104,1,0,0
2003142,0,0,0,-67.8025,147.2104,1,-67.8025,147.2104,1,0,0
2003143,0,0,0,-67.8025,147.2104,1,-67.8025,147.2104,1,0,0
2003144,0,0,0,-67.8025,147.2104,1,-67.8025,147.2104,1,0,0
2003145,0,0,0,-67.8025,147.2104,1,-67.8025,147.2104,1,0,0
2003146,0,0,0,-67.8025,147.2104,1,-67.8025,147.2104,1,0,0
2003147,0,0,0,-67.8025,147.2104,1,-67.8025,147.2104,1,0,0
2003148,0,0,0,-67.8025,147.2104,1,-67.8025,147.2104,1,0,0
2003149,0,0,0,-67.8025,147.2104,1,-67.8025,147.2104,1,0,0
2003150,0,0,0,-67.8025,147.2104,1,-67.8025,147.2104,1,0,0
2003151,0,0,0,-67.8025,147.2104,1,-67.8025,147.2104,1,0,0
2003152,0,0,0,-67.8025,147.2104,1,-67.8025,147.2104,1,0,0
2003153,0,0,0,-67.8025,147.2104,1,-67.8025,147.2104,1,0,0
2003154,0,0,0,-67.8025,147.2104,1,-67.8025,147.2104,1,0,0
2003155,0,0,0,-67.8025,147.2104,1,-67.8025,147.2104,1,0,0
2003156,0,0,0,-67.8025,147.2104,1,-67.8025,147.2104,1,0,0
2003157,0,0,0,-67.8025,147.2104,1,-67.8025,147.2104,1,0,0
2003158,0,0,0,-67.8025,147.2104,1,-67.8025,147.2104,0,0,0
2003159,0,0,0,-67.8025,147.2104,1,-67.8025,147.2104,1,0,0
2003160,0,0,0,-67.8025,147.2104,1,-67.8025,147.2104,1,0,0
2003161,0,0,0,-67.8025,147.2104,1,-67.8025,147.2104,1,0,0
2003162,0,0,0,-67.8025,147.2104,1,-67.8025,147.2104,1,0,0
2003163,0,0,0,-67.8025,147.2104,1,-67.8025,147.2104,1,0,0
2003164,0,0,0,-67.8025,147.2104,1,-67.8025,147.2104,1,0,0
2003165,0,0,0,-67.8025,147.2104,1,-67.8025,147.2104,1,0,0
2003166,0,0,0,-67.8025,147.2104,1,-67.8025,147.2104,1,0,0
2003167,0,0,0,-67.8025,147.2104,1,-67.8025,147.2104,1,0,0
2003168,0,0,0,-67.8025,147.2104,1,-67.8025,147.2104,1,0,0
2003169,0,0,0,-67.8025,147.2104,1,-67.8025,147.2104,1,0,0
2003170,0,0,0,-67.8025,147.2104,1,-67.8025,147.2104,1,0,0
2003171,0,0,0,-67.8025,147.2104,1,-67.8025,147.2104,1,0,0
2003172,0,0,0,-67.8025,147.2104,1,-67.8025,147.2104,1,0,0
2003173,0,0,0,-67.8025,147.2104,1,-67.8025,147.2104,1,0,0
2003174,0,0,0,-67.8025,147.2104,1,-67.8025,147.2104,1,0,0
2003175,0,0,0,-67.8025,147.2104,1,-67.8025,147.2104,1,0,0
2003176,0,0,0,-67.8025,147.2104,1,-67.8025,147.2104,1,0,0
2003177,0,0,0,-67.8025,147.2104,1,-67.8025,147.2104,1,0,0
2003178,0,0,0,-67.8025,147.2104,1,-67.8025,147.2104,1,0,0
2003179,0,0,0,-67.8025,147.2104,1,-67.8025,147.2104,1,0,0
2003180,0,0,0,-67.8025,147.2104,1,-67.8025,147.2104,1,0,0
2003181,0,0,0,-67.8025,147.2104,1,-67.8025,147.2104,1,0,0
2003182,0,0,0,-67.8025,147.2104,1,-67.8025,147.2104,1,0,0
2003183,0,0,0,-67.8025,147.2104,1,-67.8025,147.2104,1,0,0
2003184,0,0,0,-67.8025,147.2104,1,-67.8025,147.2104,1,0,0
2003185,0,0,0,-67.8025,147.2104,1,-67.8025,147.2104,0,0,0
2003186,0,0,0,-67.8025,147.2104,1,-67.8025,147.2104,1,0,0
2003187,0,0,0,-67.8025,147.2104,1,-67.8025,147.2104,1,0,0
2003188,0,0,0,-67.8025,147.2104,1,-67.8025,147.2104,1,0,0
2003189,0,0,0,-67.8025,147.2104,1,-67.8025,147.2104,1,0,0
2003190,0,0,0,-67.8025,147.2104,1,-67.8025,147.2104,1,0,0
2003191,0,0,0,-67.8025,147.2104,1,-67.8025,147.2104,1,0,0
2003192,0,0,0,-67.8025,147.2104,1,-67.8025,147.2104,1,0,0
2003193,0,0,0,-67.8025,147.2104,1,-67.8025,147.2104,1,0,0
2003194,0,0,0,-67.8025,147.2104,1,-67.8025,147.2104,1,0,0
2003195,0,0,0,-67.8025,147.2104,1,-67.8025,147.2104,1,0,0
2003196,0,0,0,-67.8025,147.2104,1,-67.8025,147.2104,1,0,0
2003197,0,0,0,-67.8025,147.2104,1,-67.8025,147.2104,1,0,0
2003198,0,0,0,-67.8025,147.2104,1,-67.8025,147.2104,1,0,0
2003199,0,0,0,-67.8025,147.2104,1,-67.8025,147.2104,1,0,0
2003200,0,0,0,-67.8025,147.2104,1,-67.8025,147.2104,1,0,0
2003201,0,0,0,-67.8025,147.2104,1,-67.8025,147.2104,1,0,0
2003202,0,0,0,-67.8025,147.2104,1,-67.8025,147.2104,1,0,0
2003203,0,0,0,-67.8025,147.2104,1,-67.8025,147.2104,1,0,0
2003204,0,0,0,-67.8025,147.2104,1,-67.8025,147.2104,1,0,0
2003205,0,0,0,-67.8025,147.2104,1,-67.8025,147.2104,1,0,0
2003206,0,0,0,-67.8025,147.2104,1,-67.8025,147.2104,1,0,0
2003207,0,0,0,-67.8025,147.2104,1,-67.8025,147.2104,1,0,0
2003208,0,0,0,-67.8025,147.2104,1,-67.8025,147.2104,1,0,0
2003209,0,0,0,-67.8025,147.2104,1,-67.8025,147.2104,1,0,0
2003210,0,0,0,-67.8025,147.2104,1,-67.8025,147.2104,1,0,0
2003211,0,0,0,-67.8025,147.2104,1,-67.8025,147.2104,1,0,0
2003212,0,0,0,-67.8025,147.2104,1,-67.8025,147.2104,1,0,0
2003213,0,0,0,-67.8025,147.2104,1,-67.8025,147.2104,1,0,0
2003214,0,0,0,-67.8025,147.2104,1,-67.8025,147.2104,1,0,0
2003215,0,0,0,-67.8025,147.2104,1,-67.8025,147.2104,1,0,0
2003216,0,0,0,-67.8025,147.2104,1,-67.8025,147.2104,1,0,0
2003217,0,0,0,-67.8025,147.2104,1,-67.8025,147.2104,1,0,0
2003218,0,0,0,-67.8025,147.2104,1,-67.8025,147.2104,1,0,0
2003219,0,0,0,-67.8025,147.2104,1,-67.8025,147.2104,1,0,0
2003220,0,0,0,-67.8025,147.2104,1,-67.8025,147.2104,1,0,0
2003221,0,0,0,-67.8025,147.2104,1,-67.8025,147.2104,1,0,0
2003222,0,0,0,-67.8025,147.2104,1,-67.8025,147.2104,1,0,0
2003223,0,0,0,-67.8025,147.2104,1,-67.8025,147.2104,1,0,0
2003224,0,0,0,-67.8025,147.2104,1,-67.8025,147.2104,1,0,0
2003225,0,0,0,-67.8025,147.2104,1,-67.8025,147.2104,1,0,0
2003226,0,0,0,-67.8025,147.2104,1,-67.8025,147.2104,1,0,0
2003227,0,0,0,-67.8025,147.2104,1,-67.8025,147.2104,1,0,0
2003228,0,0,0,-67.8025,147.2104,1,-67.8025,147.2104,1,0,0
2003229,0,0,0,-67.8025,147.2104,1,-67.8025,147.2104,1,0,0
2003230,0,0,0,-67.8025,147.2104,1,-67.8025,147.2104,1,0,0
2003231,0,0,0,-67.8025,147.2104,1,-67.8025,147.2104,1,0,0
2003232,0,0,0,-67.8025,147.2104,1,-67.8025,147.2104,1,0,0
2003233,0,0,0,-67.8025,147.2104,1,-67.8025,147.2104,1,0,0
2003234,0,0,0,-67.8025,147.2104,1,-67.8025,147.2104,1,0,0
2003235,0,0,0,-67.8025,147.2104,1,-67.8025,147.2104,1,0,0
2003236,0,0,0,-67.8025,147.2104,1,-67.8025,147.2104,1,0,0
2003237,0,0,0,-67.8025,147.2104,1,-67.8025,147.2104,1,0,0
2003238,0,0,0,-67.8025,147.2104,1,-67.8025,147.2104,1,0,0
2003239,0,0,0,-67.8025,147.2104,1,-67.8025,147.2104,1,0,0
2003240,0,0,0,-67.8025,147.2104,1,-67.8025,147.2104,1,0,0
2003241,0,0,0,-67.8025,147.2104,1,-67.8025,147.2104,1,0,0
2003242,0,0,0,-67.8025,147.2104,1,-67.8025,147.2104,1,0,0
2003243,0,0,0,-67.8025,147.2104,1,-67.8025,147.2104,1,0,0
2003244,0,0,0,-67.8025,147.2104,1,-67.8025,147.2104,1,0,0
2003245,0,0,0,-67.8025,147.2104,1,-67.8025,147.2104,1,0,0
2003246,0,0,0,-67.8025,147.2104,1,-67.8025,147.2104,1,0,0
2003247,0,0,0,-67.8025,147.2104,1,-67.8025,147.2104,1,0,0
2003248,0,0,0,-67.8025,147.2104,1,-67.8025,147.2104,0,0,0
2003249,0,0,0,-67.8025,147.2104,1,-67.8025,147.2104,0,0,0
2003250,0,0,0,-67.8025,147.2104,1,-67.8025,147.2104,0,0,0
2003251,0,0,0,-67.8025,147.2104,1,-67.8025,147.2104,1,0,0
2003252,0,0,0,-67.8025,147.2104,1,-67.8025,147.2104,0,0,0
2003253,0,0,0,-67.8025,147.2104,1,-67.8025,147.2104,0,0,0
2003254,0,0,0,-67.8025,147.2104,1,-67.8025,147.2104,0,0,0
2003255,0,0,0,-67.8025,147.2104,1,-67.8025,147.2104,1,0,0
2003256,0,0,0,-67.8025,147.2104,1,-67.8025,147.2104,1,0,0
2003257,0,0,0,-67.8025,147.2104,1,-67.8025,147.2104,1,0,0
2003258,0,0,0,-67.8025,147.2104,1,-67.8025,147.2104,1,0,0
2003259,0,0,0,-67.8025,147.2104,1,-67.8025,147.2104,1,0,0
2003260,0,0,0,-67.8025,147.2104,1,-67.8025,147.2104,1,0,0
2003261,0,0,0,-67.8025,147.2104,1,-67.8025,147.2104,1,0,0
2003262,0,0,0,-67.8025,147.2104,1,-67.8025,147.2104,1,0,0
2003263,0,0,0,-67.8025,147.2104,1,-67.8025,147.2104,1,0,0
2003264,0,0,0,-67.8025,147.2104,1,-67.8025,147.2104,1,0,0
2003265,0,0,0,-67.8025,147.2104,1,-67.8025,147.2104,1,0,0
2003266,0,0,0,-67.8025,147.2104,1,-67.8025,147.2104,1,0,0
2003267,0,0,0,-67.8025,147.2104,1,-67.8025,147.2104,1,0,0
2003268,0,0,0,-67.8025,147.2104,1,-67.8025,147.2104,1,0,0
2003269,0,0,0,-67.8025,147.2104,1,-67.8025,147.2104,1,0,0
2003270,0,0,0,-67.8025,147.2104,1,-67.8025,147.2104,1,0,0
2003271,0,0,0,-67.8025,147.2104,1,-67.8025,147.2104,1,0,0
2003272,0,0,0,-67.8025,147.2104,1,-67.8025,147.2104,1,0,0
2003273,0,0,0,-67.8025,147.2104,1,-67.8025,147.2104,1,0,0
2003274,0,0,0,-67.8025,147.2104,1,-67.8025,147.2104,1,0,0
2003275,0,0,0,-67.8025,147.2104,1,-67.8025,147.2104,0,0,0
2003276,0,0,0,-67.8025,147.2104,1,-67.8025,147.2104,1,0,0
2003277,0,0,0,-67.8025,147.2104,1,-67.8025,147.2104,1,0,0
2003278,0,0,0,-67.8025,147.2104,1,-67.8025,147.2104,1,0,0
2003279,0,0,0,-67.8025,147.2104,1,-67.8025,147.2104,1,0,0
2003280,0,0,0,-67.8025,147.2104,1,-67.8025,147.2104,1,0,0
2003281,0,0,0,-67.8025,147.2104,1,-67.8025,147.2104,1,0,0
2003282,0,0,0,-67.8025,147.2104,1,-67.8025,147.2104,1,0,0
2003283,0,0,0,-67.8025,147.2104,1,-67.8025,147.2104,1,0,0
2003284,0,0,0,-67.8025,147.2104,1,-67.8025,147.2104,1,0,0
2003285,0,0,0,-67.8025,147.2104,1,-67.8025,147.2104,1,0,0
2003286,0,0,0,-67.8025,147.2104,1,-67.8025,147.2104,1,0,0
2003287,0,0,0,-67.8025,147.2104,1,-67.8025,147.2104,1,0,0
2003288,0,0,0,-67.8025,147.2104,1,-67.8025,147.2104,1,0,0
2003289,0,0,0,-67.8025,147.2104,1,-67.8025,147.2104,1,0,0
2003290,0,0,0,-67.8025,147.2104,1,-67.8025,147.2104,1,0,0
2003291,0,0,0,-67.8025,147.2104,1,-67.8025,147.2104,1,0,0
2003292,0,0,0,-67.8025,147.2104,1,-67.8025,147.2104,1,0,0
2003293,0,0,0,-67.8025,147.2104,1,-67.8025,147.2104,0,0,0
2003294,0,0,0,-67.8025,147.2104,1,-67.8025,147.2104,1,0,0
2003295,0,0,0,-67.8025,147.2104,1,-67.8025,147.2104,1,0,0
2003296,0,0,0,-67.8025,147.2104,1,-67.8025,147.2104,1,0,0
2003297,0,0,0,-67.8025,147.2104,1,-67.8025,147.2104,1,0,0
2003298,0,0,0,-67.8025,147.2104,1,0,0,0,0,0
2003299,0,0,0,-67.8025,147.2104,1,0,0,0,0,0
2003300,0,0,0,-67.8025,147.2104,1,0,0,0,0,0
2003301,0,0,0,-67.8025,147.2104,1,0,0,0,0,0
2003302,0,0,0,-67.8025,147.2104,1,0,0,0,0,0
2003303,0,0,0,-67.8025,147.2104,1,0,0,0,0,0
2003304,0,0,0,-67.8025,147.2104,1,0,0,0,0,0
2003305,0,0,0,-67.8025,147.2104,1,0,0,0,0,0
2003306,0,0,0,-67.8025,147.2104,1,0,0,0,0,0
2003307,0,0,0,-67.8025,147.2104,1,0,0,0,0,0
2003308,0,0,0,-67.8025,147.2104,1,0,0,0,0,0
2003309,0,0,0,-67.8025,147.2104,1,0,0,0,0,0
2003310,0,0,0,-67.8025,147.2104,1,0,0,0,0,0
2003311,0,0,0,-67.8025,147.2104,1,0,0,0,0,0
2003312,0,0,0,-67.8025,147.2104,1,0,0,0,0,0
2003313,0,0,0,-67.8025,147.2104,1,0,0,0,0,0
2003314,0,0,0,-67.8025,147.2104,1,0,0,0,0,0
2003315,0,0,0,-67.8025,147.2104,1,0,0,0,0,0
2003316,0,0,0,-67.8025,147.2104,1,0,0,0,0,0
2003317,0,0,0,-67.8025,147.2104,1,0,0,0,0,0
2003318,0,0,0,-67.8025,147.2104,1,0,0,0,0,0
2003319,0,0,0,-67.8025,147.2104,1,0,0,0,0,0
2003320,0,0,0,-67.8025,147.2104,1,0,0,0,0,0
2003321,0,0,0,-67.8025,147.2104,1,0,0,0,0,0
2003322,0,0,0,-67.8025,147.2104,1,0,0,0,0,0
2003323,0,0,0,-67.8025,147.2104,1,0,0,0,0,0
2003324,0,0,0,-67.8025,147.2104,1,0,0,0,0,0
2003325,0,0,0,-67.8025,147.2104,1,0,0,0,0,0
2003326,0,0,0,-67.8025,147.2104,1,0,0,0,0,0
2003327,0,0,0,-67.8025,147.2104,1,0,0,0,0,0
2003328,0,0,0,-67.8025,147.2104,1,0,0,0,0,0
2003329,0,0,0,-67.8025,147.2104,1,0,0,0,0,0
2003330,0,0,0,-67.8025,147.2104,1,0,0,0,0,0
2003331,0,0,0,-67.8025,147.2104,1,0,0,0,0,0
2003332,0,0,0,-67.8025,147.2104,1,0,0,0,0,0
2003333,0,0,0,-67.8025,147.2104,1,0,0,0,0,0
2003334,0,0,0,-67.8025,147.2104,1,0,0,0,0,0
2003335,0,0,0,-67.8025,147.2104,1,0,0,0,0,0
2003336,0,0,0,-67.8025,147.2104,1,0,0,0,0,0
2003337,0,0,0,-67.8025,147.2104,1,0,0,0,0,0
2003338,0,0,0,-67.8025,147.2104,1,0,0,0,0,0
2003339,0,0,0,-67.8025,147.2104,1,0,0,0,0,0
2003340,0,0,0,-67.8025,147.2104,1,0,0,0,0,0
2003341,0,0,0,-67.8025,147.2104,1,0,0,0,0,0
2003342,0,0,0,-67.8025,147.2104,1,0,0,0,0,0
2003343,0,0,0,-67.8025,147.2104,1,0,0,0,0,0
2003344,0,0,0,-67.8025,147.2104,1,0,0,0,0,0
2003345,0,0,0,-67.8025,147.2104,1,0,0,0,0,0
2003346,0,0,0,-67.8025,147.2104,1,0,0,0,0,0
2003347,0,0,0,-67.8025,147.2104,1,0,0,0,0,0
2003348,0,0,0,-67.8025,147.2104,1,0,0,0,0,0
2003349,0,0,0,-67.8025,147.2104,1,0,0,0,0,0
2003350,0,0,0,-67.8025,147.2104,1,0,0,0,0,0
2003351,0,0,0,-67.8025,147.2104,1,0,0,0,0,0
2003352,0,0,0,-67.8025,147.2104,1,0,0,0,0,0
2003353,0,0,0,-67.8025,147.2104,1,0,0,0,0,0
2003354,0,0,0,-67.8025,147.2104,1,0,0,0,0,0
2003355,0,0,0,-67.8025,147.2104,1,0,0,0,0,0
2003356,0,0,0,-67.8025,147.2104,1,0,0,0,0,0
2003357,0,0,0,-67.8025,147.2104,1,0,0,0,0,0
2003358,0,0,0,-67.8025,147.2104,1,0,0,0,0,0
2003359,0,0,0,-67.8025,147.2104,1,0,0,0,0,0
2003360,0,0,0,-67.8025,147.2104,1,0,0,0,0,0
2003361,0,0,0,-67.8025,147.2104,1,0,0,0,0,0
2003362,0,0,0,-67.8025,147.2104,1,0,0,0,0,0
2003363,0,0,0,-67.8025,147.2104,1,0,0,0,0,0
2003364,0,0,0,-67.8025,147.2104,1,0,0,0,0,0
2003365,0,0,0,-67.8025,147.2104,1,0,0,0,0,0
2004001,0,0,0,-67.8025,147.2104,1,0,0,0,0,0
2004002,0,0,0,-67.8025,147.2104,1,0,0,0,0,0
2004003,0,0,0,-67.8025,147.2104,1,0,0,0,0,0
2004004,0,0,0,-67.8025,147.2104,1,0,0,0,0,0
2004005,0,0,0,-67.8025,147.2104,1,0,0,0,0,0
2004006,0,0,0,-67.8025,147.2104,1,0,0,0,0,0
2004007,0,0,0,-67.8025,147.2104,1,0,0,0,0,0
2004008,0,0,0,-67.8025,147.2104,1,0,0,0,0,0
2004009,0,0,0,-67.8025,147.2104,1,0,0,0,0,0
2004010,0,0,0,-67.8025,147.2104,1,0,0,0,0,0
2004011,0,0,0,-67.8025,147.2104,1,0,0,0,0,0
2004012,0,0,0,-67.8025,147.2104,1,0,0,0,0,0
2004013,0,0,0,-67.8025,147.2104,1,0,0,0,0,0
2004014,0,0,0,-67.8025,147.2104,1,0,0,0,0,0
2004015,0,0,0,-67.8025,147.2104,1,0,0,0,0,0
2004016,0,0,0,-67.8025,147.2104,1,0,0,0,0,0
2004017,0,0,0,-67.8025,147.2104,1,0,0,0,0,0
2004018,0,0,0,-67.8025,147.2104,1,0,0,0,0,0
2004019,0,0,0,-67.8025,147.2104,1,0,0,0,0,0
2004020,0,0,0,-67.8025,147.2104,1,0,0,0,0,0
2004021,0,0,0,-67.8025,147.2104,1,0,0,0,0,0
2004022,0,0,0,-67.8025,147.2104,1,0,0,0,0,0
2004023,0,0,0,-67.8025,147.2104,1,0,0,0,0,0
2004024,0,0,0,-67.8025,147.2104,1,0,0,0,0,0
2004025,0,0,0,-67.8025,147.2104,1,0,0,0,0,0
2004026,0,0,0,-67.8025,147.2104,1,0,0,0,0,0
2004027,0,0,0,-67.8025,147.2104,1,0,0,0,0,0
2004028,0,0,0,-67.8025,147.2104,1,0,0,0,0,0
2004029,0,0,0,-67.8025,147.2104,1,0,0,0,0,0
2004030,0,0,0,-67.8025,147.2104,1,0,0,0,0,0
2004031,0,0,0,-67.8025,147.2104,1,0,0,0,0,0
2004032,0,0,0,-67.8025,147.2104,1,0,0,0,0,0
2004033,0,0,0,-67.8025,147.2104,1,0,0,0,0,0
2004034,0,0,0,-67.8025,147.2104,1,0,0,0,0,0
2004035,0,0,0,-67.8025,147.2104,1,0,0,0,0,0
2004036,0,0,0,-67.8025,147.2104,1,0,0,0,0,0
2004037,0,0,0,-67.8025,147.2104,1,0,0,0,0,0
2004038,0,0,0,-67.8025,147.2104,1,0,0,0,0,0
2004039,0,0,0,-67.8025,147.2104,1,0,0,0,0,0
2004040,0,0,0,-67.8025,147.2104,1,0,0,0,0,0
2004041,0,0,0,-67.8025,147.2104,1,0,0,0,0,0
2004042,0,0,0,-67.8025,147.2104,1,0,0,0,0,0
2004043,0,0,0,-67.8025,147.2104,1,0,0,0,0,0
2004044,0,0,0,-67.8025,147.2104,1,0,0,0,0,0
2004045,0,0,0,-67.8025,147.2104,1,0,0,0,0,0
2004046,0,0,0,-67.8025,147.2104,1,0,0,0,0,0
2004047,0,0,0,-67.8025,147.2104,1,0,0,0,0,0
2004048,0,0,0,-67.8025,147.2104,1,0,0,0,0,0
2004049,0,0,0,-67.8025,147.2104,1,0,0,0,0,0
2004050,0,0,0,-67.8025,147.2104,1,0,0,0,0,0
2004051,0,0,0,-67.8025,147.2104,1,0,0,0,0,0
2004052,0,0,0,-67.8025,147.2104,1,0,0,0,0,0
2004053,0,0,0,-67.8025,147.2104,1,0,0,0,0,0
2004054,0,0,0,-67.8025,147.2104,1,0,0,0,0,0
2004055,0,0,0,-67.8025,147.2104,1,0,0,0,0,0
2004056,0,0,0,-67.8025,147.2104,1,0,0,0,0,0
2004057,0,0,0,-67.8025,147.2104,1,0,0,0,0,0
2004058,0,0,0,-67.8025,147.2104,1,0,0,0,0,0
2004059,0,0,0,-67.8025,147.2104,1,0,0,0,0,0
2004060,0,0,0,-67.8025,147.2104,1,0,0,0,0,0
2004061,0,0,0,-67.8025,147.2104,1,0,0,0,0,0
2004062,0,0,0,-67.8025,147.2104,1,0,0,0,0,0
2004063,0,0,0,-67.8025,147.2104,1,0,0,0,0,0
2004064,0,0,0,-67.8025,147.2104,1,0,0,0,0,0
2004065,0,0,0,-67.8025,147.2104,1,0,0,0,0,0
2004066,0,0,0,-67.8025,147.2104,1,0,0,0,0,0
2004067,0,0,0,-67.8025,147.2104,1,0,0,0,0,0
2004068,0,0,0,-67.8025,147.2104,1,0,0,0,0,0
2004069,0,0,0,-67.8025,147.2104,1,0,0,0,0,0
2004070,0,0,0,-67.8025,147.2104,1,0,0,0,0,0
2004071,0,0,0,-67.8025,147.2104,1,0,0,0,0,0
2004072,0,0,0,-67.8025,147.2104,1,0,0,0,0,0
2004073,0,0,0,-67.8025,147.2104,1,0,0,0,0,0
2004074,0,0,0,-67.8025,147.2104,1,0,0,0,0,0
2004075,0,0,0,-67.8025,147.2104,1,0,0,0,0,0
2004076,0,0,0,-67.8025,147.2104,1,0,0,0,0,0
2004077,0,0,0,-67.8025,147.2104,1,0,0,0,0,0
2004078,0,0,0,-67.8025,147.2104,1,0,0,0,0,0
2004079,0,0,0,-67.8025,147.2104,1,0,0,0,0,0
2004080,0,0,0,-67.8025,147.2104,1,0,0,0,0,0
2004081,0,0,0,-67.8025,147.2104,1,0,0,0,0,0
2004082,0,0,0,-67.8025,147.2104,1,0,0,0,0,0
2004083,0,0,0,-67.8025,147.2104,1,0,0,0,0,0
2004084,0,0,0,-67.8025,147.2104,1,0,0,0,0,0
2004085,0,0,0,-67.8025,147.2104,1,0,0,0,0,0
2004086,0,0,0,-67.8025,147.2104,1,0,0,0,0,0
2004087,0,0,0,-67.8025,147.2104,1,0,0,0,0,0
2004088,0,0,0,-67.8025,147.2104,1,0,0,0,0,0
2004089,0,0,0,-67.8025,147.2104,1,0,0,0,0,0
2004090,0,0,0,-67.8025,147.2104,1,0,0,0,0,0
2004091,0,0,0,-67.8025,147.2104,1,0,0,0,0,0
2004092,0,0,0,-67.8025,147.2104,1,0,0,0,0,0
2004093,0,0,0,-67.8025,147.2104,1,0,0,0,0,0
2004094,0,0,0,-67.8025,147.2104,1,0,0,0,0,0
2004095,0,0,0,-67.8025,147.2104,1,0,0,0,0,0
2004096,0,0,0,-67.8025,147.2104,1,0,0,0,0,0
2004097,0,0,0,-67.8025,147.2104,1,0,0,0,0,0
2004098,0,0,0,-67.8025,147.2104,1,0,0,0,0,0
2004099,0,0,0,-67.8025,147.2104,1,0,0,0,0,0
2004100,0,0,0,-67.8025,147.2104,1,0,0,0,0,0
2004101,0,0,0,-67.8025,147.2104,1,0,0,0,0,0
2004102,0,0,0,-67.8025,147.2104,1,0,0,0,0,0
2004103,0,0,0,-67.8025,147.2104,1,0,0,0,0,0
2004104,0,0,0,-67.8025,147.2104,1,0,0,0,0,0
2004105,0,0,0,-67.8025,147.2104,1,0,0,0,0,0
2004106,0,0,0,-67.8025,147.2104,1,0,0,0,0,0
2004107,0,0,0,-67.8025,147.2104,1,0,0,0,0,0
2004108,0,0,0,-67.8025,147.2104,1,0,0,0,0,0
2004109,0,0,0,-67.8025,147.2104,1,0,0,0,0,0
2004110,0,0,0,-67.8025,147.2104,1,0,0,0,0,0
2004111,0,0,0,-67.8025,147.2104,1,0,0,0,0,0
2004112,0,0,0,-67.8025,147.2104,1,0,0,0,0,0
2004113,0,0,0,-67.8025,147.2104,1,0,0,0,0,0
2004114,0,0,0,-67.8025,147.2104,1,0,0,0,0,0
2004115,0,0,0,-67.8025,147.2104,1,0,0,0,0,0
2004116,0,0,0,-67.8025,147.2104,1,0,0,0,0,0
2004117,0,0,0,-67.8025,147.2104,1,0,0,0,0,0
2004118,0,0,0,-67.8025,147.2104,1,0,0,0,0,0
2004119,0,0,0,-67.8025,147.2104,1,0,0,0,0,0
2004120,0,0,0,-67.8025,147.2104,1,0,0,0,0,0
2004121,0,0,0,-67.8025,147.2104,1,0,0,0,0,0
2004122,0,0,0,-67.8025,147.2104,1,0,0,0,0,0
2004123,0,0,0,-67.8025,147.2104,1,0,0,0,0,0
2004124,0,0,0,-67.8025,147.2104,1,0,0,0,0,0
2004125,0,0,0,-67.8025,147.2104,1,0,0,0,0,0
2004126,0,0,0,-67.8025,147.2104,1,0,0,0,0,0
2004127,0,0,0,-67.8025,147.2104,1,0,0,0,0,0
2004128,0,0,0,-67.8025,147.2104,1,0,0,0,0,0
2004129,0,0,0,-67.8025,147.2104,1,0,0,0,0,0
2004130,0,0,0,-67.8025,147.2104,1,0,0,0,0,0
2004131,0,0,0,-67.8025,147.2104,1,0,0,0,0,0
2004132,0,0,0,-67.8025,147.2104,1,0,0,0,0,0
2004133,0,0,0,-67.8025,147.2104,1,0,0,0,0,0
2004134,0,0,0,-67.8025,147.2104,1,0,0,0,0,0
2004135,0,0,0,-67.8025,147.2104,1,0,0,0,0,0
2004136,0,0,0,-67.8025,147.2104,1,0,0,0,0,0
2004137,0,0,0,-67.8025,147.2104,1,0,0,0,0,0
2004138,0,0,0,-67.8025,147.2104,1,0,0,0,0,0
2004139,0,0,0,-67.8025,147.2104,1,0,0,0,0,0
2004140,0,0,0,-67.8025,147.2104,1,0,0,0,0,0
2004141,0,0,0,-67.8025,147.2104,1,0,0,0,0,0
2004142,0,0,0,-67.8025,147.2104,1,0,0,0,0,0
2004143,0,0,0,-67.8025,147.2104,1,0,0,0,0,0
2004144,0,0,0,-67.8025,147.2104,1,0,0,0,0,0
2004145,0,0,0,-67.8025,147.2104,1,0,0,0,0,0
2004146,0,0,0,-67.8025,147.2104,1,0,0,0,0,0
2004147,0,0,0,-67.8025,147.2104,1,0,0,0,0,0
2004148,0,0,0,-67.8025,147.2104,1,0,0,0,0,0
2004149,0,0,0,-67.8025,147.2104,1,0,0,0,0,0
2004150,0,0,0,-67.8025,147.2104,1,0,0,0,0,0
2004151,0,0,0,-67.8025,147.2104,1,0,0,0,0,0
2004152,0,0,0,-67.8025,147.2104,1,0,0,0,0,0
2004153,0,0,0,-67.8025,147.2104,1,0,0,0,0,0
2004154,0,0,0,-67.8025,147.2104,1,0,0,0,0,0
2004155,0,0,0,-67.8025,147.2104,1,0,0,0,0,0
2004156,0,0,0,-67.8025,147.2104,1,0,0,0,0,0
2004157,0,0,0,-67.8025,147.2104,1,0,0,0,0,0
2004158,0,0,0,-67.8025,147.2104,1,0,0,0,0,0
2004159,0,0,0,-67.8025,147.2104,1,0,0,0,0,0
2004160,0,0,0,-67.8025,147.2104,1,0,0,0,0,0
2004161,0,0,0,-67.8025,147.2104,1,0,0,0,0,0
2004162,0,0,0,-67.8025,147.2104,1,0,0,0,0,0
2004163,0,0,0,-67.8025,147.2104,1,0,0,0,0,0
2004164,0,0,0,-67.8025,147.2104,1,0,0,0,0,0
2004165,0,0,0,-67.8025,147.2104,1,0,0,0,0,0
2004166,0,0,0,-67.8025,147.2104,1,0,0,0,0,0
2004167,0,0,0,-67.8025,147.2104,1,0,0,0,0,0
2004168,0,0,0,-67.8025,147.2104,1,0,0,0,0,0
2004169,0,0,0,-67.8025,147.2104,1,0,0,0,0,0
2004170,0,0,0,-67.8025,147.2104,1,0,0,0,0,0
2004171,0,0,0,-67.8025,147.2104,1,0,0,0,0,0
2004172,0,0,0,-67.8025,147.2104,1,0,0,0,0,0
2004173,0,0,0,-67.8025,147.2104,1,0,0,0,0,0
2004174,0,0,0,-67.8025,147.2104,1,0,0,0,0,0
2004175,0,0,0,-67.8025,147.2104,1,0,0,0,0,0
2004176,0,0,0,-67.8025,147.2104,1,0,0,0,0,0
2004177,0,0,0,-67.8025,147.2104,1,0,0,0,0,0
2004178,0,0,0,-67.8025,147.2104,1,0,0,0,0,0
2004179,0,0,0,-67.8025,147.2104,1,0,0,0,0,0
2004180,0,0,0,-67.8025,147.2104,1,0,0,0,0,0
